,Equity,Bond,BTC
2015-01-02,3768.679931640625,79.52924346923828,315.942731735827
2015-01-05,3700.030029296875,79.7021484375,275.003851548802
2015-01-06,3667.139892578125,79.90375518798828,287.549521040327
2015-01-07,3710.93994140625,79.88929748535156,297.535565166569
2015-01-08,3777.39990234375,79.76689147949219,284.342391876096
2015-01-09,3745.669921875,79.96133422851562,292.501114552893
2015-01-12,3715.360107421875,80.02619171142578,268.617232028054
2015-01-13,3706.14990234375,80.04778289794922,224.108117767388
2015-01-14,3684.719970703125,80.24224090576172,175.637640561075
2015-01-15,3650.739990234375,80.60950469970703,212.341011396844
2015-01-16,3699.7900390625,80.29985809326172,207.595204850964
2015-01-20,3705.639892578125,80.43667602539062,211.919853886616
2015-01-21,3723.6201171875,80.29263305664062,227.904210403273
2015-01-22,3780.510009765625,80.2494125366211,233.647382817066
2015-01-23,3759.760009765625,80.45109558105469,233.132852425482
2015-01-26,3769.449951171875,80.4150390625,273.952244886032
2015-01-27,3718.989990234375,80.37185668945312,264.753804500292
2015-01-28,3669.10009765625,80.71031951904297,235.735840444185
2015-01-29,3704.35009765625,80.64555358886719,233.957373465809
2015-01-30,3656.280029296875,80.93357849121094,228.896189947399
2015-02-02,3703.77001953125,80.9306869506836,240.092419929866
2015-02-03,3757.340087890625,80.62052917480469,227.775695791935
2015-02-04,3742.840087890625,80.7431640625,226.781134132087
2015-02-05,3782.110107421875,80.57726287841797,217.011151081239
2015-02-06,3770.199951171875,80.10840606689453,222.724969316189
2015-02-09,3754.360107421875,80.0939712524414,220.768493863238
2015-02-10,3794.6201171875,80.00740814208984,220.888154295734
2015-02-11,3795.820068359375,79.97138977050781,219.495859731151
2015-02-12,3833.35009765625,79.98577117919922,222.583227936879
2015-02-13,3849.2900390625,79.89203643798828,236.555363822326
2015-02-17,3856.0400390625,79.56742858886719,243.905794272355
2015-02-18,3855.0,79.79106903076172,235.995232320281
2015-02-19,3851.530029296875,79.72612762451172,241.872253945061
2015-02-20,3875.60009765625,79.74053192138672,245.530775277615
2015-02-23,3874.4599609375,79.88484191894531,239.066017825833
2015-02-24,3885.27001953125,80.23824310302734,239.869262127411
2015-02-25,3882.949951171875,80.29597473144531,238.236111046172
2015-02-26,3877.85009765625,80.00740814208984,237.044402396259
2015-02-27,3866.419921875,80.20944213867188,255.116774400935
2015-03-02,3890.320068359375,79.80195617675781,276.322613676213
2015-03-03,3872.7099609375,79.70074462890625,282.705900935126
2015-03-04,3856.510009765625,79.7441177368164,273.447536528346
2015-03-05,3861.2900390625,79.78022003173828,276.268809175921
2015-03-06,3807.0400390625,79.26002502441406,273.31811484512
2015-03-09,3822.419921875,79.46229553222656,290.130059029807
2015-03-10,3757.830078125,79.65015411376953,292.320383109293
2015-03-11,3751.199951171875,79.80913543701172,296.693329339568
2015-03-12,3799.429931640625,79.87416076660156,295.800344827586
2015-03-13,3776.43994140625,79.72240447998047,285.911026300409
2015-03-16,3827.6201171875,79.89583587646484,291.392118059614
2015-03-17,3814.909912109375,79.88139343261719,285.248396551724
2015-03-18,3861.389892578125,80.46662902832031,257.286160140269
2015-03-19,3842.6201171875,80.184814453125,262.092947983635
2015-03-20,3877.260009765625,80.43050384521484,262.966492109877
2015-03-23,3870.489990234375,80.44493103027344,266.777992986558
2015-03-24,3847.050048828125,80.66168975830078,246.835082992402
2015-03-25,3791.1298828125,80.50994110107422,246.719136762127
2015-03-26,3782.2099609375,80.22095489501953,249.532993571011
2015-03-27,3791.89990234375,80.3365707397461,247.378898305085
2015-03-30,3838.64990234375,80.3727035522461,248.336934541204
2015-03-31,3805.27001953125,80.50994110107422,244.712485680888
2015-04-01,3790.659912109375,80.7713394165039,247.185819403857
2015-04-02,3804.139892578125,80.66270446777344,253.630070426651
2015-04-06,3829.31005859375,80.71340942382812,256.367386908241
2015-04-07,3821.489990234375,80.72782135009766,254.831898012858
2015-04-08,3833.199951171875,80.73513793945312,245.825210403273
2015-04-09,3850.2900390625,80.53243255615234,243.860636177674
2015-04-10,3870.31005859375,80.53243255615234,235.871900642899
2015-04-13,3852.929931640625,80.6192855834961,225.505635885447
2015-04-14,3859.219970703125,80.70616912841797,219.757236703682
2015-04-15,3879.10009765625,80.81468963623047,223.313907948568
2015-04-16,3876.169921875,80.7713394165039,228.493815312683
2015-04-17,3832.330078125,80.83644104003906,222.785060198714
2015-04-20,3867.820068359375,80.77851867675781,224.894903565167
2015-04-21,3862.14990234375,80.69166564941406,234.939356516657
2015-04-22,3881.929931640625,80.45274353027344,233.822418760958
2015-04-23,3891.4599609375,80.57585144042969,235.933293687902
2015-04-24,3900.239990234375,80.71340942382812,231.458592343659
2015-04-27,3884.10009765625,80.74229431152344,227.325990356517
2015-04-28,3895.2099609375,80.43106842041016,225.549368790181
2015-04-29,3880.89990234375,80.2501220703125,225.66928842782
2015-04-30,3841.780029296875,80.2501220703125,236.327976037405
2015-05-01,3883.75,80.02238464355469,232.746582700175
2015-05-04,3895.159912109375,79.87008666992188,238.976661309176
2015-05-05,3849.409912109375,79.79753875732422,236.02338340152
2015-05-06,3833.699951171875,79.52921295166016,229.481219300429
2015-05-07,3849.1298828125,79.72505950927734,237.130687317358
2015-05-08,3901.010009765625,79.98611450195312,244.383472822911
2015-05-11,3881.929931640625,79.47843933105469,242.24983722969
2015-05-12,3870.68994140625,79.47119903564453,242.209092051432
2015-05-13,3870.360107421875,79.46395111083984,236.550265926359
2015-05-14,3912.52001953125,79.58722686767578,236.948916715371
2015-05-15,3915.989990234375,79.9207992553711,237.484502337814
2015-05-18,3928.14990234375,79.61622619628906,232.88384961543
2015-05-19,3926.409912109375,79.34065246582031,231.974446814728
2015-05-20,3923.179931640625,79.46395111083984,234.190306253653
2015-05-21,3932.89990234375,79.71058654785156,235.553821741672
2015-05-22,3924.159912109375,79.62345886230469,240.323203682057
2015-05-26,3883.8798828125,79.81928253173828,236.796261250731
2015-05-27,3920.110107421875,79.89910125732422,237.203596434833
2015-05-28,3915.820068359375,79.87008666992188,236.956881940386
2015-05-29,3891.179931640625,79.89910125732422,236.646526592636
2015-06-01,3899.590087890625,79.67818450927734,223.282701928697
2015-06-02,3895.85009765625,79.36577606201172,225.320800993571
2015-06-03,3904.830078125,79.05335998535156,225.213063413209
2015-06-04,3871.22998046875,79.22042083740234,223.54007685564
2015-06-05,3865.830078125,78.8717041015625,224.731071887785
2015-06-08,3841.449951171875,78.9879150390625,228.774291350088
2015-06-09,3843.159912109375,78.76266479492188,229.370529514904
2015-06-10,3889.699951171875,78.5665054321289,228.588487434249
2015-06-11,3897.590087890625,78.9879150390625,229.584411747516
2015-06-12,3870.56005859375,78.89352416992188,229.811218510228
2015-06-15,3852.75,78.9879150390625,236.7909628872
2015-06-16,3874.72998046875,79.11874389648438,251.432676797195
2015-06-17,3882.489990234375,79.12596893310547,247.969317650497
2015-06-18,3921.429931640625,79.10420227050781,249.012479544126
2015-06-19,3900.639892578125,79.35126495361328,244.803484219755
2015-06-22,3924.409912109375,78.95887756347656,247.017892460549
2015-06-23,3927.22998046875,78.7771987915039,244.184763296318
2015-06-24,3898.469970703125,78.9007568359375,240.451545295149
2015-06-25,3887.0400390625,78.8135757446289,242.347857685564
2015-06-26,3886.2099609375,78.62466430664062,242.967997369959
2015-06-29,3805.5,79.08969116210938,256.65022238457
2015-06-30,3815.85009765625,79.038818359375,263.854356864991
2015-07-01,3843.260009765625,78.83929443359375,258.042647574518
2015-07-02,3842.06005859375,78.94857025146484,254.747113383986
2015-07-06,3827.35009765625,79.23247528076172,269.137940093513
2015-07-07,3850.659912109375,79.34165954589844,266.469919053185
2015-07-08,3787.669921875,79.53095245361328,270.576142898889
2015-07-09,3796.260009765625,79.23970031738281,269.680304792519
2015-07-10,3843.10009765625,78.90485382080078,285.558780829924
2015-07-13,3885.969970703125,78.788330078125,292.649223845704
2015-07-14,3903.31005859375,78.91942596435547,287.740951490357
2015-07-15,3900.5,79.13052368164062,285.922885447107
2015-07-16,3931.85009765625,79.196044921875,278.532749269433
2015-07-17,3936.219970703125,79.20330047607422,280.064724722385
2015-07-20,3939.35009765625,79.06499481201172,279.114393045003
2015-07-21,3922.699951171875,79.196044921875,276.652412624196
2015-07-22,3913.75,79.23247528076172,277.764369082408
2015-07-23,3891.7900390625,79.4581298828125,276.811628579778
2015-07-24,3850.14990234375,79.44358825683594,289.305976329632
2015-07-27,3827.929931640625,79.5455551147461,294.426761835184
2015-07-28,3875.3701171875,79.46546173095703,295.410125268849
2015-07-29,3904.2099609375,79.39991760253906,289.85583635301
2015-07-30,3904.639892578125,79.40718078613281,288.236260666277
2015-07-31,3895.800048828125,79.72026824951172,284.597324371712
2015-08-03,3885.070068359375,79.80269622802734,282.185052308591
2015-08-04,3876.43994140625,79.56924438476562,285.286617475161
2015-08-05,3889.989990234375,79.4233627319336,282.338886908241
2015-08-06,3860.919921875,79.51820373535156,278.99574868498
2015-08-07,3849.9599609375,79.65679168701172,279.488715078901
2015-08-10,3899.360107421875,79.55465698242188,264.928825248393
2015-08-11,3862.81005859375,79.8172607421875,271.421736119229
2015-08-12,3867.3701171875,79.76619720458984,268.143868497954
2015-08-13,3863.030029296875,79.59844970703125,264.691627995324
2015-08-14,3878.159912109375,79.56194305419922,266.355941554646
2015-08-17,3899.10009765625,79.7005386352539,258.009398305085
2015-08-18,3889.60009765625,79.55465698242188,217.885883116937
2015-08-19,3857.739990234375,79.80269622802734,227.218251899474
2015-08-20,3776.360107421875,79.92671203613281,235.523883109293
2015-08-21,3656.669921875,80.06526947021484,232.80061783986
2015-08-24,3512.64990234375,80.03609466552734,211.955917592051
2015-08-25,3465.18994140625,79.84646606445312,222.655039450614
2015-08-26,3600.72998046875,79.47442626953125,226.116700175336
2015-08-27,3688.60009765625,79.5838623046875,224.939877264757
2015-08-28,3691.300048828125,79.51087188720703,232.17080829924
2015-08-31,3660.75,79.4525375366211,230.689466101695
2015-09-01,3552.64990234375,79.6878662109375,227.955570426651
2015-09-02,3618.25,79.5855712890625,229.502180709527
2015-09-03,3622.659912109375,79.70254516601562,227.107121566335
2015-09-04,3567.409912109375,79.87061309814453,231.177563413209
2015-09-08,3657.320068359375,79.68059539794922,244.174952659264
2015-09-09,3606.800048828125,79.70980072021484,238.722463179427
2015-09-10,3626.139892578125,79.62213897705078,238.750477206312
2015-09-11,3643.5400390625,79.7171630859375,240.845008116891
2015-09-14,3628.8701171875,79.73908233642578,230.948793980129
2015-09-15,3675.47998046875,79.38086700439453,230.398590005845
2015-09-16,3707.6201171875,79.31512451171875,229.043285797779
2015-09-17,3698.739990234375,79.81217193603516,233.202697837522
2015-09-18,3638.989990234375,79.87793731689453,233.175130917592
2015-09-21,3655.639892578125,79.66594696044922,226.773447983635
2015-09-22,3610.699951171875,79.85601043701172,230.626304792519
2015-09-23,3603.489990234375,79.79024505615234,230.132437755698
2015-09-24,3591.3701171875,79.89252471923828,234.319868497954
2015-09-25,3589.7099609375,79.75371551513672,235.538221800117
2015-09-28,3498.610107421875,79.9437026977539,240.017265341905
2015-09-29,3503.1298828125,80.06800842285156,237.336233781414
2015-09-30,3570.169921875,80.09722137451172,236.739848042081
2015-10-01,3577.469970703125,80.15946197509766,238.229813851549
2015-10-02,3629.0400390625,80.40111541748047,237.937007305669
2015-10-05,3695.610107421875,80.10090637207031,240.961213833431
2015-10-06,3682.330078125,80.29857635498047,246.940498246639
2015-10-07,3713.360107421875,80.24005889892578,243.734486849795
2015-10-08,3746.1201171875,80.13016510009766,243.029632963179
2015-10-09,3748.9599609375,80.06428527832031,244.448887492694
2015-10-12,3753.72998046875,80.26932525634766,246.093637346581
2015-10-13,3728.47998046875,80.27664184570312,250.471300701344
2015-10-14,3711.110107421875,80.57688903808594,253.142325540619
2015-10-15,3766.429931640625,80.46705627441406,254.693015002922
2015-10-16,3783.639892578125,80.38643646240234,262.737363237873
2015-10-19,3784.719970703125,80.46705627441406,264.362728229106
2015-10-20,3779.43994140625,80.3058853149414,270.832211864407
2015-10-21,3757.909912109375,80.496337890625,268.040217708942
2015-10-22,3820.489990234375,80.51097869873047,275.414956458212
2015-10-23,3862.64990234375,80.3718490600586,278.612778026885
2015-10-26,3855.2900390625,80.40848541259766,286.703382817066
2015-10-27,3845.449951171875,80.525634765625,295.562913793104
2015-10-28,3891.340087890625,80.28396606445312,304.442097019287
2015-10-29,3890.0400390625,79.93975830078125,314.879462302747
2015-10-30,3871.330078125,80.1521224975586,328.492321157218
2015-11-02,3917.300048828125,79.99437713623047,364.616627995324
2015-11-03,3928.050048828125,79.84764862060547,400.923105201637
2015-11-04,3915.52001953125,79.84764862060547,405.481681472823
2015-11-05,3911.889892578125,79.81095886230469,384.341222969024
2015-11-06,3910.97998046875,79.42938995361328,372.975417884278
2015-11-09,3873.3701171875,79.37797546386719,380.495644360023
2015-11-10,3880.22998046875,79.52474975585938,337.830502337814
2015-11-11,3867.7099609375,79.42200469970703,308.922185856225
2015-11-12,3814.2900390625,79.49543762207031,337.522988603156
2015-11-13,3771.590087890625,79.64956665039062,337.278958211572
2015-11-16,3828.4599609375,79.7155532836914,331.132725014611
2015-11-17,3824.139892578125,79.77428436279297,335.849786090006
2015-11-18,3886.260009765625,79.7155532836914,335.744504967855
2015-11-19,3882.06005859375,79.75222778320312,326.232145528931
2015-11-20,3897.449951171875,79.70089721679688,321.940475452951
2015-11-23,3892.800048828125,79.7229232788086,323.012556341321
2015-11-24,3897.669921875,79.79627227783203,319.961356527177
2015-11-25,3897.570068359375,79.83295440673828,328.960457334892
2015-11-27,3900.739990234375,79.81095886230469,359.268824371712
2015-11-30,3882.840087890625,79.84028625488281,377.389839859731
2015-12-01,3924.6298828125,80.12010192871094,362.532375803624
2015-12-02,3882.3798828125,80.02435302734375,359.22240414962
2015-12-03,3826.739990234375,79.43534088134766,361.210068088837
2015-12-04,3905.31005859375,79.69302368164062,363.241631794272
2015-12-07,3878.31005859375,79.81084442138672,395.346588252484
2015-12-08,3853.47998046875,79.84028625488281,413.798660432496
2015-12-09,3823.89990234375,79.84028625488281,417.632671244886
2015-12-10,3832.929931640625,79.82554626464844,415.729924313267
2015-12-11,3759.090087890625,80.02435302734375,453.86148012858
2015-12-14,3777.219970703125,79.64883422851562,442.991689655173
2015-12-15,3817.360107421875,79.65621948242188,464.617871712449
2015-12-16,3873.1201171875,79.51632690429688,454.142492402104
2015-12-17,3815.4599609375,79.62677001953125,456.240134611338
2015-12-18,3747.56005859375,79.79609680175781,463.175769725307
2015-12-21,3777.14990234375,79.72248840332031,437.640129456458
2015-12-22,3810.85009765625,79.6635971069336,435.268379018118
2015-12-23,3858.469970703125,79.64883422851562,442.665727060199
2015-12-24,3852.31005859375,79.68722534179688,455.878713033314
2015-12-28,3843.93994140625,79.68722534179688,421.052879602572
2015-12-29,3885.550048828125,79.48802185058594,431.340021332554
2015-12-30,3857.89990234375,79.47331237792969,426.043646990064
2015-12-31,3821.60009765625,79.68722534179688,429.677153419053
2016-01-04,3763.989990234375,79.65770721435547,433.44897106955
2016-01-05,3771.570068359375,79.69461059570312,432.669502630041
2016-01-06,3723.43994140625,79.99710083007812,430.677869666862
2016-01-07,3635.2900390625,79.98970031738281,459.208940093513
2016-01-08,3595.909912109375,80.16678619384766,454.134423728814
2016-01-11,3598.969970703125,79.93807220458984,449.033059029807
2016-01-12,3627.06005859375,80.11515808105469,441.768157218001
2016-01-13,3536.919921875,80.29959869384766,432.310645236704
2016-01-14,3596.030029296875,80.27008056640625,429.823224722385
2016-01-15,3518.510009765625,80.36600494384766,367.823199883109
2016-01-19,3520.39990234375,80.28482055664062,378.161725014611
2016-01-20,3479.75,80.35124206542969,420.622924168323
2016-01-21,3497.93994140625,80.24053955078125,409.298459672706
2016-01-22,3568.89990234375,80.29959869384766,381.046459380479
2016-01-25,3513.110107421875,80.25534057617188,391.986097311514
2016-01-26,3562.81005859375,80.35858917236328,391.142935125657
2016-01-27,3524.330078125,80.37339782714844,394.62753037405
2016-01-28,3544.1298828125,80.43975067138672,378.900995616599
2016-01-29,3631.9599609375,80.67587280273438,378.99999482291
2016-02-01,3630.4599609375,80.57825469970703,371.22343509059
2016-02-02,3562.52001953125,80.8222427368164,372.927631209819
2016-02-03,3581.530029296875,80.81489562988281,368.098206604325
2016-02-04,3587.7099609375,80.89618682861328,389.723081239042
2016-02-05,3521.60009765625,80.8222427368164,384.398413983051
2016-02-08,3472.080078125,81.13277435302734,370.814350327294
2016-02-09,3470.5,81.12535858154297,373.5116128609
2016-02-10,3471.0400390625,81.32498931884766,379.082611630625
2016-02-11,3428.989990234375,81.37677001953125,377.639165108124
2016-02-12,3496.280029296875,81.15493774414062,382.294456458212
2016-02-16,3555.199951171875,80.955322265625,407.035309468147
2016-02-17,3614.159912109375,80.91096496582031,415.324113383986
2016-02-18,3597.489990234375,81.15493774414062,421.289662981882
2016-02-19,3597.919921875,81.16973876953125,419.626528541204
2016-02-22,3649.919921875,81.19190979003906,437.535295094097
2016-02-23,3604.679931640625,81.2066879272461,420.032592609585
2016-02-24,3620.8701171875,81.23623657226562,423.995112507306
2016-02-25,3662.840087890625,81.44326782226562,424.090870251315
2016-02-26,3656.419921875,81.29541015625,431.762241963764
2016-02-29,3627.06005859375,81.39151763916016,437.775872589129
2016-03-01,3713.699951171875,81.14778900146484,432.807867153711
2016-03-02,3729.590087890625,81.05891418457031,423.079789392168
2016-03-03,3743.02001953125,81.15522003173828,419.268821332554
2016-03-04,3755.469970703125,81.02924346923828,407.990154295734
2016-03-07,3759.050048828125,81.00700378417969,413.22936616014
2016-03-08,3717.489990234375,81.20706939697266,411.425953243717
2016-03-09,3736.919921875,81.17005157470703,412.540703506721
2016-03-10,3737.739990234375,81.20706939697266,416.340928696669
2016-03-11,3800.070068359375,81.05891418457031,419.511934248977
2016-03-14,3795.530029296875,81.1033706665039,415.026957276446
2016-03-15,3788.6201171875,81.02924346923828,415.266400292227
2016-03-16,3810.090087890625,81.37742614746094,417.024118468732
2016-03-17,3835.260009765625,81.54783630371094,418.605363822326
2016-03-18,3852.14990234375,81.61448669433594,408.901587405026
2016-03-21,3855.969970703125,81.43669128417969,411.601774050263
2016-03-22,3853.179931640625,81.38487243652344,416.581653828171
2016-03-23,3828.580078125,81.56266784667969,417.378299532437
2016-03-24,3827.139892578125,81.57002258300781,413.560239918177
2016-03-28,3829.260009765625,81.62933349609375,422.917446814728
2016-03-29,3863.800048828125,81.87376403808594,415.863828755114
2016-03-30,3881.010009765625,81.84416961669922,412.777697779076
2016-03-31,3873.110107421875,82.10340881347656,415.956811221508
2016-04-01,3897.659912109375,82.03067779541016,417.20066025716
2016-04-04,3886.0,82.11231994628906,419.540727878434
2016-04-05,3846.590087890625,82.22366333007812,422.50136440678
2016-04-06,3888.409912109375,82.20880126953125,421.907191233197
2016-04-07,3841.97998046875,82.38697052001953,421.467220046756
2016-04-08,3852.719970703125,82.30531311035156,418.643460549386
2016-04-11,3842.169921875,82.36473083496094,423.273044009351
2016-04-12,3879.419921875,82.23110961914062,427.427664582116
2016-04-13,3918.949951171875,82.26824188232422,424.87251811806
2016-04-14,3920.030029296875,82.127197265625,425.8565949737
2016-04-15,3916.169921875,82.35731506347656,430.724418760959
2016-04-18,3941.860107421875,82.349853515625,429.656933664524
2016-04-19,3954.010009765625,82.34248352050781,437.568726183518
2016-04-20,3957.25,82.14203643798828,442.661653302163
2016-04-21,3936.800048828125,82.03067779541016,452.164702805377
2016-04-22,3937.0,82.03813934326172,448.134421332554
2016-04-25,3929.8798828125,81.94902801513672,465.31600666277
2016-04-26,3937.22998046875,81.91189575195312,469.60876452367
2016-04-27,3944.02001953125,82.1568832397461,445.741113091759
2016-04-28,3907.8798828125,82.32015228271484,451.060061776739
2016-04-29,3888.1298828125,82.31277465820312,457.009965225015
2016-05-02,3918.530029296875,82.25696563720703,444.933061192285
2016-05-03,3884.6298828125,82.4057388305664,451.628850379895
2016-05-04,3862.39990234375,82.44292449951172,448.367967562829
2016-05-05,3862.39990234375,82.65110778808594,449.336072472238
2016-05-06,3875.179931640625,82.52469635009766,461.693862361192
2016-05-09,3878.139892578125,82.57673645019531,463.462231677382
2016-05-10,3926.6298828125,82.61392974853516,451.079668322618
2016-05-11,3891.1298828125,82.61392974853516,453.896305260082
2016-05-12,3890.85009765625,82.53956604003906,455.607255932203
2016-05-13,3858.169921875,82.6957778930664,457.241902688486
2016-05-16,3896.360107421875,82.5544662475586,455.224077323203
2016-05-17,3860.8798828125,82.44292449951172,453.545777030976
2016-05-18,3862.25,82.1008071899414,454.486184102864
2016-05-19,3847.969970703125,82.1528549194336,437.724187142022
2016-05-20,3871.75,82.20496368408203,442.396799240211
2016-05-23,3863.820068359375,82.19002532958984,444.205057276447
2016-05-24,3916.77001953125,82.14542388916016,445.674454938632
2016-05-25,3944.330078125,82.16028594970703,450.54952717709
2016-05-26,3944.050048828125,82.2867431640625,454.43372238457
2016-05-27,3961.669921875,82.27185821533203,471.820117299825
2016-05-31,3957.949951171875,82.32390594482422,530.943692811221
2016-06-01,3963.10009765625,82.27769470214844,537.613678842782
2016-06-02,3974.760009765625,82.48633575439453,538.771243191116
2016-06-03,3963.22998046875,82.93341064453125,570.175988252484
2016-06-06,3982.739990234375,82.8216781616211,585.857149035652
2016-06-07,3987.9599609375,82.89617919921875,578.469240677966
2016-06-08,4001.97998046875,82.92598724365234,583.097585330216
2016-06-09,3995.280029296875,82.98558807373047,577.101699707773
2016-06-10,3958.679931640625,83.09735107421875,579.814993571011
2016-06-13,3927.72998046875,83.1644058227539,704.321778141438
2016-06-14,3920.929931640625,83.12718200683594,684.948319403857
2016-06-15,3914.02001953125,83.30595397949219,695.001468439509
2016-06-16,3926.929931640625,83.35814666748047,767.420031268264
2016-06-17,3914.14990234375,83.29853820800781,750.014633927528
2016-06-20,3936.909912109375,83.06756591796875,722.497452367037
2016-06-21,3947.93994140625,83.00798034667969,669.604204675628
2016-06-22,3941.449951171875,83.06011962890625,594.832974634716
2016-06-23,3994.179931640625,82.91857147216797,627.677855639977
2016-06-24,3850.699951171875,83.36563110351562,664.126985680889
2016-06-27,3781.02001953125,83.70093536376953,652.244807714787
2016-06-28,3849.050048828125,83.80524444580078,647.218768381064
2016-06-29,3915.10009765625,83.74559020996094,638.586345645821
2016-06-30,3968.2099609375,83.91703033447266,674.284814728229
2016-07-01,3976.679931640625,84.09771728515625,677.512385739334
2016-07-05,3949.719970703125,84.3216323852539,668.165981297487
2016-07-06,3972.260009765625,84.47837829589844,677.651333138515
2016-07-07,3969.18994140625,84.41868591308594,640.053236119229
2016-07-08,4029.75,84.54559326171875,665.051708357685
2016-07-11,4043.489990234375,84.3216323852539,650.272594681473
2016-07-12,4071.85009765625,84.06779479980469,670.023127995324
2016-07-13,4072.77001953125,84.18722534179688,658.333613383986
2016-07-14,4094.280029296875,84.11260986328125,660.905960198714
2016-07-15,4090.489990234375,83.80651092529297,666.758671127995
2016-07-18,4100.39990234375,83.82144927978516,675.118579193454
2016-07-19,4094.610107421875,83.99312591552734,674.660360315605
2016-07-20,4112.60986328125,83.91848754882812,667.305364874343
2016-07-21,4097.81982421875,83.99312591552734,666.851739333723
2016-07-22,4116.5,84.00809478759766,650.562911630625
2016-07-25,4104.1298828125,83.9110336303711,655.119577849211
2016-07-26,4105.56982421875,83.9110336303711,654.626339158387
2016-07-27,4100.81005859375,84.15738677978516,656.275146873174
2016-07-28,4107.75,84.14997863769531,656.196453360608
2016-07-29,4114.509765625,84.37387084960938,657.557567504383
2016-08-01,4109.27978515625,84.17719268798828,606.50924792519
2016-08-02,4083.25,83.93037414550781,526.981148334307
2016-08-03,4097.2998046875,84.02014923095703,570.347040911748
2016-08-04,4099.2099609375,84.17719268798828,583.542158036236
2016-08-05,4134.56005859375,83.89299774169922,581.279805669199
2016-08-08,4131.18994140625,83.9453353881836,591.629283869083
2016-08-09,4132.9599609375,84.16223907470703,587.932138223261
2016-08-10,4122.64990234375,84.25946044921875,589.968758328463
2016-08-11,4142.72021484375,84.03511810302734,589.585884687317
2016-08-12,4139.6298828125,84.2370376586914,587.19164956166
2016-08-15,4151.68994140625,84.08744049072266,566.564441320865
2016-08-16,4129.68017578125,84.03511810302734,578.414924137931
2016-08-17,4138.419921875,84.19213104248047,573.663744418469
2016-08-18,4147.64013671875,84.31182098388672,573.263191992987
2016-08-19,4142.22998046875,84.12482452392578,573.958457919345
2016-08-22,4139.97021484375,84.25199890136719,584.971897720631
2016-08-23,4148.16015625,84.2743911743164,582.627747399182
2016-08-24,4126.64990234375,84.24454498291016,578.701831677382
2016-08-25,4121.08984375,84.15476989746094,576.033436586791
2016-08-26,4114.68017578125,84.02014923095703,578.874653419053
2016-08-29,4136.75,84.25199890136719,573.429267562829
2016-08-30,4129.33984375,84.20709228515625,575.695698421976
2016-08-31,4120.2900390625,84.19213104248047,572.272758328463
2016-09-01,4120.169921875,84.26556396484375,572.221702045587
2016-09-02,4137.7001953125,84.1531982421875,576.846767387493
2016-09-06,4150.10986328125,84.33300018310547,612.995458270017
2016-09-07,4150.509765625,84.37799072265625,615.659819111631
2016-09-08,4141.4599609375,84.08573150634766,630.550172004676
2016-09-09,4039.949951171875,83.7186050415039,622.977884044418
2016-09-12,4099.47021484375,83.78605651855469,607.70737270602
2016-09-13,4039.919921875,83.55377197265625,608.694296317943
2016-09-14,4037.830078125,83.65863037109375,609.41308766803
2016-09-15,4079.320068359375,83.71110534667969,607.070262594974
2016-09-16,4063.969970703125,83.77104187011719,607.806438047925
2016-09-19,4063.93994140625,83.70359802246094,608.871306312098
2016-09-20,4065.199951171875,83.73355102539062,608.371748626534
2016-09-21,4109.6298828125,83.94342041015625,596.945756633548
2016-09-22,4136.41015625,84.11573028564453,595.564716540035
2016-09-23,4112.68994140625,84.09323120117188,602.378784921099
2016-09-26,4077.7099609375,84.19815063476562,606.778810637055
2016-09-27,4104.18017578125,84.30308532714844,605.151613734658
2016-09-28,4126.830078125,84.32550811767578,604.686494389246
2016-09-29,4088.469970703125,84.32550811767578,605.202561952075
2016-09-30,4121.06005859375,84.23561096191406,608.865840736412
2016-10-03,4108.1298828125,84.14025115966797,612.590347399182
2016-10-04,4088.169921875,83.85501861572266,610.007881355932
2016-10-05,4107.39990234375,83.74243927001953,612.147780946815
2016-10-06,4109.490234375,83.74243927001953,611.76086277031
2016-10-07,4096.25,83.75743865966797,617.905705143191
2016-10-10,4115.1201171875,83.71989440917969,618.0852
2016-10-11,4063.919921875,83.59227752685547,642.981387258913
2016-10-12,4068.919921875,83.62232971191406,636.59793220339
2016-10-13,4056.449951171875,83.74243927001953,635.444095324372
2016-10-14,4057.280029296875,83.59980010986328,639.586090298071
2016-10-17,4045.070068359375,83.74243927001953,639.137536469901
2016-10-18,4069.989990234375,83.87757873535156,635.576508591467
2016-10-19,4079.5,83.9225845336914,629.640708036236
2016-10-20,4074.179931640625,83.8925552368164,628.598901110462
2016-10-21,4073.85009765625,83.94508361816406,630.90620338983
2016-10-24,4093.219970703125,83.81751251220703,650.027167153711
2016-10-25,4077.800048828125,83.81751251220703,655.792505084746
2016-10-26,4070.760009765625,83.65235137939453,675.109869316189
2016-10-27,4058.75,83.442138671875,686.523327060199
2016-10-28,4046.360107421875,83.442138671875,690.390654938632
2016-10-31,4045.889892578125,83.54725646972656,698.897727995325
2016-11-01,4018.469970703125,83.50209045410156,730.578480011689
2016-11-02,3992.760009765625,83.59989166259766,740.367055523086
2016-11-03,3976.56005859375,83.48709869384766,689.939206954997
2016-11-04,3970.02001953125,83.66011047363281,705.432016656926
2016-11-07,4058.300048828125,83.56230163574219,706.181216773816
2016-11-08,4075.610107421875,83.42694091796875,711.835846580947
2016-11-09,4121.02978515625,82.65230560302734,721.50150993571
2016-11-10,4129.4599609375,82.31385040283203,713.407615604909
2016-11-11,4123.68994140625,82.16349029541016,715.703310637055
2016-11-14,4123.81005859375,81.83253479003906,705.643584161309
2016-11-15,4155.6201171875,81.89270782470703,712.3471528346
2016-11-16,4150.2099609375,82.07321166992188,742.050117592051
2016-11-17,4169.8701171875,81.76485443115234,735.318080537697
2016-11-18,4160.580078125,81.50167846679688,749.57872729398
2016-11-21,4191.68017578125,81.5693130493164,736.506983927528
2016-11-22,4200.9501953125,81.64454650878906,747.997677966102
2016-11-23,4204.490234375,81.35873413085938,741.240317942724
2016-11-25,4221.02001953125,81.35124206542969,739.685200175336
2016-11-28,4199.39013671875,81.63697814941406,730.082483752192
2016-11-29,4205.990234375,81.72725677490234,731.646435710111
2016-11-30,4195.72998046875,81.40385437011719,742.20445131502
2016-12-01,4181.14990234375,81.13561248779297,753.674910111046
2016-12-02,4182.81005859375,81.39177703857422,772.302382729398
2016-12-05,4207.56982421875,81.45964813232422,752.670726241964
2016-12-06,4222.0400390625,81.44454193115234,759.117325774401
2016-12-07,4278.43994140625,81.65556335449219,764.987650087668
2016-12-08,4288.10009765625,81.50480651855469,767.659224634717
2016-12-09,4313.60986328125,81.25617218017578,771.902321098773
2016-12-12,4308.93994140625,81.18084716796875,778.506599064874
2016-12-13,4337.85986328125,81.28632354736328,778.930694564582
2016-12-14,4302.93017578125,80.84176635742188,776.963961484512
2016-12-15,4319.83984375,80.7437973022461,776.176781998831
2016-12-16,4312.39990234375,80.79654693603516,782.230215897136
2016-12-19,4321.02001953125,81.00755310058594,790.279031677382
2016-12-20,4337.35986328125,80.93219757080078,799.777520748101
2016-12-21,4326.85009765625,81.10547637939453,828.4836792519
2016-12-22,4319.330078125,81.10472106933594,858.50143395675
2016-12-23,4325.169921875,81.12738800048828,915.562438340152
2016-12-27,4334.93017578125,81.06700134277344,925.950810461719
2016-12-28,4299.4501953125,81.19538116455078,979.960973991818
2016-12-29,4298.39013671875,81.44456481933594,973.462559438925
2016-12-30,4278.66015625,81.61074829101562,961.182658153127
2017-01-03,4315.080078125,81.69384002685547,1032.60905318527
2017-01-04,4340.75,81.71646118164062,1134.49644535359
2017-01-05,4337.4501953125,82.05635070800781,1000.49812893045
2017-01-06,4354.0498046875,81.78446197509766,892.463955639977
2017-01-09,4338.6201171875,81.92035675048828,903.508666803039
2017-01-10,4338.64013671875,81.8977279663086,906.498947399182
2017-01-11,4351.31982421875,81.99591827392578,788.314655990649
2017-01-12,4342.08984375,82.026123046875,807.109833547633
2017-01-13,4350.10986328125,81.88262176513672,826.746927410871
2017-01-17,4337.2001953125,82.16205596923828,906.026828112215
2017-01-18,4345.56982421875,81.80712127685547,881.259815371128
2017-01-19,4329.9599609375,81.59564971923828,902.263869959088
2017-01-20,4344.669921875,81.62582397460938,895.174516189363
2017-01-23,4333.10009765625,81.8523941040039,919.115744126242
2017-01-24,4361.56005859375,81.72400665283203,887.743193804792
2017-01-25,4396.56982421875,81.50497436523438,895.690033255406
2017-01-26,4393.43017578125,81.55783081054688,916.6674685564
2017-01-27,4389.85009765625,81.62582397460938,920.454463471654
2017-01-30,4363.669921875,81.58808898925781,920.313260783168
2017-01-31,4359.81005859375,81.78446197509766,968.499105669199
2017-02-01,4362.10009765625,81.66940307617188,987.532590414962
2017-02-02,4364.85009765625,81.71481323242188,1007.7043659848
2017-02-03,4396.9501953125,81.73748779296875,1015.30203945061
2017-02-06,4387.669921875,81.97209167480469,1023.3174811806
2017-02-07,4388.8701171875,82.05534362792969,1053.62445902981
2017-02-08,4393.31005859375,82.2899169921875,1052.36764535359
2017-02-09,4419.39990234375,82.09321594238281,982.751939450614
2017-02-10,4435.419921875,82.07805633544922,996.650153126827
2017-02-13,4459.830078125,81.95697784423828,999.953184979545
2017-02-14,4478.97998046875,81.77537536621094,1012.2134635301
2017-02-15,4501.990234375,81.64673614501953,1013.90384050263
2017-02-16,4498.56005859375,81.82074737548828,1036.80686475745
2017-02-17,4506.2001953125,82.00239562988281,1058.66992033898
2017-02-21,4533.4599609375,81.99481201171875,1128.85529316189
2017-02-22,4528.97021484375,82.04780578613281,1129.70179064874
2017-02-23,4531.39013671875,82.18399810791016,1188.86178550555
2017-02-24,4539.25,82.4866714477539,1185.48889158387
2017-02-27,4544.509765625,82.33539581298828,1194.15245014611
2017-02-28,4532.93017578125,82.31265258789062,1188.39994073641
2017-03-01,4595.72998046875,81.92597198486328,1228.45965061368
2017-03-02,4569.169921875,81.77426147460938,1262.93146738749
2017-03-03,4571.60009765625,81.83493041992188,1289.36319111631
2017-03-06,4556.72021484375,81.7970199584961,1282.25465663355
2017-03-07,4543.75,81.69086456298828,1234.47646206897
2017-03-08,4534.68017578125,81.49369049072266,1152.13938924606
2017-03-09,4538.35986328125,81.24346923828125,1193.45552659264
2017-03-10,4553.27978515625,81.36476135253906,1098.53014903565
2017-03-13,4556.43994140625,81.22830963134766,1239.39629631794
2017-03-14,4541.259765625,81.25860595703125,1246.53656487434
2017-03-15,4579.43994140625,81.7287368774414,1258.65138147282
2017-03-16,4572.16015625,81.63777923583984,1178.02075037989
2017-03-17,4566.169921875,81.81222534179688,1072.08253816482
2017-03-20,4557.1201171875,81.93354034423828,1037.7563458796
2017-03-21,4500.97998046875,82.10031127929688,1111.81826358854
2017-03-22,4509.64990234375,82.21409606933594,1037.30257013442
2017-03-23,4504.919921875,82.23685455322266,1028.17285628288
2017-03-24,4501.10986328125,82.16861724853516,935.063496201052
2017-03-27,4496.52978515625,82.36575317382812,1042.91919777908
2017-03-28,4529.169921875,82.1761703491211,1045.16293161894
2017-03-29,4535.009765625,82.35814666748047,1039.68861578025
2017-03-30,4548.4599609375,82.20648193359375,1037.98766142607
2017-03-31,4538.2099609375,82.26714324951172,1081.74353109293
2017-04-03,4530.97998046875,82.5726089477539,1144.6647710111
2017-04-04,4534.25,82.49665832519531,1141.92191870251
2017-04-05,4520.85986328125,82.58779907226562,1135.81164377557
2017-04-06,4530.93017578125,82.5802230834961,1194.59645938048
2017-04-07,4527.2001953125,82.39784240722656,1191.73145108124
2017-04-10,4530.56982421875,82.50421142578125,1211.64987621274
2017-04-11,4524.7099609375,82.73977661132812,1229.78493290473
2017-04-12,4507.759765625,82.9221420288086,1216.11436785506
2017-04-13,4477.06982421875,83.02851104736328,1172.5583396844
2017-04-17,4515.64990234375,82.9829330444336,1191.90120146113
2017-04-18,4502.66015625,83.31727600097656,1202.13145803624
2017-04-19,4495.56005859375,83.18812561035156,1209.56090888369
2017-04-20,4529.64990234375,83.05887603759766,1235.80307451783
2017-04-21,4515.89990234375,83.08173370361328,1247.33607025132
2017-04-24,4564.93017578125,82.96012115478516,1257.23944225599
2017-04-25,4592.740234375,82.68655395507812,1279.86471741672
2017-04-26,4590.56005859375,82.79298400878906,1296.48545745178
2017-04-27,4593.56982421875,82.86896514892578,1345.8899556692
2017-04-28,4584.81982421875,83.01333618164062,1347.98515552309
2017-05-01,4592.77978515625,82.79938507080078,1436.9414880187
2017-05-02,4598.240234375,82.9135513305664,1463.81906846873
2017-05-03,4593.31982421875,82.82980346679688,1519.40894447691
2017-05-04,4596.240234375,82.76127624511719,1539.8300515488
2017-05-05,4615.08984375,82.77649688720703,1529.85044301578
2017-05-08,4615.72998046875,82.61656951904297,1685.08649631794
2017-05-09,4611.2099609375,82.62419891357422,1719.22801355932
2017-05-10,4618.18994140625,82.6470718383789,1782.499
2017-05-11,4609.68994140625,82.639404296875,1835.48754821742
2017-05-12,4602.9599609375,82.94401550292969,1704.66164108708
2017-05-15,4625.509765625,82.9135513305664,1736.88284611338
2017-05-16,4623.259765625,83.02017974853516,1757.02694856809
2017-05-17,4540.580078125,83.44664764404297,1808.74606469901
2017-05-18,4557.41015625,83.40094757080078,1894.24726455289
2017-05-19,4588.35009765625,83.40094757080078,1967.54554769141
2017-05-22,4612.1201171875,83.3476333618164,2078.94350002922
2017-05-23,4620.7001953125,83.18771362304688,2257.28836382233
2017-05-24,4632.3701171875,83.33243560791016,2415.00722665108
2017-05-25,4653.58984375,83.37051391601562,2319.60137866745
2017-05-26,4655.64990234375,83.34002685546875,2279.4185836353
2017-05-30,4650.759765625,83.49994659423828,2167.26447790766
2017-05-31,4649.33984375,83.58366394042969,2299.43261025716
2017-06-01,4685.10986328125,83.5455551147461,2399.88763194039
2017-06-02,4702.56005859375,83.82025146484375,2479.4238943308
2017-06-05,4697.0,83.69053649902344,2685.31891671537
2017-06-06,4683.9599609375,83.85841369628906,2871.34167735243
2017-06-07,4692.2900390625,83.75919342041016,2706.76000885447
2017-06-08,4693.669921875,83.67526245117188,2802.56354681473
2017-06-09,4689.7900390625,83.60661315917969,2804.87226691993
2017-06-12,4685.5400390625,83.60661315917969,2665.43326995909
2017-06-13,4707.8798828125,83.62950134277344,2707.13782402104
2017-06-14,4703.52978515625,83.89656829833984,2443.82445137347
2017-06-15,4693.85986328125,83.8431625366211,2409.886764173
2017-06-16,4695.22998046875,83.89656829833984,2476.35909538282
2017-06-19,4734.47998046875,83.78207397460938,2589.64221338399
2017-06-20,4702.81982421875,83.911865234375,2733.22655628288
2017-06-21,4700.5,83.9271469116211,2639.26131420222
2017-06-22,4698.39990234375,83.96527862548828,2686.64751431911
2017-06-23,4705.72998046875,83.98052978515625,2685.87047101111
2017-06-26,4707.27001953125,84.05682373046875,2426.36505119813
2017-06-27,4669.27001953125,83.80500030517578,2530.34553600234
2017-06-28,4711.330078125,83.83555603027344,2562.79226420222
2017-06-29,4670.9599609375,83.67526245117188,2540.44303161894
2017-06-30,4678.35986328125,83.56843566894531,2452.71206428989
2017-07-03,4689.60986328125,83.41934967041016,2551.92743173583
2017-07-05,4697.33984375,83.46520233154297,2608.10489117475
2017-07-06,4655.02001953125,83.30464172363281,2603.19547369959
2017-07-07,4684.8798828125,83.27401733398438,2495.78092220923
2017-07-10,4689.25,83.31227111816406,2319.36689736996
2017-07-11,4685.64013671875,83.38871002197266,2319.16744061952
2017-07-12,4720.27978515625,83.64108276367188,2374.88626645237
2017-07-13,4729.25,83.54933166503906,2343.73834824664
2017-07-14,4751.43017578125,83.63343048095703,2214.82523728814
2017-07-17,4751.330078125,83.67164611816406,2215.74629614261
2017-07-18,4754.27001953125,83.86286163330078,2303.7611458796
2017-07-19,4780.25,83.8857421875,2257.06523588545
2017-07-20,4779.83984375,83.90874481201172,2823.89792635885
2017-07-21,4778.06982421875,84.05401611328125,2666.1397182934
2017-07-24,4773.10009765625,83.97754669189453,2755.1595242256
2017-07-25,4787.0400390625,83.67933654785156,2558.69299894798
2017-07-26,4788.41015625,83.83992004394531,2522.32464628872
2017-07-27,4784.259765625,83.71757507324219,2665.14754649328
2017-07-28,4778.02001953125,83.8857421875,2793.83348486265
2017-07-31,4774.56005859375,83.84754943847656,2862.61129088252
2017-08-01,4786.27001953125,84.07742309570312,2727.38918199883
2017-08-02,4789.5400390625,84.01614379882812,2690.14567197545
2017-08-03,4779.990234375,84.18474578857422,2789.74631244886
2017-08-04,4789.10986328125,84.04678344726562,2860.27284324956
2017-08-07,4797.1298828125,84.03913116455078,3392.56241864407
2017-08-08,4786.1201171875,83.9625015258789,3425.67661659848
2017-08-09,4784.93994140625,84.03913116455078,3347.21543161894
2017-08-10,4717.39990234375,84.12344360351562,3437.03215546464
2017-08-11,4723.72998046875,84.19237518310547,3660.52053728813
2017-08-14,4771.43017578125,84.15406036376953,4304.60393120982
2017-08-15,4770.14990234375,84.03148651123047,4160.0305458796
2017-08-16,4778.27978515625,84.18474578857422,4364.67857463472
2017-08-17,4704.72998046875,84.30734252929688,4308.51686142607
2017-08-18,4696.22021484375,84.2536849975586,4108.50716218586
2017-08-21,4701.81982421875,84.31501770019531,3992.62603524255
2017-08-22,4748.72998046875,84.23835754394531,4074.33046125073
2017-08-23,4732.759765625,84.4299545288086,4146.9153452367
2017-08-24,4723.02978515625,84.32266235351562,4325.81642799532
2017-08-25,4731.4599609375,84.38399505615234,4353.13177255991
2017-08-28,4733.97021484375,84.4146499633789,4379.76392068966
2017-08-29,4738.6201171875,84.53723907470703,4600.45683097604
2017-08-30,4761.72021484375,84.52190399169922,4586.63273670368
2017-08-31,4789.18017578125,84.63682556152344,4740.35621770894
2017-09-01,4798.990234375,84.44488525390625,4918.16624488603
2017-09-05,4762.75,84.7904281616211,4454.05253769725
2017-09-06,4777.68994140625,84.69824981689453,4607.51652980713
2017-09-07,4777.93017578125,84.90560150146484,4635.11187580362
2017-09-08,4771.02001953125,84.80577087402344,4345.45765634132
2017-09-11,4822.7998046875,84.5754165649414,4212.54757334892
2017-09-12,4839.31005859375,84.45254516601562,4164.31943424898
2017-09-13,4843.0400390625,84.36810302734375,3887.11858679135
2017-09-14,4839.2900390625,84.41415405273438,3247.4687390415
2017-09-15,4848.83984375,84.39875793457031,3699.22294389246
2017-09-18,4856.080078125,84.36041259765625,4080.42844301578
2017-09-19,4861.52001953125,84.31432342529297,3925.73619023963
2017-09-20,4864.60986328125,84.24519348144531,3895.777078609
2017-09-21,4849.9501953125,84.22984313964844,3617.24346580947
2017-09-22,4853.2001953125,84.29127502441406,3619.2137182934
2017-09-25,4842.41015625,84.49095153808594,3918.73807130333
2017-09-26,4843.14013671875,84.4601821899414,3890.09093687902
2017-09-27,4862.93017578125,84.21450805664062,4207.78748538866
2017-09-28,4869.81005859375,84.22216796875,4187.76979631794
2017-09-29,4887.97021484375,84.1530532836914,4155.01011981298
2017-10-02,4906.919921875,84.20458221435547,4386.8757150789
2017-10-03,4917.72998046875,84.27386474609375,4306.56464202221
2017-10-04,4924.18994140625,84.25078582763672,4216.68482144944
2017-10-05,4952.85009765625,84.21231842041016,4319.42091583869
2017-10-06,4949.08984375,84.08918762207031,4365.91571040327
2017-10-09,4940.16015625,84.20458221435547,4777.53465692577
2017-10-10,4951.77001953125,84.21231842041016,4741.07791496201
2017-10-11,4960.7900390625,84.22769927978516,4814.96711805962
2017-10-12,4952.85009765625,84.3277359008789,5393.66898275862
2017-10-13,4957.27001953125,84.53550720214844,5614.07751461134
2017-10-16,4966.0498046875,84.45088958740234,5756.14881180596
2017-10-17,4969.3798828125,84.42007446289062,5590.41632437171
2017-10-18,4973.27978515625,84.28926086425781,5583.8704257744
2017-10-19,4975.31982421875,84.3508071899414,5708.31299094097
2017-10-20,5001.10986328125,84.10458374023438,6000.88313033314
2017-10-23,4981.3701171875,84.19693756103516,5888.25001665693
2017-10-24,4989.56005859375,84.01994323730469,5517.77535330216
2017-10-25,4966.2900390625,83.96611022949219,5736.01780157802
2017-10-26,4972.60009765625,83.87373352050781,5900.31772910579
2017-10-27,5012.75,84.0584487915039,5771.94504617183
2017-10-30,4997.14990234375,84.28926086425781,6119.25638398597
2017-10-31,5002.02978515625,84.23541259765625,6428.51463705435
2017-11-01,5009.990234375,84.27242279052734,6726.41183459965
2017-11-02,5011.47998046875,84.31867980957031,7043.77793892461
2017-11-03,5027.490234375,84.39580535888672,7198.63211075394
2017-11-06,5034.2998046875,84.47289276123047,6985.26384395091
2017-11-07,5033.3798828125,84.49602508544922,7118.20254383402
2017-11-08,5040.740234375,84.44204711914062,7451.21278667446
2017-11-09,5023.009765625,84.38040161132812,7117.73804967855
2017-11-10,5020.31005859375,84.04108428955078,6620.56733635301
2017-11-13,5025.35986328125,84.04108428955078,6519.44517212157
2017-11-14,5014.52978515625,84.12590789794922,6592.37439713618
2017-11-15,4987.9599609375,84.28779602050781,7257.37321215664
2017-11-16,5030.47998046875,84.19532012939453,7833.7044333723
2017-11-17,5017.4501953125,84.28779602050781,7729.03327001753
2017-11-20,5024.009765625,84.24156951904297,8269.87425745178
2017-11-21,5056.9501953125,84.3263931274414,8091.99808357686
2017-11-22,5053.60009765625,84.47289276123047,8249.59733021625
2017-11-24,5064.22998046875,84.45748901367188,8232.42233313851
2017-11-27,5062.85009765625,84.45748901367188,9730.72857948568
2017-11-28,5112.91015625,84.45748901367188,9932.19418001169
2017-11-29,5111.68017578125,84.24930572509766,9800.02755172414
2017-11-30,5155.43994140625,84.1104965209961,9996.71497194623
2017-12-01,5145.2099609375,84.35079193115234,10808.9583325541
2017-12-04,5139.91015625,84.3430404663086,11562.1285669199
2017-12-05,5120.919921875,84.4280776977539,11736.7540672122
2017-12-06,5120.4599609375,84.51309204101562,13992.1323372297
2017-12-07,5136.3701171875,84.40493774414062,17032.2933763881
2017-12-08,5165.18994140625,84.3740234375,16298.4873386908
2017-12-11,5181.75,84.3430404663086,16873.4977849211
2017-12-12,5189.9599609375,84.30447387695312,17433.9307381648
2017-12-13,5187.68017578125,84.54399108886719,16515.15257218
2017-12-14,5167.4501953125,84.56715393066406,16602.8928033314
2017-12-15,5214.10009765625,84.59033203125,17702.0021721216
2017-12-18,5242.27978515625,84.4822006225586,18982.0250242548
2017-12-19,5225.43017578125,84.2348861694336,17653.3260894214
2017-12-20,5221.7900390625,84.04170989990234,16453.6272603741
2017-12-21,5232.16015625,84.11590576171875,15633.8336504968
2017-12-22,5229.7900390625,84.15459442138672,14305.7183436587
2017-12-26,5224.509765625,84.22412872314453,15727.1454792519
2017-12-27,5229.009765625,84.48694610595703,15389.0005739334
2017-12-28,5239.58984375,84.42510986328125,14289.4522095266
2017-12-29,5212.759765625,84.51016235351562,14571.7460821157
2018-01-02,5256.27978515625,84.38646697998047,14754.322204851
2018-01-03,5289.919921875,84.39418029785156,15010.2861595558
2018-01-04,5312.330078125,84.34010314941406,15070.3007986558
2018-01-05,5349.68994140625,84.28597259521484,16997.2274079486
2018-01-08,5358.68017578125,84.26276397705078,14937.4150894214
2018-01-09,5367.259765625,84.03089141845703,14378.5862174167
2018-01-10,5361.330078125,84.03089141845703,14669.0882656341
2018-01-11,5399.4599609375,84.069580078125,13186.7549427236
2018-01-12,5435.919921875,84.0540771484375,13789.4436639392
2018-01-16,5416.85986328125,84.07725524902344,11431.0401052016
2018-01-17,5467.85009765625,83.98450469970703,11159.6085905903
2018-01-18,5459.5,83.79899597167969,11246.0397302747
2018-01-19,5483.56982421875,83.6212387084961,11440.2555616598
2018-01-22,5527.89013671875,83.59027099609375,10737.3505774401
2018-01-23,5540.1298828125,83.79127502441406,10849.3918793103
2018-01-24,5537.02978515625,83.70625305175781,11225.8961747516
2018-01-25,5540.3798828125,83.92265319824219,11130.4649473992
2018-01-26,5606.080078125,83.76803588867188,11035.5546098773
2018-01-29,5568.669921875,83.6212387084961,11132.5543138515
2018-01-30,5508.35986328125,83.4898452758789,9959.54671537113
2018-01-31,5511.2099609375,83.55937957763672,10050.0957971946
2018-02-01,5508.7001953125,83.29753112792969,9039.86507510228
2018-02-02,5392.2099609375,83.04961395263672,8786.0773798948
2018-02-05,5171.259765625,83.38274383544922,6849.54255932203
2018-02-06,5262.02001953125,83.14258575439453,7738.64395967271
2018-02-07,5235.83984375,82.95662689208984,7624.59538953828
2018-02-08,5040.06005859375,82.81719207763672,8218.58085184103
2018-02-09,5116.990234375,82.708740234375,8660.45346785505
2018-02-12,5188.3701171875,82.73199462890625,8907.67017913501
2018-02-13,5202.22021484375,82.75521850585938,8523.96693191116
2018-02-14,5273.43017578125,82.476318359375,9467.3010327294
2018-02-15,5338.35009765625,82.57704162597656,10106.7330835769
2018-02-16,5340.81982421875,82.73973846435547,10189.3164833431
2018-02-20,5309.990234375,82.65450286865234,11245.9323179427
2018-02-21,5280.91015625,82.39114379882812,10458.8650888369
2018-02-22,5286.490234375,82.39887237548828,9878.15894272355
2018-02-23,5371.56005859375,82.60800170898438,10159.0656125073
2018-02-26,5435.3798828125,82.66999816894531,10312.3657130333
2018-02-27,5367.08984375,82.49182891845703,10654.1072948568
2018-02-28,5308.08984375,82.71646881103516,10307.0249663939
2018-03-01,5238.18017578125,82.79022979736328,10923.6308617767
2018-03-02,5265.240234375,82.65826416015625,11014.0584672706
2018-03-05,5323.35986328125,82.6116943359375,11540.6623205728
2018-03-06,5337.68994140625,82.62718963623047,10677.0352308591
2018-03-07,5335.47021484375,82.6116943359375,9903.0850490941
2018-03-08,5360.72998046875,82.74365234375,9330.47545295149
2018-03-09,5454.02978515625,82.58831787109375,9278.13918439509
2018-03-12,5447.10009765625,82.63496398925781,9147.89018059615
2018-03-13,5412.75,82.74365234375,9160.54293278784
2018-03-14,5383.27001953125,82.88337707519531,8222.12723904149
2018-03-15,5379.39013671875,82.89115905761719,8268.58912244302
2018-03-16,5388.740234375,82.84461212158203,8376.90449824664
2018-03-19,5312.22998046875,82.7591781616211,8537.0156233197
2018-03-20,5320.2001953125,82.62718963623047,8895.54717913501
2018-03-21,5310.9599609375,82.61941528320312,8879.5942565751
2018-03-22,5177.52001953125,82.77474212646484,8710.66493512566
2018-03-23,5069.02978515625,82.77474212646484,8771.74632349503
2018-03-26,5206.68994140625,82.74365234375,8171.18435447107
2018-03-27,5116.75,82.9843521118164,7837.26531940386
2018-03-28,5102.68994140625,83.03091430664062,7933.64272969024
2018-03-29,5173.18994140625,83.27165222167969,7108.5708132671
2018-04-02,5057.68994140625,83.18838500976562,7033.25960958504
2018-04-03,5121.7001953125,83.094970703125,7420.80051548802
2018-04-04,5181.31005859375,83.1260986328125,6780.54360140269
2018-04-05,5217.6201171875,83.00940704345703,6798.42261659848
2018-04-06,5103.35009765625,83.19615936279297,6610.49234979544
2018-04-09,5121.89990234375,83.26616668701172,6736.89282378726
2018-04-10,5207.72998046875,83.20392608642578,6816.71861542957
2018-04-11,5179.18994140625,83.27394104003906,6944.78585710111
2018-04-12,5222.5498046875,83.08720397949219,7904.33027527762
2018-04-13,5207.56982421875,83.11055755615234,7919.06469462303
2018-04-16,5249.93994140625,83.1260986328125,8046.98213354763
2018-04-17,5305.89990234375,83.14945983886719,7887.73795791935
2018-04-18,5310.31982421875,82.91596984863281,8162.83486177674
2018-04-19,5280.56982421875,82.71368408203125,8272.96731589714
2018-04-20,5235.75,82.48802947998047,8839.5011320865
2018-04-23,5236.0400390625,82.44908142089844,8930.78463354763
2018-04-24,5166.10009765625,82.3401107788086,9652.21378872005
2018-04-25,5175.58984375,82.231201171875,8855.50893658679
2018-04-26,5229.60986328125,82.37130737304688,9264.72742694331
2018-04-27,5235.72998046875,82.47245025634766,8981.33079018118
2018-04-30,5193.0400390625,82.48802947998047,9228.7264836353
2018-05-01,5206.31005859375,82.41780090332031,9072.16875745178
2018-05-02,5168.7900390625,82.41780090332031,9204.12764056108
2018-05-03,5157.7001953125,82.51140594482422,9750.70014640561
2018-05-04,5224.7099609375,82.56597137451172,9696.64290999416
2018-05-07,5242.8701171875,82.52696990966797,9339.5108471654
2018-05-08,5241.52978515625,82.43338775634766,9212.36963471654
2018-05-09,5292.89990234375,82.33978271484375,9293.04227352425
2018-05-10,5343.7001953125,82.52696990966797,9037.53050905903
2018-05-11,5354.68994140625,82.56597137451172,8419.75858737581
2018-05-14,5359.66015625,82.48800659179688,8671.07417475161
2018-05-15,5323.22998046875,82.12137603759766,8488.463421391
2018-05-16,5346.330078125,82.02781677246094,8327.75620134424
2018-05-17,5343.2900390625,81.91862487792969,8050.51623933372
2018-05-18,5329.66015625,82.12921905517578,8233.08645528931
2018-05-21,5369.18994140625,82.13704681396484,8398.62312653419
2018-05-22,5352.4501953125,82.13704681396484,8007.52653214495
2018-05-23,5369.990234375,82.36322021484375,7520.86767913501
2018-05-24,5359.31982421875,82.58941650390625,7575.62448597312
2018-05-25,5347.31005859375,82.76876068115234,7425.37567445938
2018-05-29,5285.7001953125,83.31473541259766,7453.63372501461
2018-05-30,5353.759765625,83.10411834716797,7374.6690490941
2018-05-31,5318.10009765625,83.03396606445312,7478.74186703682
2018-06-01,5376.2900390625,82.93156433105469,7519.83573728814
2018-06-04,5400.5,82.7361068725586,7486.65319959088
2018-06-05,5404.6201171875,82.79866790771484,7611.14985271771
2018-06-06,5451.08984375,82.61103820800781,7650.77580713033
2018-06-07,5448.18017578125,82.79084014892578,7665.9478962595
2018-06-08,5465.419921875,82.67352294921875,7622.60233021625
2018-06-11,5471.2900390625,82.5875244140625,6849.45268731736
2018-06-12,5481.06982421875,82.61103820800781,6526.69968001169
2018-06-13,5459.2099609375,82.53285217285156,6306.51316803039
2018-06-14,5474.3701171875,82.7439193725586,6629.77012419638
2018-06-15,5469.3701171875,82.77515411376953,6399.67404646406
2018-06-18,5457.830078125,82.79084014892578,6703.81258971362
2018-06-19,5436.1298828125,82.87682342529297,6732.50880917592
2018-06-20,5445.43017578125,82.72047424316406,6753.20682583285
2018-06-21,5411.39990234375,82.7439193725586,6720.37323436587
2018-06-22,5421.6298828125,82.82207489013672,6059.5758591467
2018-06-25,5347.22998046875,82.77515411376953,6243.53544097019
2018-06-26,5359.009765625,82.90808868408203,6096.12876621859
2018-06-27,5312.89013671875,83.05659484863281,6139.18968322618
2018-06-28,5346.43994140625,83.048828125,5858.63577819988
2018-06-29,5350.830078125,83.11917877197266,6220.9137150789
2018-07-02,5367.490234375,83.04003143310547,6608.367157218
2018-07-03,5340.93017578125,83.21239471435547,6498.3078591467
2018-07-05,5388.27978515625,83.29075622558594,6535.29840268849
2018-07-06,5434.35986328125,83.37693786621094,6598.45909585038
2018-07-09,5483.89013671875,83.29859161376953,6664.02409351257
2018-07-10,5503.0498046875,83.23591613769531,6309.08400409118
2018-07-11,5464.009765625,83.26725769042969,6377.97651139684
2018-07-12,5512.35986328125,83.36909484863281,6159.46667621274
2018-07-13,5518.330078125,83.44747161865234,6208.98557188779
2018-07-16,5512.919921875,83.35346984863281,6710.80743746347
2018-07-17,5534.91015625,83.32209014892578,7320.59482787843
2018-07-18,5546.85986328125,83.29859161376953,7376.03833927528
2018-07-19,5525.509765625,83.42399597167969,7467.0342980713
2018-07-20,5520.5,83.2593994140625,7327.25668293396
2018-07-23,5530.66015625,82.96956634521484,7716.15862741087
2018-07-24,5557.3701171875,83.08702850341797,8397.61652162478
2018-07-25,5607.990234375,83.0948715209961,8202.72039538282
2018-07-26,5590.990234375,83.04788970947266,7913.93077819989
2018-07-27,5554.31005859375,83.11056518554688,8173.7746113384
2018-07-30,5522.81005859375,83.02436065673828,8171.83951928697
2018-07-31,5549.9599609375,83.0948715209961,7725.13303594389
2018-08-01,5544.18994140625,83.00930786132812,7596.6980119813
2018-08-02,5572.080078125,83.0406723022461,7542.69466189363
2018-08-03,5598.7099609375,83.2213134765625,7411.34425014611
2018-08-06,5619.0498046875,83.27631378173828,6929.99089421391
2018-08-07,5634.97998046875,83.12709045410156,6722.57843278784
2018-08-08,5633.669921875,83.12709045410156,6267.3886735827
2018-08-09,5627.0,83.24491882324219,6558.09690794857
2018-08-10,5588.66015625,83.4255142211914,6135.75185856224
2018-08-13,5566.35986328125,83.47261810302734,6265.84804383402
2018-08-14,5602.41015625,83.39413452148438,6184.82908562244
2018-08-15,5560.85009765625,83.51188659667969,6270.21479865576
2018-08-16,5606.56005859375,83.55902099609375,6290.7504552893
2018-08-17,5625.66015625,83.6061019897461,6563.07828872005
2018-08-20,5639.52978515625,83.77107238769531,6272.95272881356
2018-08-21,5651.39013671875,83.70036315917969,6473.07603945061
2018-08-22,5649.31005859375,83.77107238769531,6365.00983167738
2018-08-23,5640.10009765625,83.72392272949219,6516.40902542373
2018-08-24,5675.1201171875,83.81816864013672,6697.73187872589
2018-08-27,5719.2998046875,83.7082290649414,6839.15895236704
2018-08-28,5720.89013671875,83.55119323730469,7092.97380829924
2018-08-29,5754.0,83.53544616699219,7033.42806808884
2018-08-30,5729.4501953125,83.57475280761719,6966.96374371713
2018-08-31,5730.7998046875,83.56687927246094,7025.14078024547
2018-09-04,5721.85986328125,83.4739761352539,7358.81147895967
2018-09-05,5705.85986328125,83.43463897705078,6790.89732846289
2018-09-06,5686.7001953125,83.57633209228516,6488.07593687902
2018-09-07,5674.580078125,83.2772216796875,6408.65362244301
2018-09-10,5685.33984375,83.35596466064453,6295.3886025716
2018-09-11,5706.990234375,83.21429443359375,6278.42463968439
2018-09-12,5709.080078125,83.26934814453125,6327.53636323787
2018-09-13,5740.75,83.32444763183594,6490.91231648159
2018-09-14,5743.18994140625,83.16703033447266,6494.69547895967
2018-09-17,5711.2900390625,83.16703033447266,6258.59487492694
2018-09-18,5742.18017578125,82.98603820800781,6340.34779018118
2018-09-19,5749.39013671875,82.82859802246094,6383.95187580362
2018-09-20,5794.72021484375,82.93880462646484,6498.60711104617
2018-09-21,5792.72021484375,83.00177001953125,6741.14289888954
2018-09-24,5772.35986328125,82.92303466796875,6576.5450032145
2018-09-25,5765.25,82.8836898803711,6416.44402162478
2018-09-26,5746.27001953125,83.08049011230469,6463.25040356517
2018-09-27,5763.22021484375,83.13555145263672,6677.90048860316
2018-09-28,5763.419921875,83.04895782470703,6623.12615984804
2018-10-01,5784.4501953125,83.02689361572266,6561.81383226184
2018-10-02,5782.3701171875,83.12153625488281,6508.72093863238
2018-10-03,5786.47998046875,82.72711944580078,6464.45684365868
2018-10-04,5740.56005859375,82.49041748046875,6545.28566773816
2018-10-05,5708.89990234375,82.30897521972656,6585.14957977791
2018-10-08,5706.66015625,82.27741241455078,6604.68527410871
2018-10-09,5700.22998046875,82.3957748413086,6590.42862215079
2018-10-10,5512.93994140625,82.37207794189453,6529.10243600234
2018-10-11,5399.5400390625,82.61669158935547,6159.25164260666
2018-10-12,5476.830078125,82.64031219482422,6191.67722326125
2018-10-15,5444.60986328125,82.5850601196289,6442.71541408533
2018-10-16,5561.7998046875,82.6324234008789,6461.93715926359
2018-10-17,5560.6201171875,82.46675872802734,6442.73070017534
2018-10-18,5481.1298828125,82.41153717041016,6396.47981209819
2018-10-19,5479.2998046875,82.34053802490234,6383.07784015196
2018-10-22,5455.8798828125,82.3247299194336,6408.03363559322
2018-10-23,5426.080078125,82.42735290527344,6395.98766686149
2018-10-24,5258.60986328125,82.64031219482422,6413.80364114553
2018-10-25,5356.5400390625,82.5693130493164,6402.3248591467
2018-10-26,5263.740234375,82.75865936279297,6404.10855230859
2018-10-29,5229.27978515625,82.67192077636719,6263.0417346581
2018-10-30,5311.669921875,82.55355834960938,6272.16772822911
2018-10-31,5369.490234375,82.51408386230469,6306.31693132671
2018-11-01,5426.330078125,82.72260284423828,6342.97750058445
2018-11-02,5392.52978515625,82.4768295288086,6348.16858270018
2018-11-05,5422.8798828125,82.5323486328125,6402.94683898305
2018-11-06,5457.25,82.54027557373047,6441.14521887785
2018-11-07,5573.06005859375,82.61163330078125,6500.86980508475
2018-11-08,5562.0,82.46099090576172,6406.75293746347
2018-11-09,5511.7900390625,82.56404876708984,6331.37876709527
2018-11-12,5403.18994140625,82.69881439208984,6320.65605376972
2018-11-13,5395.3701171875,82.73050689697266,6267.9379912332
2018-11-14,5355.93994140625,82.73844909667969,5574.25834891876
2018-11-15,5414.43017578125,82.84154510498047,5538.56060783168
2018-11-16,5426.85986328125,82.976318359375,5496.01623115137
2018-11-19,5336.7001953125,82.9683837890625,4792.20002367037
2018-11-20,5240.22998046875,82.93665313720703,4317.53067007598
2018-11-21,5256.60986328125,82.99214172363281,4549.32200993571
2018-11-23,5222.43017578125,82.9683837890625,4289.89285330216
2018-11-26,5304.169921875,82.95250701904297,3700.28599269433
2018-11-27,5321.52001953125,82.976318359375,3776.55590531853
2018-11-28,5444.1201171875,83.1348648071289,4208.47526914085
2018-11-29,5433.490234375,83.17451477050781,4239.03948831093
2018-11-30,5478.91015625,83.15071868896484,3973.33405230859
2018-12-03,5538.85986328125,83.28661346435547,3843.9766659848
2018-12-04,5359.91015625,83.50914001464844,3892.95164699006
2018-12-06,5353.43017578125,83.71578216552734,3511.96898158971
2018-12-07,5229.43994140625,83.8270492553711,3372.99569257744
2018-12-10,5238.7001953125,83.88263702392578,3413.59258416131
2018-12-11,5237.10009765625,83.90650939941406,3352.56420017534
2018-12-12,5265.52978515625,83.84292602539062,3423.01291788428
2018-12-13,5265.4599609375,83.86673736572266,3260.34158240795
2018-12-14,5165.60009765625,83.89057159423828,3198.94747369959
2018-12-17,5058.580078125,84.03366088867188,3499.15648188194
2018-12-18,5059.33984375,84.280517578125,3659.52737931035
2018-12-19,4981.919921875,84.36011505126953,3697.72530333139
2018-12-20,4903.4599609375,84.280517578125,4067.73770777323
2018-12-21,4802.509765625,84.24068450927734,3839.08510841613
2018-12-24,4672.66015625,84.29643249511719,4040.04578959673
2018-12-26,4904.490234375,84.13719177246094,3807.65745353594
2018-12-27,4946.93994140625,84.27252960205078,3585.46053594389
2018-12-28,4941.60986328125,84.58311462402344,3881.05488486265
2018-12-31,4984.22021484375,84.79810333251953,3687.19994009351
2019-01-02,4990.56005859375,84.8618392944336,3898.1974880187
2019-01-03,4868.2998046875,85.21220397949219,3784.38863471654
2019-01-04,5035.4501953125,84.95741271972656,3827.52459438925
2019-01-07,5070.759765625,84.81404113769531,4001.01827819988
2019-01-08,5120.0400390625,84.75032043457031,3992.6227893045
2019-01-09,5142.66015625,84.8219985961914,4004.25903565167
2019-01-10,5165.89013671875,84.7264633178711,3627.90345002922
2019-01-11,5165.14990234375,84.84588623046875,3624.16142109877
2019-01-14,5138.580078125,84.7264633178711,3666.94519374635
2019-01-15,5193.77978515625,84.74237823486328,3581.29301548802
2019-01-16,5205.4501953125,84.81404113769531,3606.98657568673
2019-01-17,5245.47998046875,84.75032043457031,3640.12913062536
2019-01-18,5314.77978515625,84.6866455078125,3609.42673611923
2019-01-22,5239.75,84.75830078125,3577.30834979544
2019-01-23,5251.2900390625,84.84588623046875,3551.89382115722
2019-01-24,5258.68994140625,84.9892349243164,3567.58893366452
2019-01-25,5303.509765625,84.94943237304688,3561.35049795441
2019-01-28,5261.8798828125,84.90166473388672,3435.05251402689
2019-01-29,5254.31005859375,85.12456512451172,3395.82376329632
2019-01-30,5336.60009765625,85.31570434570312,3437.89586616014
2019-01-31,5383.6298828125,85.57054901123047,3410.13161601403
2019-02-01,5389.18994140625,85.3932876586914,3445.04989129164
2019-02-04,5425.7998046875,85.32146453857422,3411.38796171829
2019-02-05,5451.39990234375,85.50503540039062,3426.46501139684
2019-02-06,5439.7998046875,85.45720672607422,3367.50636499123
2019-02-07,5389.68994140625,85.49706268310547,3358.87359906487
2019-02-08,5395.1201171875,85.68867492675781,3612.47961922852
2019-02-11,5399.0,85.60084533691406,3590.6184836353
2019-02-12,5468.97998046875,85.61686706542969,3587.90246580947
2019-02-13,5485.97021484375,85.46514129638672,3576.08537258913
2019-02-14,5473.330078125,85.59286499023438,3561.91638340152
2019-02-15,5533.27001953125,85.65675354003906,3565.00692372881
2019-02-19,5541.97998046875,85.70466613769531,3895.43521098773
2019-02-20,5552.89990234375,85.71261596679688,3931.61382904734
2019-02-21,5533.7998046875,85.5210189819336,3892.26179427236
2019-02-22,5569.4501953125,85.73658752441406,3948.30051052016
2019-02-25,5577.08984375,85.71261596679688,3822.01869666861
2019-02-26,5572.740234375,85.80841827392578,3796.17506838106
2019-02-27,5570.56982421875,85.62481689453125,3799.3819924021
2019-02-28,5556.490234375,85.47313690185547,3792.94772296902
2019-03-01,5595.10986328125,85.33468627929688,3810.63269257744
2019-03-04,5573.52978515625,85.43873596191406,3698.16185505552
2019-03-05,5567.39990234375,85.49474334716797,3840.1280490941
2019-03-06,5531.33984375,85.62279510498047,3851.99842548218
2019-03-07,5487.56005859375,85.86285400390625,3855.92316832262
2019-03-08,5476.39013671875,85.97496032714844,3839.23355289304
2019-03-11,5556.77001953125,85.9828872680664,3851.56892168323
2019-03-12,5556.77001953125,86.14299011230469,3858.91482378726
2019-03-13,5612.56005859375,86.10295104980469,3851.95746639392
2019-03-14,5609.58984375,85.97496032714844,3853.78326504968
2019-03-15,5637.77001953125,86.19102478027344,3901.91420689655
2019-03-18,5658.72998046875,86.17496490478516,3969.44014582116
2019-03-19,5658.14990234375,86.12696838378906,3996.16790356517
2019-03-20,5641.740234375,86.47911834716797,4030.65527586207
2019-03-21,5703.27978515625,86.49510192871094,3976.27385008767
2019-03-22,5595.5,86.92724609375,3983.88764582116
2019-03-25,5591.22998046875,87.08731842041016,3908.23883869082
2019-03-26,5631.39013671875,87.10331726074219,3917.76340210403
2019-03-27,5605.31982421875,87.28740692138672,4027.00791788428
2019-03-28,5626.31982421875,87.29539489746094,4010.93746201052
2019-03-29,5664.4599609375,87.28740692138672,4089.46104003507
2019-04-01,5730.0400390625,86.88785552978516,4138.41780771479
2019-04-02,5730.35009765625,86.9841537475586,4903.71946206897
2019-04-03,5742.669921875,86.82369995117188,4960.22760274693
2019-04-04,5755.9599609375,86.88785552978516,4911.26970245471
2019-04-05,5782.7001953125,86.95205688476562,5033.22548369375
2019-04-08,5788.85986328125,86.91194152832031,5283.42302483928
2019-04-09,5755.490234375,86.96009063720703,5195.57790882525
2019-04-10,5775.990234375,87.12852478027344,5311.74160327294
2019-04-11,5776.27978515625,87.02426147460938,5050.66600859147
2019-04-12,5815.0400390625,86.8558120727539,5082.86143202805
2019-04-15,5811.509765625,86.83978271484375,5042.89773845704
2019-04-16,5814.4599609375,86.6873550415039,5205.96295745178
2019-04-17,5801.830078125,86.67931365966797,5226.35221519579
2019-04-18,5811.1298828125,86.7916259765625,5278.5023395675
2019-04-22,5817.16015625,86.6873550415039,5383.79997533606
2019-04-23,5868.8798828125,86.83978271484375,5544.86271186441
2019-04-24,5856.02978515625,87.04031372070312,5431.94791963764
2019-04-25,5853.8701171875,87.03227233886719,5127.67316738749
2019-04-26,5881.47998046875,87.20878601074219,5150.16466066628
2019-04-29,5888.0498046875,87.05635070800781,5148.80049327878
2019-04-30,5893.81005859375,87.11251831054688,5266.61820251315
2019-05-01,5849.64990234375,87.16883087158203,5315.17532904734
2019-05-02,5837.4599609375,86.97582244873047,5393.12937638808
2019-05-03,5894.2998046875,87.1205825805664,5658.43038836938
2019-05-06,5868.4501953125,87.2331314086914,5691.68837405026
2019-05-07,5771.58984375,87.33765411376953,5825.744893045
2019-05-08,5762.47998046875,87.32158660888672,5931.8005949737
2019-05-09,5747.080078125,87.36982727050781,6150.14044476914
2019-05-10,5770.43994140625,87.38592529296875,6357.46349357101
2019-05-13,5631.41015625,87.53064727783203,7798.90573600234
2019-05-14,5677.2001953125,87.60302734375,7955.5576823495
2019-05-15,5711.490234375,87.75579071044922,8215.2068383986
2019-05-16,5763.9501953125,87.6512680053711,7862.07160233782
2019-05-17,5730.89013671875,87.6754150390625,7326.92068188194
2019-05-20,5692.2998046875,87.55477142333984,7981.13937895967
2019-05-21,5740.81005859375,87.5467529296875,7983.80847738165
2019-05-22,5724.7099609375,87.69149017333984,7667.90211484512
2019-05-23,5657.10009765625,87.9488296508789,7897.4712936879
2019-05-24,5665.60009765625,87.98099517822266,7987.10036762127
2019-05-28,5618.18017578125,88.10963439941406,8719.12584833431
2019-05-29,5579.509765625,88.13377380371094,8655.48850613676
2019-05-30,5591.97021484375,88.36698150634766,8271.62196317942
2019-05-31,5519.27001953125,88.77705383300781,8556.222185564
2019-06-03,5504.0498046875,88.98662567138672,8173.40127054354
2019-06-04,5622.31005859375,88.90606689453125,7649.93933196961
2019-06-05,5668.89013671875,88.85767364501953,7798.54446639392
2019-06-06,5705.22021484375,88.84156799316406,7776.71332612507
2019-06-07,5765.66015625,89.0914535522461,8023.950093045
2019-06-10,5792.56005859375,88.85767364501953,7993.30253857393
2019-06-11,5790.830078125,88.84156799316406,7922.48362711864
2019-06-12,5779.1201171875,88.95441436767578,8146.75612507306
2019-06-13,5804.52978515625,89.14784240722656,8232.77734137931
2019-06-14,5795.9599609375,89.12364959716797,8698.00481502046
2019-06-17,5801.39990234375,89.09950256347656,9340.57218877849
2019-06-18,5857.9501953125,89.3413314819336,9047.13274447691
2019-06-19,5875.4501953125,89.64759826660156,9285.05567656341
2019-06-20,5931.66015625,89.80073547363281,9546.71977819988
2019-06-21,5924.5400390625,89.56698608398438,10083.4863136762
2019-06-24,5914.2900390625,89.72818756103516,11004.2069094681
2019-06-25,5858.1298828125,89.74430084228516,11726.2638308007
2019-06-26,5850.89990234375,89.54278564453125,12863.4606849795
2019-06-27,5874.14990234375,89.79265594482422,11109.7978418469
2019-06-28,5908.25,89.75239562988281,12358.2079582116
2019-07-01,5953.6298828125,89.81863403320312,10569.5517282291
2019-07-02,5971.2900390625,89.98017120361328,10766.0833162186
2019-07-03,5982.89990234375,90.12559509277344,11952.0248935126
2019-07-05,6008.31005859375,89.74591064453125,10998.3991004676
2019-07-08,5979.33984375,89.69746398925781,12319.6228758036
2019-07-09,5988.47998046875,89.6732406616211,12579.107616014
2019-07-10,6015.56005859375,89.73782348632812,12106.7829313267
2019-07-11,6029.330078125,89.40662384033203,11294.678028346
2019-07-12,6057.77001953125,89.50357818603516,11813.3237158971
2019-07-15,6058.830078125,89.6328125,10926.3802741087
2019-07-16,6038.39990234375,89.53587341308594,9471.14086475745
2019-07-17,5999.0498046875,89.77013397216797,9674.88246113384
2019-07-18,6021.14990234375,89.91556549072266,10679.8906896552
2019-07-19,5984.2001953125,89.81055450439453,10532.2027291058
2019-07-22,6001.27978515625,89.92363739013672,10318.5609251899
2019-07-23,6042.47998046875,89.83476257324219,9866.64894038574
2019-07-24,6071.0498046875,89.96405029296875,9792.78753652835
2019-07-25,6039.1298828125,89.82669830322266,9897.18678603156
2019-07-26,6083.81982421875,89.84285736083984,9836.69678813559
2019-07-29,6074.009765625,89.88328552246094,9504.15891595558
2019-07-30,6058.9599609375,89.8751449584961,9589.10920601987
2019-07-31,5993.169921875,89.91556549072266,10059.0040189947
2019-08-01,5939.830078125,90.62004852294922,10400.3070143776
2019-08-02,5897.10009765625,90.65247344970703,10529.6944544126
2019-08-05,5721.7998046875,91.04926300048828,11790.0239375804
2019-08-06,5796.72021484375,91.29218292236328,11423.4970017534
2019-08-07,5801.31982421875,91.24357604980469,11967.2735473407
2019-08-08,5911.66015625,91.3326187133789,11938.2346108708
2019-08-09,5873.47021484375,91.21119689941406,11858.3410984804
2019-08-12,5802.14013671875,91.5431900024414,11384.6962465809
2019-08-13,5890.16015625,91.41360473632812,10867.05475827
2019-08-14,5719.2998046875,91.69701385498047,10024.3795917008
2019-08-15,5734.490234375,92.11811828613281,10310.0858696669
2019-08-16,5818.169921875,92.04522705078125,10373.3219028054
2019-08-19,5888.93017578125,91.80233001708984,10884.6297744009
2019-08-20,5842.759765625,92.05335235595703,10771.3923793688
2019-08-21,5891.18994140625,92.00474548339844,10096.8302238457
2019-08-22,5888.3701171875,91.76185607910156,10119.7145248393
2019-08-23,5735.6298828125,92.13433837890625,10414.1441725891
2019-08-26,5799.33984375,92.09382629394531,10362.6434723553
2019-08-27,5780.7900390625,92.38536071777344,10168.221571654
2019-08-28,5818.83984375,92.39344024658203,9724.79997808299
2019-08-29,5893.64990234375,92.3367919921875,9482.31173495032
2019-08-30,5898.22998046875,92.417724609375,9577.67882349503
2019-09-03,5857.9501953125,92.39582061767578,10618.7815058445
2019-09-04,5921.9599609375,92.55812072753906,10577.2410839275
2019-09-05,6000.3798828125,92.16044616699219,10580.1846995909
2019-09-06,6006.06982421875,92.25784301757812,10330.8497312098
2019-09-09,6005.990234375,91.86827087402344,10332.4644424313
2019-09-10,6008.1201171875,91.37317657470703,10085.9519243133
2019-09-11,6051.8701171875,91.38941192626953,10142.1480603741
2019-09-12,6070.22998046875,91.24327850341797,10403.3599707773
2019-09-13,6067.5,90.69951629638672,10345.3387469316
2019-09-16,6048.669921875,90.94303131103516,10257.822761543
2019-09-17,6064.31005859375,91.08097076416016,10195.6111811806
2019-09-18,6066.419921875,91.18648529052734,10161.3188664524
2019-09-19,6066.89990234375,91.3163833618164,10268.3926291642
2019-09-20,6037.5,91.64910888671875,10170.1251161309
2019-09-23,6036.89990234375,91.689697265625,9692.74104792519
2019-09-24,5986.580078125,91.9413070678711,8613.67124850965
2019-09-25,6023.4599609375,91.55982971191406,8424.15764640561
2019-09-26,6009.18994140625,91.71405029296875,8091.69529924021
2019-09-27,5978.10986328125,91.82766723632812,8186.77963927528
2019-09-30,6008.58984375,91.85199737548828,8282.3654541204
2019-10-01,5935.2001953125,92.01876068115234,8314.55139012273
2019-10-02,5828.93017578125,92.08384704589844,8362.53073232028
2019-10-03,5876.85986328125,92.44175720214844,8254.33991028638
2019-10-04,5960.43017578125,92.58818817138672,8165.68615125658
2019-10-07,5933.759765625,92.33602142333984,8226.02342928112
2019-10-08,5841.56982421875,92.36856079101562,8190.1151207481
2019-10-09,5896.60009765625,92.31974792480469,8598.3319207481
2019-10-10,5934.56005859375,92.0025405883789,8578.09037931034
2019-10-11,6000.0400390625,91.70152282714844,8289.85402893045
2019-10-14,5991.72021484375,91.8561019897461,8346.36843658679
2019-10-15,6051.39013671875,91.55512237548828,8160.71262752776
2019-10-16,6039.68994140625,91.71781921386719,8003.85592314436
2019-10-17,6056.83984375,91.693359375,8072.48938229106
2019-10-18,6033.259765625,91.75847625732422,7959.33199357101
2019-10-21,6074.89990234375,91.50628662109375,8211.65455873758
2019-10-22,6053.419921875,91.64460754394531,8029.20537288136
2019-10-23,6070.8701171875,91.71781921386719,7458.03585680889
2019-10-24,6082.5400390625,91.74221801757812,7454.37113816482
2019-10-25,6107.419921875,91.61205291748047,8656.65517755699
2019-10-28,6141.509765625,91.41680908203125,9319.17814167154
2019-10-29,6136.47021484375,91.4249496459961,9431.20712390415
2019-10-30,6156.93017578125,91.68528747558594,9182.85506516657
2019-10-31,6138.72998046875,92.0431900024414,9155.27729877265
2019-11-01,6198.58984375,92.0684585571289,9251.38129345412
2019-11-04,6221.6298828125,91.84019470214844,9418.36013062537
2019-11-05,6214.27978515625,91.49774932861328,9330.78722296902
2019-11-06,6219.10009765625,91.63636779785156,9354.93338229106
2019-11-07,6238.990234375,91.2042465209961,9210.74822238457
2019-11-08,6256.10986328125,91.1553726196289,8791.33393495032
2019-11-11,6243.81005859375,91.1716537475586,8713.20792957335
2019-11-12,6253.91015625,91.26947784423828,8788.95814295734
2019-11-13,6258.580078125,91.43253326416016,8766.72943050848
2019-11-14,6265.419921875,91.69342041015625,8645.43580362361
2019-11-15,6314.740234375,91.6445083618164,8465.87788854471
2019-11-18,6318.02001953125,91.81573486328125,8183.53341350088
2019-11-19,6314.66015625,91.88093566894531,8116.82067258913
2019-11-20,6292.169921875,92.10108947753906,8076.55466008182
2019-11-21,6282.58984375,91.97058868408203,7612.2774880187
2019-11-22,6296.33984375,92.01956176757812,7277.52427323203
2019-11-25,6344.35986328125,92.1092300415039,7139.04468597312
2019-11-26,6358.4599609375,92.23968505859375,7165.43773027469
2019-11-27,6385.759765625,92.12551879882812,7526.86381654004
2019-11-29,6361.56005859375,92.01138305664062,7747.73804208066
2019-12-02,6306.8798828125,91.91007995605469,7318.31252180012
2019-12-03,6265.22021484375,92.3267593383789,7306.44623331385
2019-12-04,6305.490234375,92.17150115966797,7215.02034482759
2019-12-05,6316.68994140625,92.06532287597656,7404.0867949737
2019-12-06,6374.7001953125,91.93457794189453,7534.2083559322
2019-12-09,6355.06982421875,91.98362731933594,7340.22745908825
2019-12-10,6348.31005859375,91.9509506225586,7232.09178375219
2019-12-11,6366.83984375,92.19603729248047,7200.46444599649
2019-12-12,6422.35009765625,91.80384826660156,7192.84902425482
2019-12-13,6423.93017578125,92.17150115966797,7244.90372004676
2019-12-16,6470.02978515625,91.98362731933594,6882.39579532437
2019-12-17,6472.240234375,91.99176788330078,6608.96197983635
2019-12-18,6470.0,91.81204223632812,7284.6254836353
2019-12-19,6499.259765625,91.91104125976562,7146.16763763881
2019-12-20,6531.75,91.92745971679688,7184.21917206312
2019-12-23,6537.39990234375,91.86196899414062,7321.7487238457
2019-12-24,6536.580078125,91.97653198242188,7235.62908381064
2019-12-26,6570.7099609375,92.0583724975586,7194.63975832846
2019-12-27,6571.02978515625,92.18114471435547,7237.15044728229
2019-12-30,6533.91015625,92.18114471435547,7229.3971006429
2019-12-31,6553.56982421875,91.96837615966797,7167.39505464641
2020-01-02,6609.2900390625,92.22208404541016,6946.82526914085
2020-01-03,6563.31982421875,92.49215698242188,7315.3093603156
2020-01-06,6586.5400390625,92.41847229003906,7765.7977346581
2020-01-07,6568.740234375,92.32028198242188,8136.08684190532
2020-01-08,6601.14990234375,92.21383666992188,8059.69952887201
2020-01-09,6646.83984375,92.31209564208984,7817.13609322034
2020-01-10,6627.8701171875,92.46763610839844,8129.81791992987
2020-01-13,6674.1298828125,92.41031646728516,8121.92566762127
2020-01-14,6664.66015625,92.49215698242188,8830.16787346581
2020-01-15,6677.25,92.6312484741211,8811.44820251315
2020-01-16,6733.35009765625,92.6312484741211,8718.68699801286
2020-01-17,6759.509765625,92.52489471435547,8912.54190414962
2020-01-21,6741.7099609375,92.78681945800781,8730.86756019871
2020-01-22,6743.89990234375,92.83588409423828,8647.90047399182
2020-01-23,6752.08984375,92.95868682861328,8366.38461396844
2020-01-24,6691.22021484375,93.13054656982422,8423.39095815313
2020-01-27,6585.9501953125,93.41698455810547,8901.95928486265
2020-01-28,6652.2998046875,93.33515930175781,9297.3883176505
2020-01-29,6646.68994140625,93.5479507446289,9311.94754354179
2020-01-30,6668.52001953125,93.5561294555664,9508.92096493279
2020-01-31,6551.0,93.83435821533203,9357.28478240795
2020-02-03,6598.6298828125,93.80403900146484,9279.81252051432
2020-02-04,6697.490234375,93.49240112304688,9161.62719772063
2020-02-05,6772.97998046875,93.35295867919922,9628.13677586207
2020-02-06,6796.64013671875,93.4103775024414,9739.2804364699
2020-02-07,6761.259765625,93.68101501464844,9800.27939982466
2020-02-10,6811.830078125,93.78763580322266,9872.36187305669
2020-02-11,6823.58984375,93.67281341552734,10272.2225558738
2020-02-12,6867.919921875,93.57440948486328,10360.1352229106
2020-02-13,6858.919921875,93.6400375366211,10235.4973226184
2020-02-14,6872.68017578125,93.73844909667969,10361.6156901812
2020-02-18,6853.0400390625,93.86145782470703,10195.3037904734
2020-02-19,6886.47021484375,93.83687591552734,9636.00229865576
2020-02-20,6860.52001953125,94.05010986328125,9614.03012244302
2020-02-21,6788.60009765625,94.23875427246094,9701.79750268849
2020-02-24,6561.93994140625,94.5422134399414,9648.00788310929
2020-02-25,6363.3701171875,94.70622253417969,9344.28714009351
2020-02-26,6339.3798828125,94.6077880859375,8798.88894856809
2020-02-27,6060.669921875,94.62422943115234,8779.02948188194
2020-02-28,6011.72998046875,95.3213882446289,8750.59344599649
2020-03-02,6288.64013671875,95.28766632080078,8906.21475645821
2020-03-03,6112.06982421875,95.93693542480469,8768.81061420222
2020-03-04,6370.35009765625,95.86302185058594,8756.36957218001
2020-03-05,6155.580078125,96.15890502929688,9062.61580274693
2020-03-06,6050.7998046875,96.86567687988281,9147.08505897136
2020-03-09,5591.740234375,96.74240112304688,7896.38531987142
2020-03-10,5868.10986328125,95.64933013916016,7909.92787545295
2020-03-11,5581.759765625,94.28501892089844,7939.34133477499
2020-03-12,5051.97021484375,90.51264953613281,4959.31341437756
2020-03-13,5522.85009765625,91.93444061279297,5627.69238836938
2020-03-16,4861.22021484375,93.47137451171875,5012.92738778492
2020-03-17,5152.830078125,91.05502319335938,5416.7547106955
2020-03-18,4885.77978515625,87.58675384521484,5392.48783594389
2020-03-19,4909.1298828125,89.54279327392578,6203.5516320865
2020-03-20,4697.08984375,90.4304428100586,6174.14947603741
2020-03-23,4559.5,92.57552337646484,6486.40865733489
2020-03-24,4987.7998046875,93.33985900878906,6775.05761893629
2020-03-25,5045.35009765625,94.293212890625,6689.96901285798
2020-03-26,5360.490234375,94.58087921142578,6754.46033606078
2020-03-27,5179.919921875,94.98359680175781,6490.79541502046
2020-03-30,5354.39013671875,95.073974609375,6436.90570017534
2020-03-31,5269.2001953125,94.81922149658203,6432.3832421391
2020-04-01,5036.64013671875,94.49717712402344,6643.11000870836
2020-04-02,5152.47021484375,94.63720703125,6792.74222209234
2020-04-03,5075.16015625,94.70307159423828,6751.90255178258
2020-04-06,5432.169921875,95.16434478759766,7298.17374517826
2020-04-07,5423.52001953125,95.29607391357422,7187.59333664524
2020-04-08,5609.5498046875,95.38672637939453,7372.19476399766
2020-04-09,5691.5400390625,96.57279205322266,7299.57918790181
2020-04-13,5634.14990234375,96.11976623535156,6863.57553319696
2020-04-14,5807.10009765625,96.16918182373047,6875.53850344828
2020-04-15,5679.52978515625,96.56451416015625,6625.47577510228
2020-04-16,5712.60009765625,96.68809509277344,7127.79228223261
2020-04-17,5865.89990234375,96.57279205322266,7081.39519842197
2020-04-20,5761.0,96.43276977539062,6853.27341478667
2020-04-21,5584.43994140625,96.48216247558594,6870.42369865576
2020-04-22,5712.64990234375,96.48216247558594,7123.65691992987
2020-04-23,5710.0400390625,96.7127914428711,7488.60516528346
2020-04-24,5789.64990234375,96.66337585449219,7506.44331648159
2020-04-27,5874.93994140625,96.21858215332031,7777.49151858562
2020-04-28,5844.18017578125,96.59749603271484,7769.89969842197
2020-04-29,5999.740234375,96.66337585449219,8761.83716954997
2020-04-30,5944.68017578125,96.4492416381836,8652.4109912332
2020-05-01,5778.52978515625,96.45418548583984,8855.53525827002
2020-05-04,5803.1201171875,96.53671264648438,8881.95430450029
2020-05-05,5855.580078125,96.46243286132812,8985.8795993571
2020-05-06,5815.169921875,96.07453918457031,9266.8130730567
2020-05-07,5884.14013671875,96.37163543701172,9993.75317685564
2020-05-08,5984.5498046875,96.11578369140625,9859.32360461718
2020-05-11,5985.66015625,95.82693481445312,8591.65288433665
2020-05-12,5863.68017578125,96.07453918457031,8817.25068112215
2020-05-13,5761.7001953125,96.23133087158203,9322.99720204559
2020-05-14,5829.330078125,96.52843475341797,9801.26948772647
2020-05-15,5852.83984375,96.58623504638672,9326.87585891292
2020-05-18,6037.89990234375,96.44588470458984,9726.85002209235
2020-05-19,5975.14990234375,96.55323791503906,9754.20146201052
2020-05-20,6075.759765625,96.80081176757812,9515.702550263
2020-05-21,6028.93017578125,96.87505340576172,9068.80122933957
2020-05-22,6044.16015625,96.92461395263672,9161.81503389831
2020-05-26,6118.5400390625,96.76778411865234,8835.13725336061
2020-05-27,6209.3798828125,96.90809631347656,9169.05743921683
2020-05-28,6197.02001953125,96.84205627441406,9568.26185300994
2020-05-29,6227.81005859375,97.097900390625,9432.41333343074
2020-06-01,6251.47998046875,97.04337310791016,10199.1350542373
2020-06-02,6303.0,97.12601470947266,9512.34653302163
2020-06-03,6389.669921875,96.88623809814453,9642.27340035067
2020-06-04,6369.5400390625,96.59684753417969,9813.36067913501
2020-06-05,6536.580078125,96.65473937988281,9641.8916225599
2020-06-08,6615.39990234375,96.76223754882812,9769.34236148451
2020-06-09,6564.27001953125,96.88623809814453,9779.42216566335
2020-06-10,6529.419921875,97.28313446044922,9888.44417469316
2020-06-11,6145.2998046875,97.11774444580078,9277.45116931619
2020-06-12,6227.419921875,97.21696472167969,9456.16153331385
2020-06-15,6279.39990234375,97.53941345214844,9441.38321127995
2020-06-16,6398.580078125,97.34922790527344,9520.09194827586
2020-06-17,6375.5400390625,97.26659393310547,9448.69356060783
2020-06-18,6379.56005859375,97.36576080322266,9389.99076639392
2020-06-19,6344.7001953125,97.39884185791016,9285.99158293396
2020-06-22,6385.91015625,97.3740463256836,9684.62018474576
2020-06-23,6413.43994140625,97.35752868652344,9611.72599824664
2020-06-24,6247.66015625,97.34100341796875,9292.94354354179
2020-06-25,6316.4501953125,97.45675659179688,9247.12143249561
2020-06-26,6163.5,97.57249450683594,9159.43777206312
2020-06-29,6254.77978515625,97.6551742553711,9184.24736627703
2020-06-30,6351.669921875,97.7378158569336,9143.96758530099
2020-07-01,6383.759765625,97.79008483886719,9241.33961239041
2020-07-02,6414.16015625,97.90605163574219,9094.38728679135
2020-07-06,6516.0498046875,97.89774322509766,9338.94259117475
2020-07-07,6445.58984375,98.04682922363281,9252.15873261251
2020-07-08,6496.14013671875,98.01371002197266,9434.56795645821
2020-07-09,6461.31005859375,98.27049255371094,9231.50234751607
2020-07-10,6528.9599609375,98.15457916259766,9285.22101542957
2020-07-13,6467.83984375,98.14628601074219,9236.62250116891
2020-07-14,6555.39990234375,98.30365753173828,9260.3569868498
2020-07-15,6615.06982421875,98.31192779541016,9196.72555897136
2020-07-16,6592.75,98.37822723388672,9132.59231209818
2020-07-17,6611.85986328125,98.47759246826172,9156.46870976037
2020-07-20,6667.4501953125,98.58531188964844,9167.19056750439
2020-07-21,6678.740234375,98.64325714111328,9388.57434979544
2020-07-22,6717.2900390625,98.72612762451172,9531.2574301578
2020-07-23,6635.0400390625,98.84208679199219,9609.16671537113
2020-07-24,6594.10009765625,98.80892944335938,9548.1007270602
2020-07-27,6642.89013671875,98.7426528930664,11046.5083295149
2020-07-28,6599.97021484375,98.80892944335938,10944.6129789012
2020-07-29,6682.009765625,98.92493438720703,11115.7712819988
2020-07-30,6658.02001953125,98.99948120117188,11135.3907261835
2020-07-31,6709.81005859375,99.0408935546875,11338.1973407949
2020-08-03,6758.2001953125,99.0799331665039,11236.0956805377
2020-08-04,6782.60009765625,99.27074432373047,11202.651909059
2020-08-05,6826.22021484375,99.0799331665039,11721.4384715956
2020-08-06,6870.85986328125,99.22099304199219,11769.3091081239
2020-08-07,6876.64990234375,99.1047592163086,11598.9690585038
2020-08-10,6895.58984375,99.01350402832031,11870.3695447107
2020-08-11,6840.669921875,98.73968505859375,11392.6440884278
2020-08-12,6937.43994140625,98.54049682617188,11575.5124736996
2020-08-13,6924.9599609375,98.17540740966797,11773.4481155465
2020-08-14,6924.27978515625,98.08409881591797,11774.4082518995
2020-08-17,6943.22021484375,98.21687316894531,12315.7624166569
2020-08-18,6960.2998046875,98.35798645019531,11992.6959962595
2020-08-19,6930.7998046875,98.20860290527344,11736.8490645237
2020-08-20,6952.919921875,98.38284301757812,11867.5203439509
2020-08-21,6977.27001953125,98.48242950439453,11524.6989491525
2020-08-24,7048.169921875,98.44093322753906,11771.4080537405
2020-08-25,7073.60009765625,98.2334976196289,11358.4543202805
2020-08-26,7145.77001953125,98.21687316894531,11472.0491204559
2020-08-27,7158.18017578125,97.87665557861328,11314.6737410286
2020-08-28,7207.10009765625,98.00943756103516,11527.8830322326
2020-08-31,7192.10986328125,98.22521209716797,11678.3482268849
2020-09-01,7246.3701171875,98.42882537841797,11970.364856166
2020-09-02,7358.490234375,98.62833404541016,11414.5209336645
2020-09-03,7101.3798828125,98.65323638916016,10261.4944095266
2020-09-04,7043.6201171875,98.16285705566406,10471.9664133255
2020-09-08,6848.419921875,98.27091979980469,10108.6354501461
2020-09-09,6986.759765625,98.26262664794922,10223.1114091175
2020-09-10,6864.22998046875,98.27091979980469,10334.6307302162
2020-09-11,6868.22021484375,98.38729858398438,10387.0207419638
2020-09-14,6957.91015625,98.39558410644531,10662.719912332
2020-09-15,6994.330078125,98.4039077758789,10779.3810249562
2020-09-16,6962.2900390625,98.35403442382812,10968.3205465809
2020-09-17,6903.81982421875,98.37895202636719,10936.2927505552
2020-09-18,6826.72021484375,98.26262664794922,10920.1128439509
2020-09-21,6748.080078125,98.27919006347656,10455.3799623027
2020-09-22,6819.080078125,98.35403442382812,10519.8391641146
2020-09-23,6657.81982421875,98.1462173461914,10233.2995687317
2020-09-24,6678.0400390625,98.154541015625,10739.0427094097
2020-09-25,6784.9501953125,98.18782043457031,10683.6305806546
2020-09-28,6894.27001953125,98.27091979980469,10727.3750541204
2020-09-29,6861.9599609375,98.2874755859375,10841.1427444769
2020-09-30,6918.830078125,98.12963104248047,10772.351766803
2020-10-01,6956.2001953125,98.26451873779297,10606.6173325541
2020-10-02,6889.60009765625,98.16458892822266,10570.1056777908
2020-10-05,7014.169921875,97.84821319580078,10772.6355995909
2020-10-06,6916.43017578125,97.93147277832031,10596.3735493863
2020-10-07,7036.89013671875,97.8648452758789,10667.1943941555
2020-10-08,7095.39990234375,97.98973083496094,10902.5293637054
2020-10-09,7157.93994140625,98.01471710205078,11074.1036797779
2020-10-12,7275.43017578125,98.20621490478516,11548.401556692
2020-10-13,7229.5498046875,98.23119354248047,11434.9687849211
2020-10-14,7182.3798828125,98.28950500488281,11417.10811391
2020-10-15,7171.60986328125,98.20621490478516,11502.5812390415
2020-10-16,7172.7001953125,98.15623474121094,11338.9871765634
2020-10-19,7055.580078125,98.03970336914062,11745.8119675628
2020-10-20,7089.06005859375,97.9564437866211,11929.4572507306
2020-10-21,7073.64990234375,97.83987426757812,12848.4906177674
2020-10-22,7111.169921875,97.66500091552734,12997.4993417884
2020-10-23,7135.81005859375,97.8065414428711,12953.4296969608
2020-10-26,7003.2099609375,97.93980407714844,13080.6561698422
2020-10-27,6982.14013671875,98.16458892822266,13675.5239275278
2020-10-28,6735.75,98.02303314208984,13290.3288497954
2020-10-29,6816.7900390625,97.84821319580078,13475.2173007013
2020-10-30,6734.83984375,97.58174896240234,13603.2960908825
2020-11-02,6817.89013671875,97.75856018066406,13595.5647603741
2020-11-03,6939.2998046875,97.71683502197266,13996.915398597312
2020-11-04,7092.2998046875,98.36737823486328,14129.148195499703
2020-11-05,7231.669921875,98.4591064453125,15606.46683372297
2020-11-06,7230.509765625,98.24224853515625,15618.972471361778
2020-11-09,7315.77001953125,97.78359985351562,15319.819972530682
2020-11-10,7306.75,97.6251220703125,15319.27567621274
2020-11-11,7362.64990234375,97.68351745605469,15731.241105786092
2020-11-12,7290.68994140625,98.09214782714844,16289.814897720637
2020-11-13,7390.60986328125,98.10885620117188,16330.06276797195
2020-11-16,7476.7900390625,98.10050201416016,16743.05393980129
2020-11-17,7442.0400390625,98.3006362915039,17682.16918702513
2020-11-18,7357.33984375,98.36737823486328,17804.690023962594
2020-11-19,7386.85986328125,98.55082702636719,17818.668662185857
2020-11-20,7336.759765625,98.65091705322266,18663.78185312683
2020-11-23,7378.93994140625,98.62591552734375,18373.2577597896
2020-11-24,7498.2900390625,98.49244689941406,19150.251048509646
2020-11-25,7486.68017578125,98.4591064453125,18748.393713033314
2020-11-27,7505.3798828125,98.62591552734375,17101.603018059614
2020-11-30,7472.06005859375,98.75933837890625,19664.407606662764
2020-12-01,7556.509765625,98.44685363769531,18820.60778959673
2020-12-02,7570.759765625,98.3382339477539,19214.872229047334
2020-12-03,7567.43994140625,98.50537872314453,19470.31120806546
2020-12-04,7634.77001953125,98.23800659179688,18732.967090999413
2020-12-07,7620.0,98.388427734375,19182.176832846293
2020-12-08,7641.43017578125,98.39677429199219,18340.97813769725
2020-12-09,7581.06005859375,98.25469970703125,18574.69673524255
2020-12-10,7571.8701171875,98.49700927734375,18294.84695149036
2020-12-11,7562.4599609375,98.60559844970703,18061.760025716
2020-12-14,7530.8701171875,98.54712677001953,19286.7512992402
2020-12-15,7628.27978515625,98.60559844970703,19432.5884640561
2020-12-16,7641.81982421875,98.56385803222656,21370.7203186441
2020-12-17,7686.18017578125,98.55966186523438,22789.2674160725
2020-12-18,7659.75,98.50947570800781,23048.7645610754
2020-12-21,7630.06982421875,98.50947570800781,22937.4183435418
2020-12-22,7614.830078125,98.65165710449219,23756.8887685564
2020-12-23,7620.6298828125,98.58476257324219,23307.2709018118
2020-12-24,7648.39013671875,98.67672729492188,23707.6330440678
2020-12-28,7715.10009765625,98.69347381591797,27039.3490199883
2020-12-29,7697.93017578125,98.71017456054688,27231.2034552893
2020-12-30,7709.10009765625,98.76874542236328,28844.6136781999
2020-12-31,7759.35009765625,98.843994140625,29022.6714126242
2021-01-04,7645.27001953125,98.71854400634766,31802.1467136178
2021-01-05,7700.33984375,98.61820220947266,34013.1741724138
2021-01-06,7744.43017578125,98.1331558227539,36643.2777223846
2021-01-07,7861.10009765625,98.03279113769531,39215.6511490356
2021-01-08,7905.27978515625,97.91570281982422,40775.4045634132
2021-01-11,7853.4501953125,97.75679779052734,35269.5137177089
2021-01-12,7856.72021484375,97.84042358398438,33712.4685452952
2021-01-13,7874.75,98.14985656738281,37296.5475277615
2021-01-14,7846.10009765625,97.95750427246094,39045.518340152
2021-01-15,7789.7900390625,98.0578842163086,36710.3174248977
2021-01-19,7853.47021484375,98.19170379638672,36250.1461893629
2021-01-20,7962.919921875,98.20001983642578,35515.480012858
2021-01-21,7966.10986328125,98.0578842163086,31022.9510280538
2021-01-22,7942.2001953125,98.0578842163086,32986.4357568673
2021-01-25,7970.919921875,98.30874633789062,32419.7059462303
2021-01-26,7959.10009765625,98.27529907226562,32640.6391426067
2021-01-27,7754.740234375,98.28367614746094,30358.9347235535
2021-01-28,7831.22021484375,98.21673583984375,33511.287595149
2021-01-29,7681.009765625,98.10803985595703,34166.1494259497
2021-02-01,7804.31005859375,98.20186614990234,33570.2718468732
2021-02-02,7912.8701171875,98.05107116699219,35596.1489094097
2021-02-03,7920.85009765625,97.93379974365234,37578.3732068966
2021-02-04,8007.6201171875,97.89192962646484,37129.2029376972
2021-02-05,8039.669921875,97.76624298095703,38045.4136084161
2021-02-08,8099.330078125,97.8667984008789,46121.9340724722
2021-02-09,8091.7001953125,97.9086685180664,46548.1619912332
2021-02-10,8089.10986328125,98.00080871582031,45078.128350263
2021-02-11,8104.18994140625,97.88355255126953,47892.8409181765
2021-02-12,8142.7900390625,97.65736389160156,47525.2091431911
2021-02-16,8139.16015625,97.19664001464844,49140.3826578024
2021-02-17,8137.8798828125,97.3893051147461,52224.9391139684
2021-02-18,8102.240234375,97.3390121459961,51650.0699485681
2021-02-19,8087.68017578125,97.0374755859375,55820.5044038574
2021-02-22,8025.81005859375,96.7359390258789,53952.1533386324
2021-02-23,8036.06005859375,96.76107788085938,48560.4890350672
2021-02-24,8127.3798828125,96.72754669189453,49567.3456890707
2021-02-25,7929.56005859375,95.8395767211914,47568.131170076
2021-02-26,7892.81005859375,96.61865234375,46231.7675784921
2021-03-01,8080.77978515625,96.56829071044922,49634.4471092928
2021-03-02,8015.5400390625,96.5850830078125,48304.7054879018
2021-03-03,7911.2099609375,96.232666015625,50690.4671835184
2021-03-04,7806.4501953125,95.95574951171875,48472.7954751607
2021-03-05,7958.97998046875,95.88866424560547,48800.8173594389
2021-03-08,7916.41015625,95.51105499267578,52088.475131502
2021-03-09,8029.2001953125,95.87186431884766,54739.1352542373
2021-03-10,8078.0498046875,96.03126525878906,56116.040912332
2021-03-11,8162.580078125,96.02291107177734,57847.2549357101
2021-03-12,8172.89990234375,95.47750854492188,57334.641534775
2021-03-15,8226.3203125,95.57820892333984,56121.121924021
2021-03-16,8213.6298828125,95.54463195800781,56500.4460257159
2021-03-17,8237.349609375,95.5362319946289,58683.0659824664
2021-03-18,8116.169921875,95.16703796386719,57731.4798410871
2021-03-19,8112.1298828125,95.2425765991211,58168.1219222677
2021-03-22,8169.14013671875,95.42716217041016,54453.1373508475
2021-03-23,8106.830078125,95.67048645019531,54563.6119458211
2021-03-24,8063.0,95.7879638671875,52595.4113237873
2021-03-25,8105.509765625,95.73761749267578,51547.1248953828
2021-03-26,8240.3798828125,95.57820892333984,54817.8571122151
2021-03-29,8233.240234375,95.41878509521484,57571.2333477498
2021-03-30,8208.099609375,95.49427795410156,58684.5483921683
2021-03-31,8238.48046875,95.51105499267578,58792.1948275862
2021-04-01,8335.91015625,95.83209228515625,58818.9770985973
2021-04-05,8457.400390625,95.63880920410156,58755.8525295149
2021-04-06,8449.5400390625,95.97494506835938,58084.0664231444
2021-04-07,8462.1796875,95.82369995117188,56266.8346762127
2021-04-08,8499.849609375,96.0589828491211,57963.3445994155
2021-04-09,8565.5703125,95.94969940185547,58051.7625563998
2021-04-12,8564.0302734375,95.92451477050781,59905.9363744594
2021-04-13,8592.25,96.20183563232422,63445.638314436
2021-04-14,8558.16015625,96.12618255615234,62869.4955873758
2021-04-15,8653.2900390625,96.50436401367188,63231.162987142
2021-04-16,8684.509765625,96.25225067138672,61571.1100905903
2021-04-19,8638.419921875,96.17660522460938,55798.1370771479
2021-04-20,8579.9501953125,96.327880859375,56474.3737586207
2021-04-21,8659.7998046875,96.42031860351562,54025.7995745178
2021-04-22,8580.73046875,96.445556640625,51882.0598106371
2021-04-23,8674.7998046875,96.42874908447266,50954.9100607832
2021-04-26,8690.259765625,96.34466552734375,53943.3499783752
2021-04-27,8688.4501953125,96.10936737060547,55027.0309848042
2021-04-28,8681.169921875,96.15982818603516,54787.3787071888
2021-04-29,8740.349609375,96.10936737060547,53567.0811938048
2021-04-30,8678.16015625,96.21018981933594,57741.44441654
2021-05-03,8702.01953125,96.27165222167969,57243.0416054939
2021-05-04,8643.91015625,96.3895034790039,53724.10892519
2021-05-05,8650.0400390625,96.46521759033203,57342.0256616014
2021-05-06,8722.0400390625,96.4820327758789,56527.3529789597
2021-05-07,8787.8203125,96.45680236816406,57341.0684549386
2021-05-10,8696.2900390625,96.3053207397461,55902.9277399182
2021-05-11,8620.98046875,96.09490203857422,56612.1026487434
2021-05-12,8437.240234375,95.75829315185547,50972.355081239
2021-05-13,8541.3896484375,95.97711181640625,49368.6144739918
2021-05-14,8669.490234375,96.19595336914062,49997.3959011105
2021-05-17,8647.5703125,96.11175537109375,43492.3954833431
2021-05-18,8574.98046875,95.99393463134766,42789.8093921683
2021-05-19,8550.9501953125,95.85929107666016,37642.5200017534
2021-05-20,8641.98046875,96.18748474121094,40799.4021475745
2021-05-21,8635.5498046875,96.22956848144531,37174.3311014027
2021-05-24,8722.0,96.32215881347656,38630.4091186441
2021-05-25,8703.58984375,96.55780029296875,38269.7710747516
2021-05-26,8720.0400390625,96.52413940429688,39194.8588980129
2021-05-27,8730.9697265625,96.40631103515625,38510.8570417884
2021-05-28,8738.76953125,96.40631103515625,35596.7179510228
2021-06-01,8734.740234375,96.3616714477539,36661.3781184687
2021-06-02,8748.2998046875,96.48807525634766,37639.4556732905
2021-06-03,8717.9697265625,96.26053619384766,39160.1504132086
2021-06-04,8795.080078125,96.65665435791016,36884.3735551724
2021-06-07,8788.2802734375,96.58924102783203,33724.9077517826
2021-06-08,8790.0,96.7662353515625,33475.0489234366
2021-06-09,8774.3095703125,96.96005249023438,37372.9888953828
2021-06-10,8815.5595703125,97.162353515625,36826.0022185856
2021-06-11,8832.9404296875,97.12017059326172,37185.3931268264
2021-06-14,8851.169921875,96.87577056884766,40455.5959833431
2021-06-15,8833.6796875,96.91793060302734,40254.6514679135
2021-06-16,8786.1796875,96.60607147216797,38265.5437726476
2021-06-17,8782.580078125,96.90951538085938,38018.6432346581
2021-06-18,8667.759765625,97.1707763671875,35714.3120787259
2021-06-21,8789.51953125,96.91793060302734,31715.1598624196
2021-06-22,8834.5595703125,97.01907348632812,32394.5555949737
2021-06-23,8825.009765625,96.96852111816406,33610.4968129749
2021-06-24,8877.0595703125,97.00221252441406,34658.972875979
2021-06-25,8906.7900390625,96.80834197998047,31683.5032004676
2021-06-28,8927.400390625,97.08648681640625,34376.188538983
2021-06-29,8930.669921875,97.13706970214844,35933.7782178843
2021-06-30,8942.7802734375,97.20448303222656,35065.4661533606
2021-07-01,8990.080078125,97.15049743652344,33505.0804935126
2021-07-02,9058.66015625,97.36149597167969,33782.9459464641
2021-07-06,9040.759765625,97.67373657226562,34123.9815680888
2021-07-07,9071.1396484375,97.8425521850586,33931.6186382233
2021-07-08,8995.259765625,97.95225524902344,32819.6595312098
2021-07-09,9096.83984375,97.63155364990234,33914.8810742256
2021-07-12,9128.2197265625,97.57246398925781,33135.2359117475
2021-07-13,9096.150390625,97.36149597167969,32641.9759610169
2021-07-14,9107.849609375,97.6906509399414,32798.2845189947
2021-07-15,9078.330078125,97.901611328125,31707.6900368206
2021-07-16,9009.8896484375,97.81723022460938,31455.7175818819
2021-07-19,8867.0703125,98.33206176757812,30883.4697462303
2021-07-20,9001.76953125,98.23922729492188,29766.6577182934
2021-07-21,9075.9697265625,97.91849517822266,32119.6572258328
2021-07-22,9094.9501953125,98.1463623046875,32306.9614285798
2021-07-23,9187.6396484375,98.07886505126953,33439.5957028638
2021-07-26,9209.6298828125,97.99446105957031,37444.7825102279
2021-07-27,9166.26953125,98.22234344482422,39126.5402881356
2021-07-28,9164.6201171875,98.3151626586914,39939.1940432495
2021-07-29,9204.25,98.15482330322266,40086.1643950906
2021-07-30,9155.2099609375,98.28984832763672,41789.6670981882
2021-08-02,9138.3603515625,98.49860382080078,39304.1862835769
2021-08-03,9213.349609375,98.53240203857422,38288.8253975453
2021-08-04,9170.759765625,98.52398681640625,39773.9113489188
2021-08-05,9226.490234375,98.30420684814453,40941.650434249
2021-08-06,9243.0302734375,97.86471557617188,42790.3573284629
2021-08-09,9235.0498046875,97.6872329711914,46265.6424564582
2021-08-10,9244.2197265625,97.56044006347656,45488.7912624196
2021-08-11,9267.400390625,97.65343475341797,45676.3263611923
2021-08-12,9297.2001953125,97.6618881225586,44405.7483483343
2021-08-13,9312.509765625,98.016845703125,47717.4853559322
2021-08-16,9337.1796875,98.06758880615234,45984.7199070719
2021-08-17,9271.830078125,97.99150848388672,44714.0967982466
2021-08-18,9173.9296875,97.99996185302734,44954.3637469316
2021-08-19,9186.0703125,98.16899871826172,46646.8615049679
2021-08-20,9261.3095703125,98.17743682861328,49240.8356049094
2021-08-23,9341.08984375,98.17743682861328,49590.8763676213
2021-08-24,9355.1103515625,98.03376007080078,47925.8622127411
2021-08-25,9376.0,97.84782409667969,49002.3166049094
2021-08-26,9321.740234375,97.85626983642578,47190.3449929866
2021-08-27,9404.150390625,98.12671661376953,49048.4755891292
2021-08-30,9445.240234375,98.23658752441406,47125.7685189947
2021-08-31,9433.580078125,98.09295654296875,47219.2443424898
2021-09-01,9437.150390625,98.12423706054688,48688.5375572764
2021-09-02,9465.4697265625,98.22578430175781,49369.5862746932
2021-09-03,9462.5400390625,98.05650329589844,49860.5341635301
2021-09-07,9430.6796875,97.79414367675781,46854.4006028638
2021-09-08,9418.5703125,97.95494842529297,46187.9757306254
2021-09-09,9375.990234375,98.26811218261719,46448.7748290473
2021-09-10,9304.0302734375,98.07344055175781,44765.2755762712
2021-09-13,9325.2900390625,98.2004165649414,44991.5221277031
2021-09-14,9273.990234375,98.42047882080078,47022.6177597896
2021-09-15,9352.830078125,98.32736206054688,48167.1893676213
2021-09-16,9338.6103515625,98.15808868408203,47797.3283237873
2021-09-17,9253.5703125,98.07344055175781,47213.7941294565
2021-09-20,9096.51953125,98.25967407226562,42855.5103448276
2021-09-21,9089.5498046875,98.30199432373047,40526.4893760958
2021-09-22,9176.080078125,98.33586120605469,43577.5724821742
2021-09-23,9287.7998046875,97.85337829589844,44861.2980329047
2021-09-24,9301.490234375,97.68408966064453,42803.307701052
2021-09-27,9275.8701171875,97.54866027832031,42496.7852250146
2021-09-28,9087.4697265625,97.14240264892578,41223.7862743425
2021-09-29,9102.6201171875,97.21012878417969,41453.9470131502
2021-09-30,8994.830078125,97.19317626953125,43781.546015488
2021-10-01,9098.25,97.48990631103516,48078.1315543542
2021-10-04,8980.6396484375,97.4220962524414,49288.5013106371
2021-10-05,9076.1904296875,97.19319152832031,51558.0493319112
2021-10-06,9113.4501953125,97.23558807373047,55419.800411163
2021-10-07,9191.1904296875,96.96431732177734,53805.1569125658
2021-10-08,9173.740234375,96.75236511230469,53933.5275908825
2021-10-11,9110.759765625,96.59976959228516,57289.1864570426
2021-10-12,9088.73046875,96.95581817626953,56196.1812597896
2021-10-13,9116.3896484375,97.17626953125,57348.8928769725
2021-10-14,9272.9697265625,97.36274719238281,57384.0369146698
2021-10-15,9342.150390625,97.1253662109375,61446.0840073057
2021-10-18,9373.6796875,97.05753326416016,61977.0575514319
2021-10-19,9443.1201171875,96.77778625488281,64290.8977574518
2021-10-20,9477.8203125,96.70996856689453,66061.7965639977
2021-10-21,9506.91015625,96.50653839111328,62373.8856206897
2021-10-22,9496.8603515625,96.69300842285156,60750.9673718293
2021-10-25,9541.990234375,96.78628540039062,63031.6729015196
2021-10-26,9559.3896484375,96.96431732177734,60393.9802738165
2021-10-27,9511.26953125,97.28644561767578,58563.3359899766
2021-10-28,9605.23046875,97.21013641357422,60564.5721122151
2021-10-29,9625.01953125,97.18470001220703,62230.8055689655
2021-11-01,9642.4404296875,97.12525177001953,61092.0950592051
2021-11-02,9677.9501953125,97.32052612304688,63024.7472296902
2021-11-03,9740.4697265625,97.12525177001953,62955.9817630041
2021-11-04,9782.48046875,97.44791412353516,61393.8899780246
2021-11-05,9819.98046875,97.83000946044922,61005.840833723
2021-11-08,9828.8095703125,97.6517105102539,67541.7555081824
2021-11-09,9795.1201171875,97.92340087890625,67095.5856706605
2021-11-10,9716.7197265625,97.2611312866211,64756.0779689071
2021-11-11,9722.080078125,97.08281707763672,64962.9312939801
2021-11-12,9793.2197265625,97.06582641601562,64078.968037405
2021-11-15,9793.5302734375,96.70925903320312,63753.5031592636
2021-11-16,9831.91015625,96.67528533935547,60322.4978530099
2021-11-17,9808.26953125,96.90449523925781,60154.3083661601
2021-11-18,9842.349609375,96.98944854736328,56794.1556271186
2021-11-19,9828.7998046875,97.1762466430664,58014.0729888954
2021-11-22,9798.2900390625,96.70925903320312,56383.5658760958
2021-11-23,9814.650390625,96.32714080810547,57642.2657980713
2021-11-24,9837.599609375,96.54790496826172,57141.8303784337
2021-11-26,9614.25,97.23565673828125,53800.6178389831
2021-11-29,9741.7802734375,97.28658294677734,57920.7107299825
2021-11-30,9558.330078125,97.44791412353516,57097.0127942724
2021-12-01,9446.2099609375,97.46661376953125,57180.6098439509
2021-12-02,9581.7900390625,97.44961547851562,56582.8937691408
2021-12-03,9501.2802734375,97.84075164794922,53671.6160680888
2021-12-06,9613.01953125,97.50065612792969,50535.4252232612
2021-12-07,9812.2001953125,97.34760284423828,50574.4728344828
2021-12-08,9842.6796875,97.09248352050781,50500.6543513735
2021-12-09,9773.1904296875,97.10100555419922,47937.8228458212
2021-12-10,9866.6201171875,97.12654876708984,47437.2289725307
2021-12-13,9776.6904296875,97.46661376953125,46785.3278410286
2021-12-14,9705.0595703125,97.27957153320312,48292.6822501461
2021-12-15,9863.919921875,97.20305633544922,48830.6223860316
2021-12-16,9778.08984375,97.3366470336914,47663.4691077148
2021-12-17,9678.0302734375,97.45579528808594,46334.4837489772
2021-12-20,9567.91015625,97.31114196777344,46954.7634783168
2021-12-21,9738.73046875,97.23452758789062,49082.0624666277
2021-12-22,9838.900390625,97.31962585449219,48692.0987391584
2021-12-23,9900.2998046875,97.2004623413086,50712.9707682642
2021-12-27,10037.669921875,97.25157165527344,50796.3776735827
2021-12-28,10027.5302734375,97.20896911621094,47673.0440452367
2021-12-29,10041.6103515625,96.91962432861328,46470.3215751023
2021-12-30,10012.509765625,97.13240051269531,47102.4630037989
2021-12-31,9986.7001953125,97.09833526611328,46355.1173302747
2022-01-03,10050.41015625,96.43446350097656,46453.432351841
2022-01-04,10044.75,96.42595672607422,45905.9611221508
2022-01-05,9850.7001953125,96.12805938720703,43530.9440388662
2022-01-06,9841.919921875,96.02590942382812,43144.9652928112
2022-01-07,9803.849609375,95.74504089355469,41512.7845808299
2022-01-10,9789.7197265625,95.65991973876953,41816.9510561075
2022-01-11,9879.3896484375,95.83863830566406,42768.1786116306
2022-01-12,9907.3798828125,95.83863830566406,43961.0265441262
2022-01-13,9767.349609375,96.00889587402344,42626.8653924605
2022-01-14,9775.5302734375,95.47264099121094,43102.6476180596
2022-01-18,9595.9296875,94.89389038085938,42431.2319670368
2022-01-19,9503.1396484375,95.09819793701172,41787.722012858
2022-01-20,9398.9599609375,95.14920806884766,40756.1261630625
2022-01-21,9221.2802734375,95.52373504638672,36492.2872241379
2022-01-24,9246.83984375,95.4130630493164,36659.7252206312
2022-01-25,9134.330078125,95.31944274902344,36952.586773232
2022-01-26,9120.75,94.78324127197266,36825.8245993571
2022-01-27,9072.240234375,95.09819793701172,37021.9371332554
2022-01-28,9294.2099609375,95.16624450683594,37768.8474836353
2022-01-31,9469.919921875,95.15776062011719,38462.6724029807
2022-02-01,9534.9501953125,95.12451934814453,38787.9640824079
2022-02-02,9624.8896484375,95.22679901123047,36942.3307493279
2022-02-03,9390.5703125,94.84319305419922,37057.6521879018
2022-02-04,9440.580078125,94.2465591430664,41079.9060881356
2022-02-07,9405.83984375,94.33177947998047,43888.980119813
2022-02-08,9484.9501953125,94.04199981689453,44167.4447945646
2022-02-09,9623.83984375,94.10166931152344,44405.0732042665
2022-02-10,9450.7197265625,93.23223876953125,43614.3426960842
2022-02-11,9271.7998046875,93.84595489501953,42357.3217416715
2022-02-14,9236.8603515625,93.3004379272461,42646.1618590883
2022-02-15,9383.5703125,93.14698028564453,44511.9084880187
2022-02-16,9393.08984375,93.25782012939453,44065.7092673875
2022-02-17,9195.349609375,93.45386505126953,40610.024261543
2022-02-18,9130.8095703125,93.6499252319336,40044.2204856809
2022-02-22,9038.3203125,93.547607421875,38202.5940818235
2022-02-23,8871.9501953125,93.12996673583984,37308.2687344243
2022-02-24,9005.3701171875,93.3004379272461,38283.790402104
2022-02-25,9207.849609375,93.39419555664062,39323.7702158387
2022-02-28,9186.3701171875,94.06758117675781,43179.2545140269
2022-03-01,9044.4697265625,94.59767150878906,44334.457582408
2022-03-02,9213.3896484375,93.46236419677734,43984.584926768
2022-03-03,9166.1298828125,93.77816772460938,42492.7744552893
2022-03-04,9094.0400390625,94.15377807617188,39106.4052159556
2022-03-07,8825.7197265625,93.60749816894531,38146.734273232
2022-03-08,8762.1103515625,93.27456665039062,38725.477261543
2022-03-09,8988.650390625,93.0782470703125,41989.4028179427
2022-03-10,8950.900390625,92.5574951171875,39482.2584672706
2022-03-11,8835.400390625,92.54044342041016,38825.3644214494
2022-03-14,8771.75,91.6441650390625,39649.0453243717
2022-03-15,8959.740234375,91.84904479980469,39356.8139000584
2022-03-16,9160.509765625,91.91732025146484,41101.768579135
2022-03-17,9274.169921875,92.07093048095703,40966.4169324956
2022-03-18,9382.4296875,92.27583312988281,41826.1160710111
2022-03-21,9378.83984375,91.3709945678711,41064.429648159
2022-03-22,9484.8603515625,91.1234359741211,42383.169518761
2022-03-23,9368.98046875,91.4990234375,42734.2000355932
2022-03-24,9504.1904296875,91.2941665649414,43974.5935882525
2022-03-25,9552.400390625,90.56857299804688,44347.034279661
2022-03-28,9620.66015625,90.7905502319336,47223.6528860316
2022-03-29,9738.599609375,91.21731567382812,47463.7096770894
2022-03-30,9678.2998046875,91.46489715576172,47123.2971478667
2022-03-31,9527.4599609375,91.4222183227539,45562.2106665693
2022-04-01,9559.9501953125,91.25977325439453,46250.3362878434
2022-04-04,9637.3701171875,91.33670806884766,46663.0041770894
2022-04-05,9517.9404296875,90.41344451904297,45693.0350619521
2022-04-06,9425.490234375,90.18260192871094,43304.9371990064
2022-04-07,9466.759765625,89.98600769042969,43569.0471697837
2022-04-08,9441.83984375,89.53290557861328,42222.0689772063
2022-04-11,9282.48046875,89.14818572998047,39544.0251835184
2022-04-12,9251.0703125,89.43030548095703,40096.3669748685
2022-04-13,9356.2099609375,89.60981750488281,41152.7554517826
2022-04-14,9242.580078125,88.88318634033203,39916.4963842782
2022-04-18,9240.6904296875,88.60960388183594,40818.8786025716
2022-04-19,9389.2099609375,88.07102966308594,41489.6638011689
2022-04-20,9383.5400390625,88.57540893554688,41395.64458346
2022-04-21,9245.8603515625,88.08814239501953,40457.4959418469
2022-04-22,8989.509765625,88.00265502929688,39737.9735040912
2022-04-25,9040.8603515625,88.592529296875,40473.7483176505
2022-04-26,8786.4697265625,88.86608123779297,38072.800873758
2022-04-27,8805.0,88.50702667236328,39218.5376174752
2022-04-28,9023.419921875,88.47282409667969,39747.9894270018
2022-04-29,8696.650390625,87.94280242919922,38609.5059070719
2022-05-02,8746.0498046875,87.46408081054688,38566.0628877849
2022-05-03,8788.3603515625,87.66104125976562,37704.4053153127
2022-05-04,9050.900390625,88.22626495361328,39641.852176505
2022-05-05,8729.2099609375,87.35272979736328,36502.0245601403
2022-05-06,8680.9697265625,86.98450469970703,36042.9995584453
2022-05-09,8403.5,87.41268920898438,30457.9218194039
2022-05-10,8424.2001953125,87.67816162109375,30990.7351659848
2022-05-11,8285.8203125,88.00362396240234,28796.5568217417
2022-05-12,8278.0400390625,88.16633605957031,29030.7070417884
2022-05-13,8476.5703125,87.78951263427734,29285.9346718293
2022-05-16,8443.5498046875,87.98648834228516,29889.6124757452
2022-05-17,8614.3095703125,87.50688171386719,30438.1944476914
2022-05-18,8268.3203125,87.85803985595703,28771.2204786675
2022-05-19,8220.9697265625,88.0806655883789,30257.8852483928
2022-05-20,8222.3095703125,88.34616088867188,29224.245998422
2022-05-23,8375.8701171875,88.05496215820312,29088.2515419638
2022-05-24,8307.9697265625,88.73153686523438,29643.6837556984
2022-05-25,8386.6201171875,89.09980773925781,29577.259880187
2022-05-26,8553.6796875,89.03128814697266,29332.4860467563
2022-05-27,8766.830078125,89.1768569946289,28612.0413103448
2022-05-31,8712.599609375,88.61165618896484,31831.4095251315
2022-06-01,8648.2802734375,88.24787139892578,29825.9221992987
2022-06-02,8809.1796875,88.35941314697266,30504.2679997078
2022-06-03,8665.7998046875,88.21358489990234,29662.6709708942
2022-06-06,8693.0595703125,87.67304992675781,31333.6770197545
2022-06-07,8776.08984375,88.00763702392578,31175.0324289889
2022-06-08,8681.6796875,87.64733123779297,30228.464698422
2022-06-09,8475.91015625,87.55291748046875,30064.4855289305
2022-06-10,8229.4296875,86.87519836425781,29070.4000300994
2022-06-13,7910.43017578125,85.45098876953125,22316.2570400351
2022-06-14,7883.33984375,84.9448013305664,22072.8663085915
2022-06-15,7998.6201171875,85.8885498046875,22520.7910087668
2022-06-16,7739.39013671875,86.09445190429688,20310.1769848042
2022-06-17,7756.58984375,86.08586120605469,20464.9290873174
2022-06-21,7946.89013671875,85.74269104003906,20688.4651312098
2022-06-22,7936.669921875,86.47191619873047,20003.1683375219
2022-06-23,8012.68017578125,86.83226776123047,21097.1028331385
2022-06-24,8257.7197265625,86.69500732421875,21299.0769853887
2022-06-27,8233.419921875,86.3089370727539,20751.0516960842
2022-06-28,8067.56005859375,86.34325408935547,20263.2196393922
2022-06-29,8062.72021484375,86.84087371826172,20080.9480864991
2022-06-30,7993.43017578125,87.23550415039062,19332.9121294565
2022-07-01,8077.89013671875,87.96268463134766,19341.8631240795
2022-07-05,8092.14990234375,88.1259765625,20193.3427938048
2022-07-06,8121.2099609375,87.53290557861328,20560.8438126826
2022-07-07,8243.6904296875,87.3352279663086,21651.4191423144
2022-07-08,8237.5,87.00859069824219,21813.7871239042
2022-07-11,8142.68017578125,87.41258239746094,19971.3294704851
2022-07-12,8067.56005859375,87.53290557861328,19339.1534734074
2022-07-13,8031.759765625,87.85092163085938,20155.5278386908
2022-07-14,8008.7099609375,87.54149627685547,20552.8990289304
2022-07-15,8162.5,87.88528442382812,20831.722700526
2022-07-18,8094.22998046875,87.6016845703125,22305.7066428989
2022-07-19,8318.2001953125,87.48135375976562,23371.2026601403
2022-07-20,8367.3701171875,87.42115020751953,23280.9356680304
2022-07-21,8450.6396484375,88.15174102783203,23152.4093112215
2022-07-22,8371.8701171875,88.83934020996094,22706.0835554646
2022-07-25,8382.8798828125,88.51272583007812,21510.1255874342
2022-07-26,8286.1904296875,88.49555206298828,21181.6591967855
2022-07-27,8503.01953125,88.80493927001953,22898.4150683226
2022-07-28,8607.240234375,89.44103240966797,23838.5568838691
2022-07-29,8730.4599609375,89.44963073730469,23950.7403798948
2022-08-01,8705.8701171875,89.75967407226562,23331.4426969608
2022-08-02,8647.91015625,88.83821105957031,23031.4268834015
2022-08-03,8783.2802734375,89.23433685302734,22809.7474418469
2022-08-04,8777.23046875,89.44963073730469,22628.3320821157
2022-08-05,8764.080078125,88.4506607055664,23248.9715023378
2022-08-08,8753.3896484375,88.85542297363281,23803.6505154296
2022-08-09,8716.75,88.6573257446289,23186.2917464641
2022-08-10,8902.7197265625,88.88128662109375,23923.0584830508
2022-08-11,8898.83984375,88.4075927734375,23934.4390561075
2022-08-12,9054.1396484375,88.80377197265625,24396.3088462887
2022-08-15,9090.3603515625,88.91570281982422,24083.9539748685
2022-08-16,9107.8701171875,88.78653717041016,23868.8193530099
2022-08-17,9043.58984375,88.26119995117188,23336.3489310345
2022-08-18,9065.490234375,88.4506607055664,23221.1706028638
2022-08-19,8948.8203125,87.83061218261719,20906.7663141438
2022-08-22,8758.240234375,87.4516830444336,21301.0840581531
2022-08-23,8738.759765625,87.41728973388672,21534.5143521333
2022-08-24,8764.419921875,87.18473052978516,21424.9728232028
2022-08-25,8888.1298828125,87.66699981689453,21587.8395844535
2022-08-26,8588.9501953125,87.50338745117188,20246.1655733489
2022-08-29,8532.099609375,87.08140563964844,20270.960383986
2022-08-30,8438.6904296875,87.193359375,19825.4632066043
2022-08-31,8374.419921875,86.72832489013672,20024.6716059614
2022-09-01,8400.9599609375,86.35209655761719,20105.4626072472
2022-09-02,8311.419921875,86.60234069824219,19948.8567472823
2022-09-06,8277.8095703125,85.79119110107422,18846.150537405
2022-09-07,8429.8701171875,86.3866195678711,19292.9070745178
2022-09-08,8486.6298828125,86.11048889160156,19319.1248512566
2022-09-09,8616.98046875,86.10186004638672,21363.3136152542
2022-09-12,8708.169921875,85.9723892211914,22365.2145601987
2022-09-13,8331.900390625,85.4891586303711,20165.0421607247
2022-09-14,8362.400390625,85.60134887695312,20246.3660424313
2022-09-15,8268.599609375,85.34249877929688,19696.8698661601
2022-09-16,8209.349609375,85.2821044921875,19741.5776168907
2022-09-19,8265.73046875,85.15261840820312,19557.9769582116
2022-09-20,8172.64013671875,84.77294921875,18872.9498667446
2022-09-21,8033.2900390625,85.04045104980469,18506.7607481005
2022-09-22,7965.9599609375,84.1343994140625,19414.5396449445
2022-09-23,7828.8701171875,83.8755111694336,19326.8648199883
2022-09-26,7747.93017578125,82.79686737060547,19201.1317209234
2022-09-27,7731.990234375,82.44303894042969,19106.7389135009
2022-09-28,7884.5498046875,83.77196502685547,19454.937210111
2022-09-29,7719.08984375,83.3318862915039,19540.8664105786
2022-09-30,7603.14013671875,83.13340759277344,19435.1946917008
2022-10-03,7800.0,83.8088607788086,19633.4325859147
2022-10-04,8039.25,84.03369903564453,20339.9712811221
2022-10-05,8023.81005859375,83.5926284790039,20155.0996987142
2022-10-06,7943.6298828125,83.26396179199219,19950.5477957335
2022-10-07,7721.43994140625,82.82294464111328,19539.1439216832
2022-10-10,7663.580078125,82.45106506347656,19154.4042346581
2022-10-11,7613.75,82.5029525756836,19039.2820683811
2022-10-12,7588.89990234375,82.57215118408203,19156.9115645821
2022-10-13,7786.9599609375,82.31268310546875,19387.8336806546
2022-10-14,7602.990234375,81.86300659179688,19177.6941031561
2022-10-17,7804.330078125,82.03597259521484,19557.0218106371
2022-10-18,7893.68017578125,82.1743392944336,19341.4075543542
2022-10-19,7840.990234375,81.46517181396484,19132.1544254822
2022-10-20,7779.52978515625,80.97223663330078,19033.3760239626
2022-10-21,7964.25,81.09333038330078,19174.8763487434
2022-10-24,8058.8798828125,80.98088073730469,19341.460210111
2022-10-25,8190.02001953125,81.7765121459961,20094.9611215663
2022-10-26,8129.6201171875,82.13972473144531,20797.0308258328
2022-10-27,8080.31982421875,82.55487060546875,20280.1751280538
2022-10-28,8280.1103515625,82.34728240966797,20604.6138535944
2022-10-31,8218.7001953125,82.07052612304688,20490.8581808884
2022-11-01,8185.06982421875,82.22308349609375,20483.966530976
2022-11-02,7980.47021484375,82.08441162109375,20148.2845537697
2022-11-03,7897.009765625,81.78105163574219,20198.1111860316
2022-11-04,8006.240234375,81.77239227294922,21157.2449275278
2022-11-07,8083.3798828125,81.51234436035156,20568.5651183518
2022-11-08,8128.7001953125,81.85907745361328,18520.971163647
2022-11-09,7961.52001953125,81.95440673828125,15758.2912819988
2022-11-10,8403.48046875,83.71398162841797,17541.5602866745
2022-11-11,8481.1298828125,83.6532974243164,16916.8506312098
2022-11-14,8407.25,83.41925811767578,16629.4784146698
2022-11-15,8481.1396484375,84.03467559814453,16855.59378609
2022-11-16,8413.08984375,84.55476379394531,16659.6063345996
2022-11-17,8388.83984375,84.1993637084961,16675.1790204559
2022-11-18,8429.009765625,84.0780258178711,16661.5229576271
2022-11-21,8397.23046875,84.0260009765625,15778.0174047341
2022-11-22,8511.48046875,84.45943450927734,16172.8893445354
2022-11-23,8562.26953125,84.962158203125,16574.0617299825
2022-11-25,8560.08984375,84.97946166992188,16522.3887767388
2022-11-28,8427.9501953125,84.8407974243164,16212.5814161309
2022-11-29,8415.26953125,84.53742980957031,16443.0368199883
2022-11-30,8678.0,85.1961898803711,17176.8986914085
2022-12-01,8671.900390625,85.90509796142578,16961.2918042081
2022-12-02,8662.23046875,86.26132202148438,17075.1091370544
2022-12-05,8507.33984375,85.58364868164062,16961.3517866745
2022-12-06,8385.16015625,85.83561706542969,17070.5158281707
2022-12-07,8369.740234375,86.60013580322266,16848.2518243717
2022-12-08,8433.900390625,86.33946990966797,17231.4563223261
2022-12-09,8372.259765625,85.82691192626953,17136.1490008767
2022-12-12,8491.8603515625,85.84425354003906,17195.5249962011
2022-12-13,8554.099609375,86.4177017211914,17774.9166320865
2022-12-14,8503.9697265625,86.60880279541016,17809.7240835769
2022-12-15,8292.6396484375,86.73595428466797,17344.0544569258
2022-12-16,8200.900390625,86.50953674316406,16606.1101750438
2022-12-19,8127.56982421875,85.97837829589844,16424.1313857393
2022-12-20,8136.2998046875,85.39497375488281,16901.8169362946
2022-12-21,8258.4296875,85.63005828857422,16800.5329707773
2022-12-22,8139.06982421875,85.60395812988281,16814.2225791935
2022-12-23,8187.06005859375,85.30791473388672,16780.5169798363
2022-12-27,8154.56982421875,84.68966674804688,16698.9112708942
2022-12-28,8056.6201171875,84.54165649414062,16536.2942001753
2022-12-29,8198.3603515625,84.85511016845703,16630.5931551724
2022-12-30,8178.02001953125,84.45455932617188,16593.6888287551
2023-01-03,8145.60009765625,84.95088958740234,16670.0773836937
2023-01-04,8207.419921875,85.42110443115234,16848.3660391584
2023-01-05,8113.14990234375,85.35144805908203,16824.8001826417
2023-01-06,8298.6103515625,86.28313446044922,16957.8622738165
2023-01-09,8293.7998046875,86.50083923339844,17182.3198521333
2023-01-10,8351.6796875,86.16995239257812,17433.9146320865
2023-01-11,8459.1796875,86.70110321044922,17833.7107656341
2023-01-12,8489.080078125,87.32806396484375,18869.7044842198
2023-01-13,8523.3203125,87.0058822631836,19868.7247454705
2023-01-17,8506.0302734375,86.84912109375,21178.2993962595
2023-01-18,8373.66015625,87.711181640625,20709.6686040327
2023-01-19,8310.75,87.51093292236328,21071.8334152542
2023-01-20,8468.150390625,87.15391540527344,22660.7169421391
2023-01-23,8568.76953125,86.93621826171875,22929.0248936295
2023-01-24,8562.8701171875,87.31936645507812,22611.1268787259
2023-01-25,8561.400390625,87.42382049560547,23109.0845189947
2023-01-26,8656.259765625,87.27581024169922,23008.6894766219
2023-01-27,8678.009765625,87.14521026611328,23070.4964582116
2023-01-30,8566.2802734375,86.91008758544922,22799.427261543
2023-01-31,8691.8798828125,87.26710510253906,23130.0519132087
2023-02-01,8782.76953125,87.88250732421875,23727.2026075395
2023-02-02,8912.349609375,87.97850799560547,23505.6048430742
2023-02-03,8820.4697265625,87.13182830810547,23445.8131773816
2023-02-06,8766.900390625,86.6517333984375,22745.1650371128
2023-02-07,8879.91015625,86.50333404541016,23266.2692036821
2023-02-08,8781.7900390625,86.62551879882812,22937.5799453536
2023-02-09,8705.580078125,86.28508758544922,21818.1989456458
2023-02-10,8726.4697265625,85.9097671508789,21620.5667837522
2023-02-13,8827.7197265625,86.17164611816406,21798.7157168323
2023-02-14,8826.3203125,85.86613464355469,22222.415043834
2023-02-15,8853.01953125,85.70027923583984,24304.6129827586
2023-02-16,8731.75,85.3423843383789,23742.4488354763
2023-02-17,8709.2099609375,85.54313659667969,24607.3356054939
2023-02-21,8534.73046875,84.74008178710938,24400.3893898305
2023-02-22,8521.4501953125,84.967041015625,24163.7389812975
2023-02-23,8567.5703125,85.2725601196289,23910.0342104033
2023-02-24,8477.66015625,84.78372955322266,23175.8242036821
2023-02-27,8504.759765625,84.9495849609375,23504.1894178843
2023-02-28,8479.7998046875,84.94084167480469,23145.9491277031
2023-03-01,8440.25,84.45436096191406,23610.6590902981
2023-03-02,8505.5498046875,84.27935028076172,23470.0254815897
2023-03-03,8643.6103515625,84.94434356689453,22350.0962340736
2023-03-06,8649.8798828125,84.7343521118164,22414.7033056692
2023-03-07,8517.5400390625,84.62061309814453,22174.6484725307
2023-03-08,8530.330078125,84.53312683105469,21701.3846227352
2023-03-09,8374.25,84.83936309814453,20349.8141732905
2023-03-10,8253.650390625,85.8281021118164,20240.406694623
2023-03-13,8241.3896484375,86.5105972290039,24154.4290946815
2023-03-14,8379.16015625,86.00312042236328,24769.0175691409
2023-03-15,8320.9599609375,86.86061096191406,24409.8017518995
2023-03-16,8468.330078125,86.51934051513672,25043.2388468732
2023-03-17,8375.2099609375,87.06185913085938,27450.6282933957
2023-03-20,8449.98046875,86.71186065673828,27834.3361090006
2023-03-21,8560.3095703125,86.44935607910156,28172.7950558153
2023-03-22,8420.01953125,87.28057861328125,27341.5571297487
2023-03-23,8445.8701171875,87.49058532714844,28387.8897495617
2023-03-24,8493.5498046875,87.63934326171875,27464.1249453536
2023-03-27,8507.5400390625,86.69434356689453,27154.9963702513
2023-03-28,8494.349609375,86.56309509277344,27283.9634029807
2023-03-29,8615.2900390625,86.66808319091797,28389.2917784921
2023-03-30,8665.7001953125,86.76435852050781,28021.5583009936
2023-03-31,8791.1298828125,87.18431854248047,28514.6813062537
2023-04-03,8823.66015625,87.56327819824219,27850.9799436002
2023-04-04,8773.3095703125,87.88788604736328,28113.9585187025
2023-04-05,8752.5400390625,88.18611907958984,28190.3116063705
2023-04-06,8785.7001953125,88.1071548461914,28049.0744763296
2023-04-10,8794.650390625,87.50186920166016,29687.5651846873
2023-04-11,8794.2900390625,87.55451965332031,30247.0959193454
2023-04-12,8758.1103515625,87.65978240966797,29913.0035463472
2023-04-13,8875.650390625,87.62469482421875,30370.82207218
2023-04-14,8857.3095703125,87.19489288330078,30458.9700414962
2023-04-17,8886.759765625,86.75625610351562,29469.5050727645
2023-04-18,8894.349609375,86.87907409667969,30366.8723813559
2023-04-19,8893.599609375,86.74747467041016,28796.7440952659
2023-04-20,8841.6201171875,87.14222717285156,28251.2763790181
2023-04-21,8849.759765625,86.99311065673828,27292.0211052016
2023-04-24,8857.2998046875,87.33522033691406,27520.1996729982
2023-04-25,8717.6298828125,87.87911224365234,28302.6942180012
2023-04-26,8684.1904296875,87.55451965332031,28384.2340333139
2023-04-27,8854.3203125,87.23869323730469,29465.5514272355
2023-04-28,8928.349609375,87.68612670898438,29350.811886616
2023-05-01,8924.919921875,86.7882308959961,28114.9531873174
2023-05-02,8821.58984375,87.63247680664062,28690.5809959088
2023-05-03,8759.9501953125,88.01939392089844,29045.0427735243
2023-05-04,8697.6796875,87.91387939453125,28855.8574465225
2023-05-05,8858.8603515625,87.63247680664062,29552.9695236704
2023-05-08,8863.009765625,87.1487808227539,27727.2854091175
2023-05-09,8823.0498046875,87.06963348388672,27642.4281092928
2023-05-10,8862.849609375,87.63247680664062,27646.004902104
2023-05-11,8849.6904296875,87.89628601074219,26986.271065751
2023-05-12,8837.6796875,87.4038314819336,26773.3443591467
2023-05-15,8865.0302734375,87.1839599609375,27231.6216052016
2023-05-16,8808.9501953125,86.98168182373047,27025.7181864407
2023-05-17,8915.4296875,86.84980773925781,27401.0440610754
2023-05-18,9001.25,86.44526672363281,26843.2350938048
2023-05-19,8988.4599609375,86.25180053710938,26889.503631502
2023-05-22,8990.8896484375,86.17265319824219,26858.7370637054
2023-05-23,8890.16015625,86.26937103271484,27226.8558763881
2023-05-24,8825.259765625,86.0495376586914,26341.4306446522
2023-05-25,8902.83984375,85.73292541503906,26484.8359234366
2023-05-26,9019.6396484375,85.8033218383789,26720.3838071303
2023-05-30,9020.3896484375,86.37490844726562,27712.4915844535
2023-05-31,8967.16015625,86.6827163696289,27217.6832580362
2023-06-01,9057.169921875,86.94546508789062,26825.3713451198
2023-06-02,9189.33984375,86.4869384765625,27255.2279941555
2023-06-05,9171.08984375,86.4781494140625,25785.8514842198
2023-06-06,9192.91015625,86.58395385742188,27213.7705187025
2023-06-07,9158.1396484375,86.12545776367188,26339.5790292227
2023-06-08,9215.8603515625,86.58395385742188,26521.693600526
2023-06-09,9226.7001953125,86.38114929199219,26470.6775780245
2023-06-12,9312.7197265625,86.53107452392578,25906.7519354179
2023-06-13,9377.650390625,86.12545776367188,25880.8599734074
2023-06-14,9387.5400390625,86.20479583740234,25097.5853796026
2023-06-15,9503.5302734375,86.80437469482422,25559.1433293396
2023-06-16,9468.8095703125,86.53107452392578,26331.8200943892
2023-06-20,9424.01953125,86.68975067138672,28305.4204573349
2023-06-21,9375.2099609375,86.83084869384766,30099.5153509643
2023-06-22,9410.830078125,86.38114929199219,29952.5112866745
2023-06-23,9338.83984375,86.6368637084961,30638.3537644652
2023-06-26,9297.1201171875,86.7426528930664,30255.8861241964
2023-06-27,9403.6201171875,86.57511901855469,30667.0762948568
2023-06-28,9400.2998046875,86.83084869384766,30104.0432717709
2023-06-29,9443.4599609375,86.1607437133789,30460.792978083
2023-06-30,9559.669921875,86.36354064941406,30484.503257744
2023-07-03,9571.349609375,86.2618637084961,31135.3575993571
2023-07-05,9553.6904296875,85.87288665771484,30497.8221282876
2023-07-06,9478.73046875,85.31597137451172,29979.7298094681
2023-07-07,9453.099609375,85.33364868164062,30329.8829786674
2023-07-10,9475.900390625,85.57237243652344,30394.6555806546
2023-07-11,9539.9501953125,85.75799560546875,30616.247094097
2023-07-12,9610.8701171875,86.45634460449219,30385.6087852133
2023-07-13,9693.2998046875,86.99561309814453,31434.7354704851
2023-07-14,9683.6904296875,86.5801010131836,30310.6720204559
2023-07-17,9721.0302734375,86.6773452758789,30143.7462744009
2023-07-18,9790.2001953125,86.74807739257812,29835.7474076563
2023-07-19,9813.4599609375,87.01325988769531,29913.0294646406
2023-07-20,9748.099609375,86.56244659423828,29805.6065707189
2023-07-21,9751.259765625,86.62430572509766,29919.6934921099
2023-07-24,9790.759765625,86.46514892578125,29178.3597042665
2023-07-25,9818.490234375,86.3679428100586,29221.2548533022
2023-07-26,9817.1103515625,86.65081787109375,29361.5917580362
2023-07-27,9754.7197265625,85.90827178955078,29201.6865175336
2023-07-28,9852.009765625,86.24417877197266,29316.3130751023
2023-07-31,9866.76953125,86.35026550292969,29219.8201887785
2023-08-01,9840.7099609375,85.7785415649414,29499.5875385739
2023-08-02,9704.6298828125,85.57467651367188,29143.1519620105
2023-08-03,9680.3603515625,84.99847412109375,29192.3448617767
2023-08-04,9629.76953125,85.69874572753906,29057.2532437171
2023-08-07,9716.91015625,85.71646118164062,29164.3585873758
2023-08-08,9676.0,85.92034149169922,29779.511383986
2023-08-09,9608.73046875,85.9823989868164,29582.9442375804
2023-08-10,9612.3603515625,85.42396545410156,29430.1599117475
2023-08-11,9603.4501953125,85.15804290771484,29399.784739626
2023-08-14,9659.259765625,85.09598541259766,29408.9717127411
2023-08-15,9549.169921875,84.86553192138672,29167.59721654
2023-08-16,9478.5400390625,84.6616439819336,28754.2924079486
2023-08-17,9407.26953125,84.572998046875,26660.5627264757
2023-08-18,9406.5,84.75917053222656,26037.3658474576
2023-08-21,9471.3896484375,84.33365631103516,26128.9050160725
2023-08-22,9445.2197265625,84.42230987548828,25978.2096914085
2023-08-23,9549.73046875,85.22894287109375,26452.1935882525
2023-08-24,9421.4697265625,85.03395080566406,26126.7943331385
2023-08-25,9485.8896484375,84.98074340820312,26040.881255114
2023-08-28,9545.4404296875,85.16690826416016,26103.2765730567
2023-08-29,9684.2197265625,85.71646118164062,27672.2221306254
2023-08-30,9722.9599609375,85.68102264404297,27298.997779661
2023-08-31,9709.6796875,85.8051528930664,25954.8665935126
2023-09-01,9727.6396484375,85.36070251464844,25802.7885298071
2023-09-05,9687.259765625,84.89854431152344,25782.3622200468
2023-09-06,9619.98046875,84.81855773925781,25754.7902676797
2023-09-07,9590.400390625,85.08519744873047,26210.6045637054
2023-09-08,9604.76953125,85.129638671875,25904.6982127411
2023-09-11,9669.3603515625,85.03186798095703,25135.0393781414
2023-09-12,9614.66015625,85.05851745605469,25859.7018068381
2023-09-13,9626.6796875,85.18292999267578,26226.8667524839
2023-09-14,9710.5400390625,85.06739807128906,26556.056943308
2023-09-15,9592.8603515625,84.87187194824219,26672.6160818235
2023-09-18,9599.9296875,84.99629211425781,26764.6319064874
2023-09-19,9579.26953125,84.74744415283203,27215.0504848042
2023-09-20,9489.919921875,84.70301055908203,27133.4037235535
2023-09-21,9334.58984375,84.12530517578125,26571.5952919345
2023-09-22,9313.2998046875,84.48078155517578,26581.1476116306
2023-09-25,9350.900390625,83.81419372558594,26288.8095005845
2023-09-26,9213.7197265625,83.70755767822266,26194.5378880772
2023-09-27,9216.01953125,83.41423797607422,26336.0825973115
2023-09-28,9271.5498046875,83.66312408447266,27033.4254415546
2023-09-29,9246.740234375,83.58311462402344,26911.2514739918
2023-10-02,9247.509765625,83.0011215209961,27565.8892954413
2023-10-03,9121.1396484375,82.35050201416016,27439.1422393337
2023-10-04,9195.1396484375,82.92982482910156,27797.251176505
2023-10-05,9184.8095703125,82.98330688476562,27426.3450926359
2023-10-06,9294.8203125,82.66246795654297,27941.9633760959
2023-10-09,9353.41015625,83.51802825927734,27591.3467618352
2023-10-10,9402.3095703125,83.43785095214844,27419.7971803039
2023-10-11,9443.1298828125,83.8210678100586,26828.1725710111
2023-10-12,9385.16015625,83.09918975830078,26741.3405990649
2023-10-13,9338.08984375,83.4556884765625,26842.4467703098
2023-10-16,9437.3095703125,82.99221801757812,28506.7936741671
2023-10-17,9436.3603515625,82.39508056640625,28433.2051522501
2023-10-18,9309.919921875,82.0118408203125,28328.0750195792
2023-10-19,9231.73046875,81.6999282836914,28690.358041204
2023-10-20,9115.83984375,81.9940185546875,29704.9853673291
2023-10-23,9100.490234375,82.31488800048828,32954.1690482174
2023-10-24,9166.7998046875,82.60897827148438,33880.9566537113
2023-10-25,9035.400390625,81.9940185546875,34488.6589210988
2023-10-26,8928.6298828125,82.54660034179688,34181.4922521917
2023-10-27,8885.9404296875,82.51984405517578,33896.938528346
2023-10-30,8993.4599609375,82.32380676269531,34495.1050207481
2023-10-31,9052.3095703125,82.2702865600586,34636.4264736996
2023-11-01,9147.4501953125,83.17942810058594,35431.9794532437
2023-11-02,9320.5595703125,83.68000793457031,34882.9173366452
2023-11-03,9408.5595703125,84.1895523071289,34708.2218804792
2023-11-06,9425.33984375,83.76941680908203,35017.7151484512
2023-11-07,9452.2802734375,84.21639251708984,35418.4768901227
2023-11-08,9462.25,84.50242614746094,35797.8946090006
2023-11-09,9387.58984375,83.79623413085938,36675.3264333723
2023-11-10,9535.6298828125,83.99290466308594,37367.4943722969
2023-11-13,9528.25,83.98396301269531,36543.2680870836
2023-11-14,9712.009765625,85.03878784179688,35590.6835645821
2023-11-15,9729.3095703125,84.5113754272461,37840.5534894798
2023-11-16,9743.2197265625,84.97618865966797,36160.4044509059
2023-11-17,9755.919921875,85.14605712890625,36569.7120534775
2023-11-20,9829.01953125,85.2801742553711,37516.0503708358
2023-11-21,9809.3896484375,85.36953735351562,36035.0330862069
2023-11-22,9849.740234375,85.44999694824219,37403.0347168323
2023-11-24,9855.83984375,85.05664825439453,37718.7841630625
2023-11-27,9836.75,85.53938293457031,37229.2452197545
2023-11-28,9846.4296875,85.91484832763672,37828.4655911748
2023-11-29,9838.8203125,86.33496856689453,37846.8531227352
2023-11-30,9879.01953125,86.04891967773438,37712.7114789597
2023-12-01,9937.8896484375,86.8055419921875,38703.5536820573
2023-12-04,9884.169921875,86.47384643554688,41910.2994815897
2023-12-05,9878.9697265625,87.04759216308594,44067.0054763296
2023-12-06,9840.650390625,87.27172088623047,43745.8343907072
2023-12-07,9920.6396484375,87.2986068725586,43282.6182261835
2023-12-08,9961.5,86.85933685302734,44205.0522089421
2023-12-11,10000.6396484375,86.8683090209961,41209.8947904734
2023-12-12,10047.0400390625,87.12828063964844,41467.2735698422
2023-12-13,10184.3798828125,88.22196197509766,42939.0607583285
2023-12-14,10213.6904296875,88.93403625488281,43033.1371560491
2023-12-15,10213.48046875,88.72725677490234,41978.0970195792
2023-12-18,10259.849609375,88.54743957519531,42635.7331911163
2023-12-19,10320.8603515625,88.65532684326172,42271.863025716
2023-12-20,10170.509765625,88.9789810180664,43605.1555549386
2023-12-21,10275.2998046875,88.97000885009766,43870.2382340736
2023-12-22,10292.3701171875,88.85309600830078,44009.5016551724
2023-12-26,10335.98046875,89.03291320800781,42491.1229079486
2023-12-27,10351.599609375,89.59931945800781,43436.9594269433
2023-12-28,10356.58984375,89.40152740478516,42670.6797180012
2023-12-29,10327.830078125,89.23070526123047,41998.6033442431
2024-01-02,10269.6904296875,88.80815887451172,44941.160493571
2024-01-03,10187.7900390625,88.85309600830078,42773.6515423729
2024-01-04,10154.2001953125,88.49349975585938,44250.7452670953
2024-01-05,10172.75,88.28670501708984,44146.3222022209
2024-01-08,10316.51953125,88.61936950683594,46981.3242995324
2024-01-09,10302.73046875,88.60137939453125,46084.005795149
2024-01-10,10361.26953125,88.43057250976562,46818.1592764465
2024-01-11,10354.6904296875,88.93403625488281,46380.8708082992
2024-01-12,10363.349609375,89.0958480834961,42817.4305356517
2024-01-16,10324.830078125,88.43057250976562,43171.4472241379
2024-01-17,10267.0498046875,88.18782806396484,42689.304327294
2024-01-18,10358.2900390625,88.1069107055664,41261.9076177674
2024-01-19,10486.4404296875,88.12488555908203,41606.8535330216
2024-01-22,10509.4404296875,88.28670501708984,39577.0998603156
2024-01-23,10540.3798828125,88.07091522216797,39737.3143617767
2024-01-24,10549.0400390625,87.87313842773438,40101.8568980129
2024-01-25,10605.1298828125,88.26871490478516,39917.6611461134
2024-01-26,10598.23046875,88.16983032226562,41860.7310458796
2024-01-29,10678.5,88.52046203613281,43218.3470821157
2024-01-30,10672.9501953125,88.6912841796875,42950.0541277031
2024-01-31,10501.3798828125,89.0958480834961,42589.4708059614
2024-02-01,10633.1396484375,89.60352325439453,43020.3596548802
2024-02-02,10747.25,88.782958984375,43155.3852030976
2024-02-05,10713.1103515625,88.05254364013672,42619.2742738165
2024-02-06,10738.169921875,88.51245880126953,43102.7062632963
2024-02-07,10826.8095703125,88.33211517333984,44253.0314731151
2024-02-08,10834.3603515625,88.06156921386719,45332.09157218
2024-02-09,10897.6103515625,88.0345458984375,47176.9665137347
2024-02-12,10887.41015625,88.05254364013672,49989.80371654
2024-02-13,10739.8095703125,87.24105072021484,49628.0941528346
2024-02-14,10844.7197265625,87.62877655029297,51844.2929193454
2024-02-15,10910.3095703125,87.8361587524414,51939.1472919345
2024-02-16,10859.6298828125,87.55663299560547,52157.3123977206
2024-02-20,10794.7998046875,87.63777923583984,52308.0531712449
2024-02-21,10808.9296875,87.37627410888672,51744.321808007
2024-02-22,11037.8203125,87.44842529296875,51292.3252574518
2024-02-23,11041.900390625,87.77303314208984,50789.1431759205
2024-02-26,11000.5,87.58366394042969,54551.8259184687
2024-02-27,11019.4404296875,87.46644592285156,57049.888220339
2024-02-28,11002.2001953125,87.63777923583984,62460.740619813
2024-02-29,11062.1103515625,87.78205871582031,61394.7818515488
2024-03-01,11151.33984375,88.20349884033203,62524.401817066
2024-03-04,11138.4296875,87.9864501953125,68091.8388243717
2024-03-05,11025.16015625,88.46577453613281,63950.524329924
2024-03-06,11082.650390625,88.6014175415039,66103.7215400351
2024-03-07,11198.3896484375,88.79130554199219,67070.3791484512
2024-03-08,11126.0703125,88.87272644042969,68343.7149552893
2024-03-11,11113.6103515625,88.77323150634766,72198.0875341905
2024-03-12,11238.4599609375,88.54715728759766,71432.7283018702
2024-03-13,11217.2998046875,88.3843765258789,73081.5759053185
2024-03-14,11187.849609375,87.82365417480469,71505.2729076563
2024-03-15,11115.6904296875,87.8145980834961,69424.9141753361
2024-03-18,11186.0400390625,87.72416687011719,67770.8865245471
2024-03-19,11249.23046875,87.94123077392578,61969.3075394506
2024-03-20,11350.8896484375,88.12210845947266,67848.1076396844
2024-03-21,11387.8896484375,88.18540954589844,65454.7357232612
2024-03-22,11372.490234375,88.46577453613281,63486.4849997078
2024-03-25,11337.740234375,88.30296325683594,70042.0204237288
2024-03-26,11306.009765625,88.39341735839844,70071.0472144945
2024-03-27,11404.9501953125,88.68280029296875,69267.8879815897
2024-03-28,11418.0302734375,88.57428741455078,70826.8968714202
2024-04-01,11395.080078125,87.9302749633789,69791.6277305669
2024-04-02,11312.900390625,87.86678314208984,65533.7548351841
2024-04-03,11325.7802734375,87.92121124267578,66130.2162393337
2024-04-04,11187.490234375,88.12982177734375,68438.135024547
2024-04-05,11311.7001953125,87.69444274902344,67904.9094766219
2024-04-08,11307.66015625,87.61280059814453,71712.7972840444
2024-04-09,11325.6298828125,87.91212463378906,69074.5418638223
2024-04-10,11218.73046875,86.85993957519531,70579.4456767972
2024-04-11,11302.5302734375,86.87808227539062,70046.5536057861
2024-04-12,11139.3798828125,87.0413589477539,67098.113691993
2024-04-15,11005.6103515625,86.51524353027344,63393.325166277
2024-04-16,10982.990234375,86.27034759521484,63784.8203340152
2024-04-17,10919.490234375,86.66946411132812,61324.2184286967
2024-04-18,10896.0703125,86.42455291748047,63510.14500263
2024-04-19,10801.16015625,86.51524353027344,63762.6310300994
2024-04-22,10895.4697265625,86.56967163085938,66944.5960911748
2024-04-23,11026.0595703125,86.7510986328125,66385.3002919345
2024-04-24,11028.4599609375,86.52435302734375,64189.9679064874
2024-04-25,10978.2001953125,86.27943420410156,64515.3874725307
2024-04-26,11090.4599609375,86.46992492675781,63777.4715002922
2024-04-29,11126.2802734375,86.73294830322266,63908.3888766803
2024-04-30,10951.66015625,86.37921905517578,60636.3261633548
2024-05-01,10914.1103515625,86.68399810791016,58141.7772799532
2024-05-02,11013.91015625,87.07525634765625,59170.1088936295
2024-05-03,11152.759765625,87.52110290527344,62983.6554783752
2024-05-06,11268.23046875,87.58480072021484,63228.1031341321
2024-05-07,11283.9599609375,87.76676177978516,62396.999720339
2024-05-08,11283.91015625,87.58480072021484,61079.27442782
2024-05-09,11343.5498046875,87.74858093261719,62998.4903381064
2024-05-10,11364.0400390625,87.56660461425781,60896.6418880772
2024-05-13,11361.4599609375,87.6120834350586,62886.9394491526
2024-05-14,11418.1201171875,87.84866333007812,61555.5670046756
2024-05-15,11554.0400390625,88.43097686767578,66281.5322542373
2024-05-16,11532.3603515625,88.33086395263672,65269.2603246639
2024-05-17,11546.2802734375,88.04882049560547,66956.4409476914
2024-05-20,11557.83984375,87.9669418334961,71202.2025902981
2024-05-21,11587.0498046875,88.1307144165039,70217.2546914085
2024-05-22,11555.83984375,88.02153778076172,69074.9141350088
2024-05-23,11470.98046875,87.7758560180664,67758.7306586791
2024-05-24,11551.5595703125,87.87594604492188,68608.998279661
2024-05-28,11554.4501953125,87.46647644042969,68342.8204488603
2024-05-29,11469.4599609375,87.1298599243164,67584.2632402104
2024-05-30,11402.099609375,87.53929901123047,68375.4760260082
2024-05-31,11494.7001953125,87.82135772705078,67377.7626122151
2024-06-03,11508.8896484375,88.35256958007812,68833.3028351841
2024-06-04,11526.8095703125,88.67201232910156,70554.0894330801
2024-06-05,11663.5498046875,88.94584655761719,71087.4433158971
2024-06-06,11661.3701171875,88.97323608398438,70788.5013755114
2024-06-07,11650.490234375,88.18826293945312,69338.1573240795
2024-06-10,11681.5400390625,88.11526489257812,69465.9362478083
2024-06-11,11713.2998046875,88.41646575927734,67368.263506429
2024-06-12,11813.169921875,88.83631134033203,68213.8346838106
2024-06-13,11841.01953125,89.28356170654297,66783.4902767388
2024-06-14,11839.26953125,89.37482452392578,65982.1865195792
2024-06-17,11931.48046875,89.05536651611328,66483.8785260082
2024-06-18,11961.9296875,89.37482452392578,65112.1230020456
2024-06-20,11931.7998046875,89.21967315673828,64897.7011542957
2024-06-21,11913.7802734375,89.2287826538086,64086.0489228521
2024-06-24,11878.0400390625,89.30181121826172,60258.9554374635
2024-06-25,11924.75,89.29268646240234,61739.6658477498
2024-06-26,11943.5302734375,88.89106750488281,60794.4760584454
2024-06-27,11954.5,89.03710174560547,61569.9234275278
2024-06-28,11907.150390625,88.59900665283203,60303.3147364115
2024-07-01,11939.3798828125,88.12381744384766,62835.3997647575
2024-07-02,12013.400390625,88.41681671142578,62028.6170385739
2024-07-03,12074.830078125,88.89291381835938,60216.3920859147
2024-07-05,12142.5400390625,89.34154510498047,56720.9881256575
2024-07-08,12155.26953125,89.3689956665039,56691.9149061952
2024-07-09,12164.5703125,89.28658294677734,57981.4320967271
2024-07-10,12290.2099609375,89.37815856933594,57722.0113527177
2024-07-11,12182.9697265625,89.83595275878906,57307.712738457
2024-07-12,12250.1904296875,90.0831527709961,57859.1202819988
2024-07-15,12286.0498046875,89.77185821533203,64734.7611697837
2024-07-16,12364.5595703125,90.1380844116211,65118.8266583869
2024-07-17,12192.490234375,90.2021713256836,64201.3707805377
2024-07-18,12097.25,89.9549560546875,63984.3022022209
2024-07-19,12011.6103515625,89.77185821533203,66755.7833828171
2024-07-22,12141.75,89.73521423339844,67535.1976738749
2024-07-23,12122.830078125,89.72608184814453,65916.4081616014
2024-07-24,11842.3603515625,89.45140075683594,65353.3857784921
2024-07-25,11781.5703125,89.69863891601562,65722.0611917007
2024-07-26,11913.0400390625,90.0190658569336,67912.2433091759
2024-07-29,11922.8896484375,90.16554260253906,66867.167277031
2024-07-30,11863.7998046875,90.2571029663086,66186.9146861484
2024-07-31,12052.08984375,90.74235534667969,64690.6340385739
2024-08-01,11887.5400390625,91.12257385253906,65178.0554891876
2024-08-02,11669.1796875,92.14199829101562,61506.7698877849
2024-08-05,11319.9599609375,92.06852722167969,54343.6276773816
2024-08-06,11437.3203125,91.51749420166016,56047.4712866744
2024-08-07,11349.240234375,91.24197387695312,55129.7410376973
2024-08-08,11610.83984375,91.1042251586914,61908.7896724138
2024-08-09,11666.490234375,91.42565155029297,60720.9407594974
2024-08-12,11668.58984375,91.5817642211914,59394.1629538282
2024-08-13,11865.2900390625,91.94912719726562,60536.2457846289
2024-08-14,11911.01953125,92.11443328857422,58840.6466797195
2024-08-15,12106.6796875,91.72871398925781,57644.1876879018
2024-08-16,12132.48046875,91.94912719726562,58927.2765087668
2024-08-19,12251.740234375,92.0501480102539,59411.5190169492
2024-08-20,12227.7998046875,92.3256607055664,59123.3002662186
2024-08-21,12280.1796875,92.50015258789062,61133.0256493279
2024-08-22,12170.7099609375,92.12360382080078,60394.4737749854
2024-08-23,12310.6298828125,92.54605865478516,64106.8029152543
2024-08-26,12272.080078125,92.46344757080078,62983.4427729398
2024-08-27,12292.6396484375,92.490966796875,59548.0076215663
2024-08-28,12219.23046875,92.40831756591797,59100.7747548217
2024-08-29,12219.3798828125,92.28892517089844,59339.7909947399
2024-08-30,12344.4296875,92.06852722167969,59142.9399640561
2024-09-03,12084.5703125,92.45728302001953,57637.7754444769
2024-09-04,12065.6904296875,92.86264038085938,58033.3989704851
2024-09-05,12029.7197265625,93.10215759277344,56112.9529400935
2024-09-06,11823.5703125,93.22193145751953,53838.9534623028
2024-09-09,11961.740234375,93.36012268066406,57135.7814371712
2024-09-10,12015.5703125,93.64569854736328,57664.4998214494
2024-09-11,12143.849609375,93.6180648803711,57409.1950663355
2024-09-12,12235.0595703125,93.53514099121094,58124.6418065459
2024-09-13,12303.259765625,93.7286148071289,60536.8814503215
2024-09-16,12321.2099609375,93.94971466064453,58227.46421654
2024-09-17,12324.75,93.85758972167969,60238.2177255991
2024-09-18,12289.259765625,93.56279754638672,61306.2337317358
2024-09-19,12498.58984375,93.5719985961914,62994.6096528346
2024-09-20,12474.4404296875,93.48908996582031,63153.9518270018
2024-09-23,12509.6103515625,93.45225524902344,63336.0126347165
2024-09-24,12541.08984375,93.58121490478516,64342.7891113384
2024-09-25,12517.8203125,93.22193145751953,63059.6269167154
2024-09-26,12569.1298828125,93.24034118652344,65057.7861461134
2024-09-27,12553.7802734375,93.50751495361328,65767.7132542373
2024-09-30,12608.0703125,93.29561614990234,63260.0425482174
2024-10-01,12490.8701171875,93.5423583984375,60858.2487086499
2024-10-02,12493.349609375,93.3482894897461,60686.0993135593
2024-10-03,12472.3896484375,92.96943664550781,60765.2367498539
2024-10-04,12586.91015625,92.36878967285156,62052.5100496785
2024-10-07,12466.41015625,92.05462646484375,62416.508829924
2024-10-08,12587.25,92.21170806884766,62126.3273769725
2024-10-09,12677.16015625,91.97144317626953,60615.2581917008
2024-10-10,12652.83984375,91.916015625,60221.1172869667
2024-10-11,12729.51953125,91.94371795654297,62462.539962595
2024-10-14,12827.6298828125,91.8605728149414,66089.7587410871
2024-10-15,12731.099609375,92.23017883300781,66933.974833723
2024-10-16,12790.83984375,92.35032653808594,67662.9534038574
2024-10-17,12788.7802734375,91.89752960205078,67337.9075482174
2024-10-18,12840.2998046875,91.96221160888672,68390.5375625365
2024-10-21,12817.3896484375,91.3246078491211,67440.4625058445
2024-10-22,12811.3603515625,91.34310913085938,67425.7553211572
2024-10-23,12693.8203125,91.112060546875,66647.2866642315
2024-10-24,12721.0498046875,91.28766632080078,68130.9948369374
2024-10-25,12717.33984375,91.10281372070312,66261.5376861485
2024-10-28,12751.2197265625,90.95500946044922,69862.5205470485
2024-10-29,12771.7998046875,91.05664825439453,72678.7866201052
2024-10-30,12729.73046875,90.96424865722656,72450.2843819404
2024-10-31,12493.740234375,90.94574737548828,70367.0819576271
2024-11-01,12545.400390625,90.58421325683594,69483.5830303916
2024-11-04,12510.73046875,90.96430206298828,67779.0969795441
2024-11-05,12664.3203125,91.17748260498047,69538.0241729982
2024-11-06,12984.73046875,90.46369934082031,75696.0366192285
2024-11-07,13081.5302734375,91.14969635009766,75972.2955546464
2024-11-08,13133.4697265625,91.30725860595703,76507.4474012273
2024-11-11,13146.2001953125,91.10333251953125,88859.998448568
2024-11-12,13108.9501953125,90.5749282836914,88048.7488877849
2024-11-13,13112.5703125,90.55641174316406,90369.3819693162
2024-11-14,13034.7900390625,90.51933288574219,87204.2569827586
2024-11-15,12864.419921875,90.52861785888672,91139.0844427236
2024-11-18,12916.7998046875,90.61203002929688,90587.6965534775
2024-11-19,12968.16015625,90.74181365966797,92254.1385800701
2024-11-20,12968.849609375,90.64912414550781,94160.0406858562
2024-11-21,13040.080078125,90.60277557373047,98545.5688798948
2024-11-22,13085.8603515625,90.66765594482422,98938.3495450029
2024-11-25,13125.4599609375,91.48339080810547,93343.0290745178
2024-11-26,13201.4697265625,91.34434509277344,91875.5699593805
2024-11-27,13152.080078125,91.59464263916016,95989.0802273524
2024-11-29,13227.1298828125,91.95614624023438,97398.9417399182
2024-12-02,13261.080078125,91.96731567382812,95726.4417258913
2024-12-03,13267.330078125,91.79061889648438,96010.8774228521
2024-12-04,13347.8798828125,92.08819580078125,98920.2528255406
2024-12-05,13323.740234375,92.10680389404297,96949.6644117475
2024-12-06,13358.5,92.36717987060547,99953.1056580947
2024-12-09,13278.2900390625,92.09750366210938,97390.1988597311
2024-12-10,13239.2099609375,91.98591613769531,96835.5017387493
2024-12-11,13347.509765625,91.77202606201172,101310.201899766
2024-12-12,13275.240234375,91.40006256103516,100090.890479544
2024-12-13,13276.5595703125,91.05599212646484,101289.823976914
2024-12-16,13328.7802734375,91.13970947265625,105855.672229982
2024-12-17,13277.5498046875,91.13970947265625,106115.910582992
2024-12-18,12886.2099609375,90.44560241699219,100469.770656926
2024-12-19,12875.08984375,90.21235656738281,97697.045779661
2024-12-20,13015.66015625,90.45494079589844,97617.4422051432
2024-12-23,13111.2998046875,90.17509460449219,94800.7562060199
2024-12-24,13256.0703125,90.2776870727539,98637.7330543542
2024-12-26,13251.759765625,90.3429946899414,95628.3030902981
2024-12-27,13106.3896484375,90.15640258789062,94219.9821461134
2024-12-30,12966.2197265625,90.51090240478516,92523.163085038
2024-12-31,12911.8203125,90.39898681640625,93389.7326016949
2025-01-02,12883.580078125,90.40827178955078,96851.393682934
2025-01-03,13046.8798828125,90.31497955322266,98120.6846759205
2025-01-06,13120.1396484375,90.22169494628906,102179.560366745
2025-01-07,12974.58984375,89.90453338623047,96974.9957857978
2025-01-08,12995.1298828125,90.00715637207031,95039.2809210988
2025-01-10,12797.3896484375,89.50338745117188,94759.1196358854
2025-01-13,12817.5595703125,89.41940307617188,94375.7299102864
2025-01-14,12832.2900390625,89.44740295410156,96569.475726768
2025-01-15,13068.5595703125,90.22169494628906,100172.405985096
2025-01-16,13041.1904296875,90.41761016845703,99977.7298234951
2025-01-17,13171.75,90.41761016845703,104296.588034191
2025-01-21,13287.580078125,90.71614837646484,105987.888705435
2025-01-22,13369.3603515625,90.5015869140625,103791.128861485
2025-01-23,13440.6103515625,90.35232543945312,104184.616743717
2025-01-24,13403.509765625,90.5015869140625,104716.12488194
2025-01-27,13208.1904296875,91.00538635253906,101907.44629661
2025-01-28,13329.9501953125,90.97735595703125,101138.144066043
2025-01-29,13267.650390625,90.92139434814453,103918.795458796
2025-01-30,13337.849609375,91.05199432373047,104987.446410871
2025-01-31,13271.3798828125,90.86540985107422,102263.043670953
2025-02-03,13171.2099609375,90.95153045654297,101582.408702221
2025-02-04,13266.4501953125,91.12001037597656,97848.1497592051
2025-02-05,13318.4296875,91.60674285888672,96559.3327562829
2025-02-06,13366.9599609375,91.51313018798828,96541.3006811806
2025-02-07,13241.33984375,91.22297668457031,96384.1109836353
2025-02-10,13332.150390625,91.25105285644531,97375.2253535944
2025-02-11,13337.0,91.04513549804688,95806.2580385739
2025-02-12,13302.099609375,90.56777954101562,97756.4976548802
2025-02-13,13440.9296875,91.11065673828125,96534.7406332554
2025-02-14,13443.099609375,91.44760131835938,97414.3589821742
2025-02-18,13478.01953125,91.08258056640625,95444.031886616
2025-02-19,13510.2900390625,91.21363067626953,96647.9132977791
2025-02-20,13453.5400390625,91.35401153564453,98392.2197247224
2025-02-21,13224.4501953125,91.74714660644531,96048.9937247224
2025-02-24,13159.2099609375,91.9062728881836,91869.6543430742
2025-02-25,13097.849609375,92.47721862792969,88769.7356265342
2025-02-26,13099.91015625,92.62698364257812,83987.89564173
2025-02-27,12892.2001953125,92.48658752441406,84625.4191364699
2025-02-28,13098.2197265625,92.89842224121094,84243.7779114553
2025-03-03,12868.9501953125,93.0993423461914,86315.9305511397
2025-03-04,12711.8603515625,92.86463928222656,87323.690650789
2025-03-05,12853.990234375,92.54540252685547,90619.4090976038
2025-03-06,12625.3095703125,92.45152282714844,90222.0693275862
2025-03-07,12696.900390625,92.33885192871094,86553.5921937464
2025-03-10,12356.6904296875,92.7801284790039,79005.9601291642
2025-03-11,12263.3095703125,92.45152282714844,82747.1601917008
2025-03-12,12323.5,92.17923736572266,83630.1581101695
2025-03-13,12153.330078125,92.46089935302734,81110.2890490941
2025-03-14,12414.2802734375,92.27312469482422,84105.8335517241
2025-03-17,12494.8203125,92.39519500732422,84013.947518118
2025-03-18,12362.16015625,92.48909759521484,82680.8065514319
2025-03-19,12495.740234375,92.7613525390625,86774.23507218
2025-03-20,12469.9697265625,92.81768035888672,84124.9712878434
2025-03-21,12480.58984375,92.70500946044922,84069.4081800117
2025-03-24,12700.91015625,92.34822845458984,87322.5718568089
2025-03-25,12721.41015625,92.43273162841797,87422.8426084161
2025-03-26,12579.48046875,92.20741271972656,86836.6760955582
2025-03-27,12537.9296875,92.16046905517578,87211.3240169492
2025-03-28,12290.8603515625,92.69562530517578,84309.0783550555
2025-03-31,12360.2099609375,92.87401580810547,82461.4496279953
2025-04-01,12407.259765625,93.21784210205078,85226.7137936879
2025-04-02,12491.099609375,93.11421203613281,82555.631296318
2025-04-03,11887.150390625,93.60403442382812,82931.697399474
2025-04-04,11178.48046875,93.68881225585938,83774.1797375804
2025-04-07,11152.5595703125,92.50192260742188,79421.8044105786
2025-04-08,10977.5,92.02153015136719,76351.4295303916
2025-04-09,12022.2099609375,92.228759765625,82720.6034891876
2025-04-10,11608.2197265625,91.50344848632812,79558.9558252484
2025-04-11,11818.5302734375,91.40923309326172,83359.8995157802
2025-04-14,11912.4501953125,91.9461669921875,84589.0324135009
2025-04-15,11892.990234375,92.13456726074219,83671.3439713618
2025-04-16,11626.7900390625,92.42657470703125,84151.5357562829
2025-04-17,11642.400390625,92.19108581542969,84940.5838538866
2025-04-21,11368.98046875,91.63532257080078,87360.7198933372
2025-04-22,11654.830078125,91.80486297607422,93495.6106890707
2025-04-23,11849.25,92.03094482421875,93695.7404772063
2025-04-24,12089.3095703125,92.53958892822266,93849.8817790766
2025-04-25,12178.490234375,92.87873077392578,94771.4128007014
2025-04-28,12186.51953125,93.13306427001953,95066.0211867329
2025-04-29,12257.26953125,93.359130859375,94102.8403024547
2025-04-30,12276.3896484375,93.27434539794922,94236.7325143191
2025-05-01,12353.8701171875,93.0201416015625,96411.7422635885
2025-05-02,12536.2001953125,92.56651306152344,96842.1021057861
2025-05-05,12456.83984375,92.4058609008789,94853.7298594389
2025-05-06,12361.16015625,92.63265991210938,96677.9245029223
2025-05-07,12414.98046875,92.77440643310547,97137.3757086499
2025-05-08,12487.0,92.29247283935547,103069.539295733
2025-05-09,12480.3095703125,92.38695526123047,102940.802949445
2025-05-12,12888.1298828125,92.07508850097656,102920.074689071
2025-05-13,12981.8896484375,91.9805908203125,104145.711825248
2025-05-14,12995.7802734375,91.71598815917969,103572.719642022
2025-05-15,13052.7197265625,92.23575592041016,103716.283947399
2025-05-16,13145.8798828125,92.29247283935547,103566.269191116
2025-05-19,13159.3095703125,92.26410675048828,105615.828960257
2025-05-20,13108.51953125,92.10343933105469,106893.330247516
2025-05-21,12897.419921875,91.49862670898438,109704.855619521
2025-05-22,12891.9501953125,91.76323699951172,111477.014787843
2025-05-23,12806.240234375,91.8955307006836,107291.888969901
2025-05-27,13069.3203125,92.31135559082031,109066.345636762
2025-05-28,12996.669921875,92.14124298095703,107895.402399474
2025-05-29,13049.009765625,92.48146057128906,105732.957892168
2025-05-30,13049.1298828125,92.70826721191406,103981.302957919
2025-06-02,13104.240234375,92.46459197998047,105899.696926651
2025-06-03,13180.4501953125,92.39822387695312,105483.98555114
2025-06-04,13181.9697265625,92.9481430053711,104782.844900351
2025-06-05,13113.4697265625,92.71111297607422,101669.190496785
2025-06-06,13249.8095703125,92.23703002929688,104421.051549094
2025-06-09,13263.1298828125,92.35081481933594,110198.15871391
2025-06-10,13336.2900390625,92.55940246582031,110074.119081824
2025-06-11,13299.8701171875,92.8722915649414,108645.785558153
2025-06-12,13350.849609375,93.21363830566406,105998.985830801
2025-06-13,13202.259765625,92.88177490234375,106024.822087376
2025-06-16,13328.4296875,92.6921615600586,107243.933345997
2025-06-17,13217.51953125,92.9765853881836,104628.396527469
2025-06-18,13213.8798828125,93.04297637939453,104813.367028638
2025-06-20,13185.83984375,93.1283187866211,103274.958839567
2025-06-23,13312.75,93.31793975830078,105496.947495324
2025-06-24,13461.099609375,93.69720458984375,105964.065136762
2025-06-25,13461.169921875,93.6877212524414,107305.065199591
2025-06-26,13569.2900390625,93.94371795654297,107012.822824079
2025-06-27,13641.099609375,93.6782455444336,107090.95905114
2025-06-30,13712.7099609375,94.0575180053711,107153.101135885
2025-07-01,13697.6796875,93.97093963623047,105566.356597896
2025-07-02,13763.0400390625,93.85679626464844,108927.13451841
2025-07-03,13879.98046875,93.66654968261719,109632.159126826
2025-07-07,13771.1103515625,93.33362579345703,108249.401004091
2025-07-08,13761.330078125,93.29559326171875,108956.631703098
2025-07-09,13844.919921875,93.68558502197266,111416.806720047
2025-07-10,13884.8896484375,93.65704345703125,115873.903783752
2025-07-11,13839.1103515625,93.26705169677734,117618.605087084
2025-07-14,13858.6201171875,93.25753021240234,119871.096197838
2025-07-15,13805.080078125,92.98167419433594,117710.89100789
2025-07-16,13849.169921875,93.1148452758789,118730.187791642
2025-07-17,13923.75,93.15288543701172,119501.663770894
2025-07-18,13923.349609375,93.32411193847656,117958.511213033
2025-07-21,13943.16015625,93.58094024658203,117432.435634717
2025-07-22,13952.349609375,93.76168060302734,120068.00578872
2025-07-23,14061.51953125,93.55239868164062,118650.587165693
2025-07-24,14071.4501953125,93.49533081054688,118377.081936879
2025-07-25,14128.1201171875,93.64751434326172,117520.17335038
2025-07-28,14130.6103515625,93.52386474609375,118022.637320281
2025-07-29,14088.8603515625,94.02800750732422,117871.370895383
2025-07-30,14071.33984375,93.76168060302734,117732.643660725
2025-07-31,14020.4599609375,93.80924987792969,115848.339985096
2025-08-01,13796.830078125,94.62049102783203,113282.144336061
2025-08-04,14000.6904296875,94.69684600830078,115199.933659264
2025-08-05,13932.8798828125,94.72547149658203,114111.36101841
2025-08-06,14034.349609375,94.68728637695312,115034.678748977
2025-08-07,14023.349609375,94.61093139648438,117444.913924313
2025-08-08,14134.01953125,94.42961883544922,116740.687720923
2025-08-11,14100.0302734375,94.49642944335938,118742.043048644
2025-08-12,14260.4296875,94.49642944335938,120154.32493507
2025-08-13,14306.9599609375,94.84001159667969,123442.67982225
2025-08-14,14311.8095703125,94.5727767944336,118510.27128083
2025-08-15,14273.5703125,94.42961883544922,117311.209947715
2025-08-18,14273.2197265625,94.32462310791016,116312.914397989
2025-08-19,14190.7998046875,94.5059585571289,112886.10147543
2025-08-20,14156.650390625,94.56322479248047,114277.320860316
2025-08-21,14101.7900390625,94.34371185302734,112347.102298302
2025-08-22,14316.5498046875,94.8686294555664,116800.977035073
2025-08-25,14255.759765625,94.72547149658203,110089.533314144
2025-08-26,14315.599609375,94.84001159667969,111895.295495307
2025-08-27,14349.8603515625,94.9354476928711,111252.307236061
2025-08-28,14395.509765625,95.04997253417969,112481.152904109
2025-08-29,14304.6796875,94.9259033203125,108473.330441642
2025-09-02,14208.5,94.67405700683594,111140.947159836
2025-09-03,14281.23046875,95.0187759399414,111780.743587376
2025-09-04,14401.7099609375,95.40180206298828,110900.633412981
2025-09-05,14358.1103515625,95.85184478759766,110711.229484804
2025-09-08,14389.1298828125,96.17742919921875,112112.311575102
2025-09-09,14428.25,95.98592376708984,111486.396779836
2025-09-10,14471.7099609375,96.17742919921875,113930.748423437
2025-09-11,14594.6396484375,96.359375,115445.812932648
2025-09-12,14588.1796875,96.2731704711914,116149.174031958
2025-09-15,14660.1298828125,96.43598937988281,115420.931814144
2025-09-16,14641.76953125,96.4742660522461,116798.867050906
2025-09-17,14627.7998046875,96.30191802978516,116575.777628866
2025-09-18,14698.080078125,96.03379821777344,117014.426762174
2025-09-19,14769.9296875,96.03379821777344,115612.372541695
2025-09-22,14836.26953125,95.91888427734375,112727.70773813
2025-09-23,14754.6298828125,96.07210540771484,112052.393282022
2025-09-24,14712.7197265625,95.8901596069336,113324.623592192
2025-09-25,14639.1796875,95.75609588623047,109166.347974874
2025-09-26,14725.98046875,95.82312774658203,109669.102166861
2025-09-29,14764.919921875,96.00507354736328,114341.141435418
2025-09-30,14826.7998046875,95.99547576904297,113971.742796902
2025-10-01,14877.9599609375,96.24046325683594,118393.270386324
2025-10-02,14887.3203125,96.34614562988281,120558.594007013
2025-10-03,14889.83984375,96.24046325683594,122348.127640269
2025-10-06,14945.23046875,96.02912902832031,124824.453666861
2025-10-07,14888.3701171875,96.19242858886719,121587.699236704
2025-10-08,14975.1298828125,96.20204162597656,123390.353094682
2025-10-09,14934.3798828125,96.08675384521484,121603.33278609
2025-10-10,14531.41015625,96.48062896728516,113754.852328171
2025-10-13,14758.0703125,96.66316223144531,115332.252929573
2025-10-14,14735.2099609375,96.81687927246094,113327.079410286
2025-10-15,14795.66015625,96.77845764160156,110862.872485389
2025-10-16,14702.5703125,97.12428283691406,108135.049605786
2025-10-17,14780.3603515625,96.98979187011719,106625.668651373
2025-10-20,14938.2900390625,97.1530990600586,110640.249515488
2025-10-21,14938.830078125,97.24918365478516,108700.382071888
2025-10-22,14859.330078125,97.23957061767578,107667.630188486
2025-10-23,14946.1298828125,97.06665802001953,110060.936797195
2025-10-24,15064.91015625,97.16271209716797,111024.94314699
2025-10-27,15250.1396484375,97.2299575805664,114087.773805085
2025-10-28,15285.099609375,97.28758239746094,112980.685846289
2025-10-29,15284.5302734375,96.82647705078125,110206.347983051
2025-10-30,15133.23046875,96.64395904541016,108019.723841905
2025-10-31,15173.9501953125,96.58628845214844,109554.239627703
2025-11-03,15201.0,96.4677505493164,106495.802789889
2025-11-04,15022.75,96.51595306396484,101349.73723232
2025-11-05,15077.7099609375,96.25572967529297,103915.88479135
2025-11-06,14909.2802734375,96.61233520507812,101241.573677966
2025-11-07,14929.6298828125,96.57377624511719,103428.471746932
2025-11-10,15161.4697265625,96.53524017333984,106082.478156926
2025-11-11,15192.9404296875,96.82437133789062,102974.405611631
2025-11-12,15203.1298828125,96.78582000732422,101682.126652835
2025-11-13,14951.8701171875,96.49667358398438,100035.310145237
2025-11-14,14947.51953125,96.38101959228516,94502.5476025716
2025-11-17,14812.01953125,96.4002914428711,91911.4713471654
2025-11-18,14690.8095703125,96.45812225341797,92836.4419111631
2025-11-19,14746.4404296875,96.45812225341797,91320.4811332554
2025-11-20,14518.9501953125,96.57377624511719,86911.2980590298
2025-11-21,14662.6796875,96.80510711669922,84948.0463205727
2025-11-24,14889.669921875,96.99784851074219,88377.6024421391
2025-11-25,15025.5400390625,97.15206146240234,87434.550610754
2025-11-26,15129.5703125,97.3062744140625,90449.2770675044
2025-11-28,15211.1396484375,97.17134857177734,90990.1266104617
2025-12-01,15132.0,96.75169372558594,86504.6368156049
2025-12-02,15169.6298828125,96.87741088867188,91528.0245809468
2025-12-03,15215.33984375,97.06110382080078,93609.0938658679
2025-12-04,15232.8095703125,96.82904052734375,92205.5929544126
2025-12-05,15264.6396484375,96.72269439697266,89279.8344634717
2025-12-08,15212.83984375,96.56797790527344,90673.1444436003
2025-12-09,15199.66015625,96.48094940185547,92808.8518477498
2025-12-10,15302.75,96.79036712646484,92102.9300917592
2025-12-11,15334.740234375,96.80970764160156,92623.7198708358
2025-12-12,15172.1298828125,96.50996398925781,90331.6083091759
2025-12-15,15150.4599609375,96.60665130615234,86352.5802565751
2025-12-16,15114.919921875,96.79036712646484,87752.4290336061
2025-12-17,14940.009765625,96.7613525390625,86059.5522241379
2025-12-18,15058.7099609375,97.00309753417969,85434.1928673291
2025-12-19,15191.849609375,96.86144256591797,88168.0738325541
2025-12-22,15290.5498046875,96.8226547241211,88474.4622331969
2025-12-23,15360.1796875,96.8226547241211,87365.9937872589
2025-12-24,15409.7001953125,97.03607940673828,87625.6707895967
2025-12-26,15406.48046875,97.05547332763672,87334.8077808299
2025-12-29,15353.16015625,97.17191314697266,87133.5103991818
2025-12-30,15332.0703125,97.13308715820312,88428.4922735243
2025-12-31,15220.4501953125,96.90025329589844,87516.9780376972
2026-01-02,15252.8203125,96.87114715576172,89940.1801671537
2026-01-05,15349.7802734375,97.05547332763672,93948.5821794272
2026-01-06,15446.0302734375,97.03607940673828,93574.2871122151
2026-01-07,15392.990234375,97.13308715820312,91208.9562606663
2026-01-08,15394.1796875,96.95846557617188,91096.9161554647
2026-01-09,15494.509765625,97.17191314697266,90539.6032288136
2026-01-12,15520.259765625,97.12340545654297,91141.1498489188
2026-01-13,15490.4501953125,97.21070861816406,95304.4982942724
2026-01-14,15408.150390625,97.35624694824219,97043.9927258913
2026-01-15,15448.2998046875,97.2301254272461,95546.1397381648
2026-01-16,15439.4697265625,97.06519317626953,95489.1299602572
2026-01-20,15121.51953125,96.696533203125,88236.5631922852
2026-01-21,15297.01953125,97.01667785644531,89599.361874927
2026-01-22,15381.2197265625,97.03607940673828,89395.700735827
2026-01-23,15387.6298828125,97.12340545654297,89439.7718909994
2026-01-26,15464.66015625,97.2689208984375,88337.4545511397
2026-01-27,15527.8203125,97.20101928710938,89260.3805397429
2026-01-28,15526.6904296875,97.16220092773438,89177.7892507306
2026-01-29,15506.83984375,97.16220092773438,84520.3973106371
2026-01-30,15441.150390625,97.14280700683594,84017.0340292227
2026-02-02,15525.1103515625,97.03087615966797,78716.6018088837
2026-02-03,15394.75,97.04060363769531,75684.7660277616
2026-02-04,15316.75,96.98220825195312,73095.1914646406
2026-02-05,15129.23046875,97.40072631835938,63494.6884456458
2026-02-06,15427.830078125,97.45913696289062,70647.6982188778
2026-02-09,15501.650390625,97.48833465576172,70244.1017773232
2026-02-10,15451.3203125,97.77059173583984,68688.793113384
2026-02-11,15451.0,97.54674530029297,66989.7165920514
2026-02-12,15210.2998046875,97.98472595214844,66221.5443115137
2026-02-13,15220.1298828125,98.29618072509766,68860.8411633548
2026-02-17,15237.83984375,98.3059310913086,67471.0508465809
2026-02-18,15323.23046875,98.1696548461914,66380.7069611339
2026-02-19,15282.08984375,98.18911743164062,66932.3522118644
2026-02-20,15388.6396484375,98.20858764648438,67977.3092612507
2026-02-23,15229.2802734375,98.40325164794922,64689.9123308007
2026-02-24,15346.740234375,98.39352416992188,64123.7510780245
2026-02-25,15472.0595703125,98.34485626220703,68038.5221794272
2026-02-26,15389.1298828125,98.5005874633789,67519.2645292227
2026-02-27,15323.7998046875,98.69525146484375,65864.1358170661
2026-03-02,15331.1796875,98.3008041381836,68922.6242974869
2026-03-03,15186.990234375,98.19339752197266,68431.1740306838
2026-03-04,15305.009765625,98.15434265136719,72667.4630575687
2026-03-05,15219.1396484375,97.8711929321289,70987.427176505
2026-03-06,15019.2001953125,97.7540283203125,68226.7053927528
2026-03-09,15145.3798828125,98.06648254394531,68528.5384699007
2026-03-10,15114.7001953125,97.74427032470703,69891.8238576856
2026-03-11,15102.5703125,97.3049087524414,70298.5753530099
2026-03-12,14873.2197265625,96.94364929199219,70538.1074623027
2026-03-13,14785.0703125,96.86554718017578,70930.0132793688
2026-03-16,14936.3701171875,97.24632263183594,74723.9575534775
2026-03-17,14974.1796875,97.44161224365234,74086.013609585
2026-03-18,14770.48046875,97.03153228759766,71253.9579275278
2026-03-19,14730.740234375,97.13892364501953,69948.9048267095
2026-03-20,14508.1201171875,96.32854461669922,70510.4196797194
2026-03-23,14675.169921875,96.68978881835938,70726.2110461718
2026-03-24,14620.3798828125,96.4261703491211,70610.0187121566
2026-03-25,14700.1796875,96.76789855957031,71281.2973921683
2026-03-26,14444.3603515625,96.22115325927734,68722.9718366452
2026-03-27,14203.240234375,96.21137237548828,66214.1715134424
2026-03-30,14147.3095703125,96.6995620727539,66651.2320037989
2026-03-31,14560.75,96.92411804199219,68214.8680388662
2026-04-01,14665.6796875,96.98975372314453,68116.8167933957
2026-04-02,14683.2001953125,97.215087890625,66908.3179918177
2026-04-06,14749.3095703125,97.03874969482422,68742.9133085915
2026-04-07,14760.6396484375,97.15631103515625,72057.1243614845
2026-04-08,15130.8603515625,97.4110336303711,71085.0583702513
2026-04-09,15225.1796875,97.46981048583984,71788.6797825833
2026-04-10,15209.3798828125,97.30326080322266,72945.0707241379
2026-04-13,15364.1103515625,97.49919128417969,74632.7455856224
2026-04-14,15545.5498046875,97.75392150878906,74173.5083603156
2026-04-15,15670.76953125,97.59717559814453,74761.964654588
2026-04-16,15711.7998046875,97.46001434326172,75095.7442159556
2026-04-17,15901.0302734375,97.82249450683594,77114.481438048
2026-04-20,15863.6796875,97.81269836425781,75814.1453237873
2026-04-21,15763.01953125,97.4502182006836,76107.4432977791
2026-04-22,15928.16015625,97.58737182617188,78317.7422720631
2026-04-23,15862.5498046875,97.43062591552734,78233.6837492694
2026-04-24,15989.6904296875,97.56777954101562,77444.269277031
2026-04-27,16009.490234375,97.42082977294922,77256.297159848
2026-04-28,15931.2197265625,97.38164520263672,76295.531117183
2026-04-29,15924.900390625,96.95056915283203,75795.0098530099
2026-04-30,16088.5595703125,97.08772277832031,76299.6161285798
2026-05-01,16136.0302734375,97.21553039550781,78132.6437852133
2026-05-04,16071.4404296875,96.91079711914062,79826.107817066
2026-05-05,16202.3798828125,97.08772277832031,80936.7548252484
2026-05-06,16438.759765625,97.5005874633789,81364.6201285798
2026-05-07,16376.349609375,97.26466369628906,79988.9987343659
2026-05-08,16516.80078125,97.4907455444336,80179.6922957335
2026-05-11,16549.25,97.23518371582031,81714.7420499708
2026-05-12,16523.2890625,96.95011138916016,80525.563024547
2026-05-13,16620.58984375,96.98943328857422,79291.9110017534
2026-05-14,16748.2109375,96.95994567871094,81175.8271116306
2026-05-15,16544.279296875,96.35050201416016,79063.4145756868
2026-05-18,16533.109375,96.34068298339844,76975.9111998831
2026-05-19,16423.779296875,95.96715545654297,76807.460956166
2026-05-20,16601.419921875,96.54710388183594,77408.1722089421
2026-05-21,16631.9296875,96.66505432128906,77595.3861717446
2026-05-22,16694.890625,96.76336669921875,75567.5430431093
