,Equity,Bond,BTC
2015-01-05,-0.01821590147982255,0.0021741055329993486,-0.12957690136469324
2015-01-06,-0.008889153995596089,0.00252950208295033,0.045619977396202716
2015-01-07,0.011943926359823775,-0.0001809389634155334,0.0347280847142899
2015-01-08,0.01790919874394814,-0.001532195296645611,-0.04434150009289506
2015-01-09,-0.008399952689431278,0.002437637288065009,0.02869330395290559
2015-01-12,-0.008091960873571225,0.0008111105640733474,-0.08165398809282176
2015-01-13,-0.0024789535366239734,0.0002698014995052844,-0.16569716665093748
2015-01-14,-0.005782262511042191,0.002429274125685721,-0.21628166658658354
2015-01-15,-0.009221862377310042,0.0045769384030118765,0.20897212419000843
2015-01-16,0.013435645638783411,-0.0038413163261433736,-0.022349929081813547
2015-01-20,0.0015811312138964695,0.001703837782253581,0.020832123934446223
2015-01-21,0.004852124094784971,-0.001790762322208983,0.07542642288347912
2015-01-22,0.015278113982554853,-0.0005382874913198998,0.025199939938057803
2015-01-23,-0.005488677439392964,0.002513202752002064,-0.002202166295981245
2015-01-26,0.0025772765764520145,-0.00044817933546170696,0.1750906920061701
2015-01-27,-0.013386558142737148,-0.0005369937458254981,-0.03357680237140126
2015-01-28,-0.01341490369942644,0.004211210783615638,-0.10960357722102165
2015-01-29,0.009607260380417815,-0.0008024491857017146,-0.007544321538145882
2015-01-30,-0.01297665368880474,0.003571491415535588,-0.02163293015062706
2015-02-02,0.012988608600503548,-3.572732827650249e-05,0.048914007633940715
2015-02-03,0.014463659481253277,-0.003832387782250035,-0.051299929175310344
2015-02-04,-0.0038591130056955247,0.0015211372208858709,-0.004366408173576586
2015-02-05,0.010492037759855632,-0.0020546777675645167,-0.043081110288290314
2015-02-06,-0.0031490770791225975,-0.005818723480727983,0.026329606596165123
2015-02-09,-0.004201327238645969,-0.00018019100818300604,-0.008784266348572323
2015-02-10,0.01072353440098528,-0.0010807693637606697,0.0005420177055250885
2015-02-11,0.00031622432149136515,-0.0004501879565710354,-0.006303165369017205
2015-02-12,0.009887199240478317,0.000179831921549356,0.014065724107550581
2015-02-13,0.004158227399056358,-0.0011718926982767774,0.06277263572352032
2015-02-17,0.0017535701211135457,-0.004063081423303694,0.03107277015941956
2015-02-18,-0.0002697168732596067,0.0028107033978703733,-0.03243285784035432
2015-02-19,-0.0009001221019779848,-0.0008138931717402986,0.024903137097295414
2015-02-20,0.006249482199615297,0.00018067222508078018,0.01512584131863659
2015-02-23,-0.00029418327227292984,0.0018097446064300193,-0.02632972361396435
2015-02-24,0.002790081379788978,0.0044238828743081715,0.003359926721844486
2015-02-25,-0.0005971446894841304,0.0007195026484296818,-0.006808505044600177
2015-02-26,-0.0013133966648438689,-0.0035937864920452256,-0.005002216686126326
2015-02-27,-0.0029475548289394915,0.0025251911200925292,0.07624045040500493
2015-03-02,0.00618146682649634,-0.0050802742301782056,0.08312208918866104
2015-03-03,-0.004526647451221555,-0.0012682840459121714,0.023100850031741338
2015-03-04,-0.004183104682580763,0.0005441995317874149,-0.032749102074472014
2015-03-05,0.0012394702165352545,0.00045272674582741423,0.010317418410103363
2015-03-06,-0.014049708633949609,-0.006520350622212789,-0.0106805192363284
2015-03-09,0.004039853181130981,0.002551986423801944,0.06151053761736103
2015-03-10,-0.016897631623455145,0.0023641222580434995,0.00754945587785838
2015-03-11,-0.0017643498549123615,0.001995995174285614,0.014959429731727036
2015-03-12,0.012857213983936688,0.0008147604811628018,-0.00300978965037646
2015-03-13,-0.006050905174726506,-0.0018999421735964583,-0.033432410408247626
2015-03-16,0.013552492976279584,0.0021754411148993125,0.019170620420374984
2015-03-17,-0.003320654790440525,-0.00018076591463400682,-0.021084034629355042
2015-03-18,0.012183768827990438,0.007326306797549753,-0.09802767254603884
2015-03-19,-0.004860885824221506,-0.0035022540225480014,0.018682652190640248
2015-03-20,0.00901465446016525,0.0030640389176614935,0.003332955476148536
2015-03-23,-0.0017460834491879185,0.00017937454533867303,0.014494245430662689
2015-03-24,-0.006056065631326102,0.0026944982766630154,-0.0747547043550959
2015-03-25,-0.014535856125048152,-0.0018812977719816493,-0.0004697315667990809
2015-03-26,-0.0023528399581980164,-0.0035894474906134066,0.011405101549122998
2015-03-27,0.0025619787125323867,0.0014412175082914036,-0.008632506808415319
2015-03-30,0.012328911944934129,0.00044976792222128914,0.0038727484142058177
2015-03-31,-0.008695735131281301,0.0017075144018132704,-0.014594884433973054
2015-04-01,-0.00383944039368711,0.0032467830910660744,0.010107100649512146
2015-04-02,0.003556103892540685,-0.0013449690139504256,0.026070472158701286
2015-04-06,0.006616519561946754,0.0006286047113006621,0.010792554987605785
2015-04-07,-0.0020421611830113706,0.00017855677727429686,-0.005989408067464286
2015-04-08,0.00306423959435298,9.063281075971652e-05,-0.03534364292625003
2015-04-09,0.00445843893048159,-0.002510745487953492,-0.007991752442217503
2015-04-10,0.005199613361107858,0.0,-0.032759430386109956
2015-04-13,-0.004490629094310861,0.0010784850846667915,-0.04394870575595233
2015-04-14,0.0016325339868876743,0.001077701747082438,-0.025491155283964062
2015-04-15,0.005151332938791553,0.0013446370826972753,0.016184546630797714
2015-04-16,-0.000755375140492065,-0.0005364150988105276,0.023195632603895122
2015-04-17,-0.011310093374026664,0.0008059990586444243,-0.02498428723839563
2015-04-20,0.009260682016132282,-0.0007165377710351972,0.00947030902597823
2015-04-21,-0.0014659849515776813,-0.0010751995551107063,0.044662874935178065
2015-04-22,0.005121507397957581,-0.002960926846877654,-0.004754153464363586
2015-04-23,0.0024549720022501997,0.0015301890868386625,0.00902768407806942
2015-04-24,0.002256230151410854,0.0017071862219182332,-0.018965959718098224
2015-04-27,-0.004138179347562443,0.0003578697505346451,-0.017854606067102097
2015-04-28,0.002860344224381306,-0.0038545584289751966,-0.007815303316394684
2015-04-29,-0.0036737579584300573,-0.0022497071548504,0.0005316780015045541
2015-04-30,-0.01008010359227507,0.0,0.04723144954212133
2015-05-01,0.010924615772654356,-0.0028378452378960972,-0.015154335078226833
2015-05-04,0.0029378595711297972,-0.001903192141938792,0.026767648043308112
2015-05-05,-0.011745345770727167,-0.000908323949834644,-0.012358018107195834
2015-05-06,-0.004081134848247792,-0.003362582478641074,-0.02771828793743525
2015-05-07,0.004024814627422435,0.0024625738184562707,0.0333337431282974
2015-05-08,0.013478403829599195,0.0032744408631693034,0.030585604873005767
2015-05-11,-0.0048910610527108656,-0.0063470412840973545,-0.008730686934656617
2015-05-12,-0.0028954644808915075,-9.109760421943669e-05,-0.00016819486330288402
2015-05-13,-8.521322796917197e-05,-9.120190575506726e-05,-0.023363392666825966
2015-05-14,0.010893020530190034,0.001551341899221459,0.0016852688262718463
2015-05-15,0.0008868889324022966,0.004191280445666523,0.002260342144067895
2015-05-18,0.003105194890614893,-0.003810936100736795,-0.01937243347289974
2015-05-19,-0.0004429541330224218,-0.0034612759689128803,-0.003904962934113798
2015-05-20,-0.0008226294607672768,0.0015540412283936433,0.009552170376311953
2015-05-21,0.0024775745371077296,0.003103739916829662,0.0058222541736725475
2015-05-22,-0.0022222762977431865,-0.0010930503628219235,0.020247525194541316
2015-05-26,-0.010264624836662906,0.0024593715499376945,-0.014675829787922146
2015-05-27,0.009328358678059478,0.0009999930224153797,0.0017201926329009076
2015-05-28,-0.0010943669807584877,-0.0003631403475853334,-0.0010400959266854137
2015-05-29,-0.0062924588690495,0.0003632722664024257,-0.001309754522462403
2015-06-01,0.00216133830810894,-0.0027649465960247754,-0.05647167045448975
2015-06-02,-0.0009590726589414622,-0.003920878082121049,0.009127886071196079
2015-06-03,0.002305011805806556,-0.003936408010627335,-0.0004781519499617026
2015-06-04,-0.008604752827652828,0.002113266938707392,-0.007428461440975531
2015-06-05,-0.0013948802760347379,-0.004401854119855941,0.005327881464915807
2015-06-08,-0.006306569730284095,0.001473417353203832,0.0179913682088515
2015-06-09,0.00044513424858716455,-0.002851705150455408,0.0026062288786794507
2015-06-10,0.0121098367298893,-0.002490512012305768,-0.0034095142140053714
2015-06-11,0.002028469243848141,0.005363731078730893,0.004356843708296809
2015-06-12,-0.0069350620992326695,-0.001195003933119998,0.0009879014040441447
2015-06-15,-0.004601416416264215,0.0011964336760685867,0.030371643395909143
2015-06-16,0.005705010828304546,0.0016563148597754651,0.06183392191774595
2015-06-17,0.002002722719967709,9.131889948288396e-05,-0.013774498966542592
2015-06-18,0.010029630856536853,-0.00027508873371340226,0.004206818422185954
2015-06-19,-0.005301647466591897,0.0031232561104732603,-0.016902748537248047
2015-06-22,0.006093876949901933,-0.004944941840134498,0.009045656551220471
2015-06-23,0.0007185967884428823,-0.002300929009871,-0.011469327731728929
2015-06-24,-0.0073232303452196446,0.001568449327077559,-0.01528849691837142
2015-06-25,-0.002931901932430092,-0.001104946198296597,0.007886463728429494
2015-06-26,-0.00021355018642932322,-0.0023969403266309586,0.0025588824688502765
2015-06-29,-0.020768296553393073,0.0059145162598739365,0.05631286903096755
2015-06-30,0.0027197733954145153,-0.0006432292500687664,0.02806985481441049
2015-07-01,0.007183173187597314,-0.0025243789054898436,-0.022026201725547923
2015-07-02,-0.00031222221989302135,0.001386057785729422,-0.012771277234629674
2015-07-06,-0.0038286650164661706,0.0035960756273683003,0.05649063700217627
2015-07-07,0.006090327212919355,0.001378024159283564,-0.009913210450377297
2015-07-08,-0.01635823252951707,0.002385794660689333,0.015409708759225538
2015-07-09,0.0022679082570036257,-0.0036621230759225076,-0.0033108540049842095
2015-07-10,0.01233848255128267,-0.00422574158207123,0.058878886426731336
2015-07-13,0.011155023797849939,-0.0014767626709051296,0.024830064742442648
2015-07-14,0.004462228998513673,0.0016638997945568335,-0.016771861858532744
2015-07-15,-0.0007199168274022449,0.0026748511498360106,-0.006318412564611853
2015-07-16,0.008037456135431276,0.0008280147430590468,-0.02584660603895972
2015-07-17,0.0011114037764257123,9.161510788047167e-05,0.0055001627527471175
2015-07-20,0.0007952113897145008,-0.0017462108678700794,-0.003393257320514098
2015-07-21,-0.0042266226843562515,0.001657498494433307,-0.008820686006006273
2015-07-22,-0.0022815793415964514,0.0004600022503984391,0.0040193268067481025
2015-07-23,-0.005610976924305344,0.002848006467691011,-0.003430031381553178
2015-07-24,-0.010699481806778266,-0.00018300991979058878,0.04513664333380096
2015-07-27,-0.005771196256436295,0.0012835127434136506,0.01770024100614287
2015-07-28,0.012393169779505886,-0.0010068869803413483,0.003339925445416947
2015-07-29,0.0074418295228353415,-0.0008248127801721017,-0.018801958500183957
2015-07-30,0.0001101200101754074,9.147595883041149e-05,-0.005587521393774941
2015-07-31,-0.002263933164951437,0.0039428104647381,-0.01262483868668507
2015-08-03,-0.0027542431167578707,0.001033965142435811,-0.008476088341471177
2015-08-04,-0.0022213568355974322,-0.0029253628548421284,0.010991245429889718
2015-08-05,0.0034954878788111543,-0.0018333924616225072,-0.010332523106088676
2015-08-06,-0.007473044514858418,0.0011941197168656714,-0.011840870593031405
2015-08-07,-0.0028386915966330806,0.00174284560201321,0.0017669315616619663
2015-08-10,0.012831340321873164,-0.0012821845121649966,-0.05209473243453733
2015-08-11,-0.00937334532364864,0.0033009225320856928,0.024508132947588246
2015-08-12,0.0011805029304003956,-0.0006397555757092777,-0.012076658517264693
2015-08-13,-0.0011222323592294803,-0.002102989780600195,-0.012874583043678056
2015-08-14,0.003916584312769089,-0.00045863522425870773,0.006287745373463105
2015-08-17,0.00539951575526576,0.0017419833620739844,-0.03133605055267208
2015-08-18,-0.0024364596348041,-0.0018303722324845006,-0.15551183581577788
2015-08-19,-0.008191101044313753,0.003117846962249704,0.04283145217594675
2015-08-20,-0.021095222337043973,0.001554030301822218,0.03655353890097501
2015-08-21,-0.031694590066143724,0.001733556035926842,-0.011562586492212756
2015-08-24,-0.039385567362722806,-0.00036438776613811896,-0.0895388527797969
2015-08-25,-0.013511156038019445,-0.0023692885299648747,0.050478052135140006
2015-08-26,0.03911475023140998,-0.004659439712980662,0.015547192344100624
2015-08-27,0.024403417547033346,0.0013769968566379465,-0.0052044935631312406
2015-08-28,0.0007319717780169821,-0.0009171509822056834,0.03214606108267826
2015-08-31,-0.008276230169320331,-0.0007336650850551241,-0.006380398157703526
2015-09-01,-0.02952949468175925,0.0029618773875905724,-0.011850977512075866
2015-09-02,0.01846511743613477,-0.0012836950810581893,0.0067847005448531394
2015-09-03,0.0012187969624473105,0.001469787488592278,-0.010435888390199488
2015-09-04,-0.015251224608558211,0.002108689650736073,0.017923003993888686
2015-09-08,0.025203203014266817,-0.0023790690070428777,0.056222537577417686
2015-09-09,-0.013813398495886253,0.00036652992011121377,-0.022330257139214882
2015-09-10,0.00536205042923954,-0.001099761163269708,0.00011734977308752725
2015-09-11,0.004798531496258418,0.0011934382837179847,0.00877288680252164
2015-09-14,-0.004026282603655562,0.0002749627513043418,-0.04108955470631548
2015-09-15,0.012844180633660773,-0.004492343296852996,-0.002382363487602124
2015-09-16,0.008744473344852954,-0.0008281906605044353,-0.005882432735511145
2015-09-17,-0.0023951016211071208,0.006266742029043426,0.018159938743698145
2015-09-18,-0.016154149834201714,0.0008240018942484717,-0.00011821012443513634
2015-09-21,0.004575418560763156,-0.0026539287764066888,-0.027454398369007316
2015-09-22,-0.0122933173744737,0.002385755568271364,0.016989893848428084
2015-09-23,-0.001996831925942799,-0.0008235495424762096,-0.002141416770586102
2015-09-24,-0.003363370809887245,0.0012818567359200728,0.018195743212442217
2015-09-25,-0.0004622626451267209,-0.001737449211792641,0.0051995304963805555
2015-09-28,-0.025378054078729284,0.002382173437187829,0.019016206828584403
2015-09-29,0.0012918774175598724,0.0015549157832683846,-0.01117016126599002
2015-09-30,0.01913718340602233,0.0003648517333649792,-0.0025128305519597216
2015-10-01,0.002044734280964189,0.0007770631679582252,0.006293684066246197
2015-10-02,0.014415234448282188,0.0030146589863326856,-0.0012290927871121404
2015-10-05,0.018343712839435256,-0.0037338915492817204,0.012710114168482
2015-10-06,-0.003593460595370912,0.00246776212483768,0.024814302343867167
2015-10-07,0.008426737592376554,-0.0007287483628102276,-0.012982930785382596
2015-10-08,0.008822201138033448,-0.0013695627886634032,-0.0028918923034898514
2015-10-09,0.0007580759989436192,-0.0008221600653767203,0.005839841472048191
2015-10-12,0.0012723580888971409,0.002560941839605313,0.006728399833425991
2015-10-13,-0.006726642601193933,9.115050278674097e-05,0.017788608441744458
2015-10-14,-0.004658700901671753,0.0037401563578096653,0.010663995562748552
2015-10-15,0.01490654349169418,-0.0013630802204334103,0.0061257613044019
2015-10-16,0.004569303358844978,-0.0010018983636829182,0.031584487053399224
2015-10-19,0.0002854600743371627,0.0010029031707285974,0.006186272752388922
2015-10-20,-0.0013950911395682608,-0.002002943402366064,0.024471996028480714
2015-10-21,-0.005696618978118795,0.0023715892669220473,-0.010308944184463598
2015-10-22,0.01665289471771092,0.00018188166678290152,0.027513553049259176
2015-10-23,0.011035210723530309,-0.0017280828145499472,0.011610921969512633
2015-10-26,-0.0019053922740407403,0.0004558356311012979,0.029038886326312907
2015-10-27,-0.002552359949815286,0.0014569277412230797,0.030901382777513087
2015-10-28,0.011933619550753782,-0.0030011399708337327,0.030041601337028823
2015-10-29,-0.000334087691839291,-0.004287378670300601,0.034283580968760496
2015-10-30,-0.0048097090902974315,0.0026565529004767274,0.04323196805189733
2015-11-02,0.01187446427337191,-0.001968074661191088,0.10997001911900628
2015-11-03,0.002744237067879407,-0.001834235366007353,0.09957438695521748
2015-11-04,-0.0031898853479764844,0.0,0.011370200948866316
2015-11-05,-0.0009271123465126596,-0.00045949704136072356,-0.05213665492115693
2015-11-06,-0.00023260166680594274,-0.004780908713923782,-0.029572172864897217
2015-11-09,-0.009616480644000225,-0.0006472980565017661,0.02016279388707143
2015-11-10,0.0017710322209618656,0.0018490556244912248,-0.11213043474904927
2015-11-11,-0.0032266179051937405,-0.0012919884245818913,-0.08557047478407409
2015-11-12,-0.01381177037950676,0.0009245916498952234,0.09258254685612677
2015-11-13,-0.011194731059930074,0.0019388411829752705,-0.0007230037651478893
2015-11-16,0.015078487248512573,0.0008284619248515313,-0.018222996268582814
2015-11-17,-0.001128408917280943,0.0007367580940265128,0.014245227726093157
2015-11-18,0.016244206261403438,-0.0007362156811644427,-0.0003134768176471514
2015-11-19,-0.0010807180068551636,0.0004600670509204985,-0.028332137378792588
2015-11-20,0.003964362309144764,-0.0006436254864978785,-0.013155264233761566
2015-11-23,-0.0011930627466689714,0.0002763590220546952,0.003330059343615188
2015-11-24,0.0012509949100367734,0.0009200490399343675,-0.00944607184533064
2015-11-25,-2.5618771631874537e-05,0.00045969727481165457,0.028125586493913612
2015-11-27,0.0008133072194733693,-0.0002755196096280166,0.09213376976177146
2015-11-30,-0.004588847856704881,0.0003674607221386683,0.050438597113759975
2015-12-01,0.010762687614203958,0.0035046927679447393,-0.03936900914351393
2015-12-02,-0.010765346354067562,-0.0011950671437286342,-0.009130140850639346
2015-12-03,-0.014331388029400705,-0.007360411221254526,0.005533240455651178
2015-12-04,0.020531854413908812,0.0032439314470604774,0.005624327461811962
2015-12-07,-0.0069136636003038765,0.0014784322931047367,0.08838457282450274
2015-12-08,-0.00640229320241692,0.0003688951508975524,0.04667315395732641
2015-12-09,-0.007676198728143291,0.0,0.009265401701355813
2015-12-10,0.0023614711492161433,-0.00018461845423900503,-0.004556029886137125
2015-12-11,-0.019264595248782435,0.0024905155304066895,0.09172194154246038
2015-12-14,0.004822944486194469,-0.004692556510888846,-0.02394957701703959
2015-12-15,0.01062689942076056,9.272268675086792e-05,0.0488184825185094
2015-12-16,0.014606955643826636,-0.0017562040859329109,-0.02254622550728791
2015-12-17,-0.014887262595891348,0.0013889363296082369,0.004618907599108324
2015-12-18,-0.01779599394015563,0.0021265057239547858,0.015201720733923008
2015-12-21,0.007895762386021188,-0.0009224561274014942,-0.05513164102688983
2015-12-22,0.0089221228131795,-0.0007387036903412358,-0.005419408044883056
2015-12-23,0.012495866231044372,-0.00018531523749987233,0.016994912561229425
2015-12-24,-0.0015964649605015868,0.0004820047104656666,0.029848676248021677
2015-12-28,-0.00217275272763362,0.0,-0.07639276069509537
2015-12-29,0.010824858883370814,-0.002499817133254534,0.024431947216919436
2015-12-30,-0.007116147298814046,-0.0001850526949066511,-0.012278884593476147
2015-12-31,-0.009409213718958087,0.0026916326684602865,0.008528484005474901
2016-01-04,-0.015074865488203915,-0.0003704248367890628,0.008778259724734339
2016-01-05,0.002013841201667921,0.00046327446066651845,-0.0017982934359853653
2016-01-06,-0.012761297306100872,0.0037956171956163853,-0.004603127678453278
2016-01-07,-0.02367431829999067,-9.250976121033538e-05,0.066246892250861
2016-01-08,-0.01083273316020772,0.0022138584813069517,-0.011050560913874241
2016-01-11,0.0008509831081822128,-0.002852976901241533,-0.011233160122768537
2016-01-12,0.007805035362697721,0.002215288304822094,-0.016178990980091235
2016-01-13,-0.02485212134968018,0.002302193707292677,-0.02140831525942244
2016-01-14,0.016712311482172115,-0.00036759993725432594,-0.0057537803931638765
2016-01-15,-0.021557111286528152,0.0011950203209531995,-0.14424540432714106
2016-01-19,0.0005371286632351868,-0.0010101831895682478,0.02810732203620514
2016-01-20,-0.011546955877565712,0.0008273233760571763,0.1122831750147939
2016-01-21,0.00522737018643582,-0.0013777324631558674,-0.026923079663354832
2016-01-22,0.020286214779597467,0.0007360262455491373,-0.06902542539451184
2016-01-25,-0.015632210610680652,-0.000551162376844716,0.028709459599286502
2016-01-26,0.01414699501358574,0.0012865012527534248,-0.0021510002309774734
2016-01-27,-0.010800458019347259,0.00018428216495181005,0.008908751598117437
2016-01-28,0.005618033569101399,0.000825557286765255,-0.03985159054297238
2016-01-29,0.02478184520012605,0.0029353911390435083,0.0002612798790615489
2016-02-01,-0.00041300014761525006,-0.0012100036806051984,-0.020518627542339907
2016-02-02,-0.018713866049277605,0.003027963785250165,0.004590755750140563
2016-02-03,0.005336113105724127,-9.090451693505308e-05,-0.012950031591456024
2016-02-04,0.001725500439776706,0.0010058937538293122,0.058747568574714526
2016-02-05,-0.01842675801585003,-0.0009140615237345218,-0.013662694134158992
2016-02-08,-0.01406179525159812,0.0038421553980150236,-0.03533850078880907
2016-02-09,-0.00045508112988379423,-9.140290768450132e-05,0.00727388929588435
2016-02-10,0.00015560843178219486,0.0024607686276545415,0.01491519561347543
2016-02-11,-0.012114538684342646,0.0006367132798577035,-0.0038077360401523874
2016-02-12,0.019623865702186105,-0.0027259901730848357,0.012327353146104558
2016-02-16,0.01685217470605438,-0.002459683711975247,0.06471674540914862
2016-02-17,0.0165841476561861,-0.0005479232070640938,0.020363844912299145
2016-02-18,-0.004612391891998691,0.0030153240469121823,0.014363600392208742
2016-02-19,0.00011950878023059275,0.00018237985022295788,-0.003947721928201031
2016-02-22,0.014452795262019258,0.0002731439184591178,0.042677870284205666
2016-02-23,-0.01239478980435682,0.00018201489834690499,-0.04000294988944353
2016-02-24,0.004491434982829778,0.00036386959958267795,0.009433839105443154
2016-02-25,0.01159112847044752,0.002548508630330737,0.00022584633922484443
2016-02-26,-0.0017527835945800874,-0.0018154682390482124,0.01808898104291412
2016-02-29,-0.008029674902929163,0.0011822006030284271,0.013928106816412322
2016-03-01,0.02388708518152205,-0.002994521355110469,-0.011348285153395476
2016-03-02,0.004278788520256205,-0.0010952216688605576,-0.02247666574435936
2016-03-03,0.0036009135921477586,0.001188096930939464,-0.00900768165997512
2016-03-04,0.0033261780879905167,-0.0015522915525425507,-0.026900800782116985
2016-03-07,0.000953296964941508,-0.0002744649228649809,0.012841515436689432
2016-03-08,-0.011056000333570015,0.0024697322879141392,-0.00436419350633499
2016-03-09,0.005226626484984731,-0.0004558448241084312,0.0027094796869648885
2016-03-10,0.00021945034320225432,0.0004560527133774528,0.009211758155364791
2016-03-11,0.01667587319820285,-0.0018244127451281233,0.007616367581814831
2016-03-14,-0.0011947250921244823,0.0005484465512621828,-0.010690940129176929
2016-03-15,-0.0018205394387711404,-0.000913984174226723,0.000576933646316169
2016-03-16,0.0056669631789485475,0.0042970002349194125,0.0042327483641058095
2016-03-17,0.006606122504818401,0.002094071591072444,0.003791735977765942
2016-03-18,0.004403845511156579,0.0008173164812954603,-0.023181204198373995
2016-03-21,0.000991671782307968,-0.0021784785686655983,0.006603512259203637
2016-03-22,-0.0007235634830401461,-0.0006363083622273891,0.012098781132318104
2016-03-23,-0.006384299189773568,0.0021846247936914143,0.001912339866494861
2016-03-24,-0.00037616701688014675,9.017282688628114e-05,-0.00914771951138127
2016-03-28,0.0005539690857947477,0.0007271165461009144,0.02262598285174211
2016-03-29,0.009020029711853894,0.002994395905534075,-0.01667847499018893
2016-03-30,0.004454154128063603,-0.00036146403838177577,-0.007421013232327356
2016-03-31,-0.002035527433289719,0.0031674729915573963,0.007701756804054716
2016-04-01,0.00633852485640829,-0.0008858465089024437,0.00299033217414868
2016-04-04,-0.0029915160307213418,0.0009952636388368408,0.005608973916368276
2016-04-05,-0.010141511093508804,0.0013559887707703666,0.007056851293836486
2016-04-06,0.010871921172573629,-0.00018075162240349663,-0.0014063224965373822
2016-04-07,-0.011940595947981691,0.002167277076625007,-0.0010428150919993273
2016-04-08,0.0027954310769378043,-0.0009911447059232081,-0.00669983183284506
2016-04-11,-0.002738337825834658,0.0007219184565849801,0.011058535236378786
2016-04-12,0.009695042321767433,-0.0016223110846808053,0.009815462221291815
2016-04-13,0.010189675284692834,0.0004515597972054586,-0.0059779622981448455
2016-04-14,0.0002756039598508231,-0.0017144479263452306,0.0023161697066189646
2016-04-15,-0.0009847137376566284,0.002801968233584029,0.011430664323889728
2016-04-18,0.006560028308111532,-9.059969774161125e-05,-0.002478348219740578
2016-04-19,0.003082276390497407,-8.949615333309069e-05,0.018414208870120463
2016-04-20,0.0008194188245282952,-0.002434309410519697,0.01163914789584175
2016-04-21,-0.005167717776707326,-0.0013556839762816075,0.021467975444277254
2016-04-22,5.0790278752987916e-05,9.09604559182764e-05,-0.008913304041243797
2016-04-25,-0.0018085133826517552,-0.0010862182984445745,0.03834024906885203
2016-04-26,0.0018703110210558371,-0.0004531141379338077,0.009225467852884472
2016-04-27,0.0017245726300427755,0.0029908658021400303,-0.05082454424827487
2016-04-28,-0.009163274156768986,0.00198728379814872,0.01193282048426414
2016-04-29,-0.005053891263870125,-8.962112322608018e-05,0.01319093387439163
2016-05-02,0.00781870652489225,-0.0006780116601321495,-0.026425909611804133
2016-05-03,-0.008651240702743257,0.0018086394532901284,0.015048981007766304
2016-05-04,-0.005722547871833683,0.0004512509622875971,-0.007220271278779222
2016-05-05,0.0,0.0025251807821962124,0.0021591750067948556
2016-05-06,0.003308831198219453,-0.0015294584836345049,0.02750233209847064
2016-05-09,0.0007638254196487004,0.0006306003220766243,0.0038301772242461674
2016-05-10,0.012503414414517078,0.0004504089158605673,-0.02671752412262063
2016-05-11,-0.009040831720705134,0.0,0.006244211688675616
2016-05-12,-7.190331977502407e-05,-0.0009001352280716413,0.003769474772747028
2016-05-13,-0.008399237945696192,0.00189256935215254,0.003587841797950242
2016-05-16,0.009898523476206789,-0.0017088133047196141,-0.004413036848588514
2016-05-17,-0.00910599216478769,-0.0013511291770985645,-0.003686756425749005
2016-05-18,0.0003548717466190787,-0.004149747375499002,0.0020734556896200296
2016-05-19,-0.003697334273253916,0.0006339490593774144,-0.03688120243727422
2016-05-20,0.006179889520429249,0.0006342903688441037,0.010674786167740313
2016-05-23,-0.0020481517764899815,-0.00018172083317979926,0.004087412113608302
2016-05-24,0.013704041656980692,-0.0005426624490116883,0.0033079264589968016
2016-05-25,0.00703642502784696,0.00018092377935663428,0.010938639593174093
2016-05-26,-7.099540133015392e-05,0.0015391525588515087,0.008621017165008071
2016-05-27,0.0044674567585951674,-0.0001808912123401063,0.03825947340356395
2016-05-31,-0.0009389905712701152,0.0006326310189319617,0.12530956893011225
2016-06-01,0.0013012156666736274,-0.0005613344282613397,0.012562511094622808
2016-06-02,0.0029421190033203093,0.0025358154843957426,0.002153152707769168
2016-06-03,-0.002900811437306139,0.005419987274836613,0.05828957179555316
2016-06-06,0.0049227548897672335,-0.0013472553708065993,0.027502317014837407
2016-06-07,0.001310648125643299,0.0008995354749063988,-0.01261042622736075
2016-06-08,0.0035155868335132734,0.0003595828507603205,0.008001021189693036
2016-06-09,-0.0016741590923926575,0.0007187231899090651,-0.01028281675878906
2016-06-10,-0.009160834131241358,0.0013467760256031802,0.004701587024629861
2016-06-13,-0.007818250453768827,0.0008069420705754116,0.21473536550616723
2016-06-14,-0.0017312923398348223,-0.0004475931205147887,-0.027506545074757804
2016-06-15,-0.0017623146115451904,0.002150583820362817,0.014677237319746572
2016-06-16,0.003298376616612586,0.0006265180997881981,0.1041991508181368
2016-06-17,-0.003254458194912546,-0.000715088588886692,-0.02268040529509141
2016-06-20,0.005814802788211226,-0.0027728252500937023,-0.03668885954450585
2016-06-21,0.0028016971541431346,-0.0007173145213850152,-0.07320890546827641
2016-06-22,-0.0016438928480920767,0.0006281237298968456,-0.11166481560122954
2016-06-23,0.013378320446025826,-0.001704165095965271,0.05521698091036531
2016-06-24,-0.03592226262321008,0.005391550088362562,0.05806980398208994
2016-06-27,-0.018095393700934714,0.004022092267706334,-0.017891424715892112
2016-06-28,0.017992507033937732,0.0012462116651135169,-0.0077057559895835626
2016-06-29,0.01716009092899018,-0.0007118198417572774,-0.013337720036821432
2016-06-30,0.01356539091121678,0.002047154054104716,0.055902336975754086
2016-07-01,0.0021344562879741513,0.0021531618786247986,0.00478665830907965
2016-07-05,-0.006779514922232499,0.0026625585964290543,-0.01379517871344571
2016-07-06,0.005706743574149575,0.0018589050782173988,0.014196101128358674
2016-07-07,-0.00077287698988171,-0.00070659953489427,-0.05548295292971961
2016-07-08,0.01525753604331026,0.0015033087433209413,0.03905686406653719
2016-07-11,0.003409638373193191,-0.002648995267814258,-0.022222503138452643
2016-07-12,0.007013769661942781,-0.0030103495184897744,0.030372698273599452
2016-07-13,0.00022592233332208167,0.0014206455905807491,-0.01744643449295924
2016-07-14,0.0052814201790114534,-0.0008863040468751748,0.003907360588054409
2016-07-15,-0.0009256912168635889,-0.0036391563463055165,0.008855588059035302
2016-07-18,0.0024226711550532354,0.00017824813761202485,0.012538131752101833
2016-07-19,-0.0014120073797108113,0.0020481229711162285,-0.0006787235486785947
2016-07-20,0.004395963324260954,-0.0008886247045297724,-0.010901774987671309
2016-07-21,-0.003596266009705973,0.0008894150607252627,-0.0006797870427812658
2016-07-22,0.004558564451967229,0.00017821544212281992,-0.024426460549346163
2016-07-25,-0.0030050084264544585,-0.0011553786271664146,0.007004189967062313
2016-07-26,0.00035085181204430604,0.0,-0.0007528987188007985
2016-07-27,-0.0011593434842885886,0.0029358850529628278,0.0025187005412992125
2016-07-28,0.001692334272275442,-8.802723531842194e-05,-0.00011990932909922147
2016-07-29,0.0016456127137727261,0.002660633021406067,0.002074247943286256
2016-08-01,-0.0012711065878234784,-0.0023310316291125233,-0.07763323258971189
2016-08-02,-0.006334391065382361,-0.0029321308373317923,-0.13112429837292838
2016-08-03,0.0034408387160962395,0.0010696376176468902,0.08229116490127364
2016-08-04,0.00046619879946652176,0.0018691166162960737,0.023135242541794332
2016-08-05,0.008623636747839392,-0.0033761513922477837,-0.0038769304597464638
2016-08-08,-0.0008151090175834153,0.0006238619180771732,0.01780464089573708
2016-08-09,0.000428452711290106,0.002583868246167853,-0.006249091697496434
2016-08-10,-0.002494594356392321,0.0011551662073228108,0.003464039423591858
2016-08-11,0.004868303876249591,-0.0026625181907806716,-0.0006489727392188227
2016-08-12,-0.0007459668698304167,0.002402799689250168,-0.0040608759263746075
2016-08-15,0.0029133180828129213,-0.0017759072745990867,-0.03512857898472044
2016-08-16,-0.0053013991737410615,-0.0006222378442007903,0.02091639000400103
2016-08-17,0.0021163251684730433,0.0018684205246266572,-0.008214137500935248
2016-08-18,0.0022279553592454704,0.0014216286002530776,-0.00069823555938342
2016-08-19,-0.001304393841236151,-0.0022179150892337463,0.0012128215034021839
2016-08-22,-0.0005455432546370709,0.001511734237320539,0.019188566087536607
2016-08-23,0.001978260949048627,0.00026577734939481346,-0.004007287068973797
2016-08-24,-0.005185492627096555,-0.00035415493354928884,-0.006738291712547362
2016-08-25,-0.001347354082688712,-0.0010656486478434202,-0.004611001632492728
2016-08-26,-0.00155533322780399,-0.0015996795745260028,0.004932381788628648
2016-08-29,0.005363679138089994,0.0027594532089301183,-0.009406847966241916
2016-08-30,-0.001791299027013915,-0.0005330035702002522,0.003952415733469161
2016-08-31,-0.0021915863140200553,-0.00017767200208174128,-0.005945745474380759
2016-09-01,-2.91526048800117e-05,0.0008722064812236585,-8.921669279726707e-05
2016-09-02,0.004254745258060133,-0.00133347143683904,0.008082645809084577
2016-09-06,0.0029991704045664314,0.002136602585210312,0.06266601968879804
2016-09-07,9.63594596103956e-05,0.0005334867661899168,0.004346460982163292
2016-09-08,-0.002180407997699807,-0.003463690161445432,0.02418600732224352
2016-09-09,-0.02451068239777121,-0.004366097056740625,-0.012009017357308416
2016-09-12,0.01473292104883872,0.0008056927969277705,-0.024512124313724848
2016-09-13,-0.014526338733508726,-0.0027723532476671142,0.001624011253193114
2016-09-14,-0.0005172983104649864,0.0012549810255342297,0.0011808741340850748
2016-09-15,0.010275318532879218,0.0006272511915765833,-0.0038443957316719457
2016-09-16,-0.0037629059252571873,0.0007159924981192667,0.0012126692712703946
2016-09-19,-7.389153239723001e-06,-0.0008050973958377838,0.0017519858256076493
2016-09-20,0.00031004635496389987,0.0003578460620252688,-0.000820465146550986
2016-09-21,0.010929334884946407,0.002506395371933756,-0.018781266583764777
2016-09-22,0.006516468441477352,0.002052690665288015,-0.002313510194462687
2016-09-23,-0.005734492941399827,-0.0002674777285562868,0.011441356735588437
2016-09-26,-0.008505377494319233,0.0012476561085250637,0.007304416799028379
2016-09-27,0.006491441298503764,0.0012462826272514604,-0.002681696977336223
2016-09-28,0.005518739766203984,0.0002659782905967134,-0.0007685996944493123
2016-09-29,-0.009295296073664305,0.0,0.0008534464844469625
2016-09-30,0.007971218603574526,-0.0010660730989757727,0.00605297963795981
2016-10-03,-0.0031375848925778715,-0.0011320604333149298,0.006117122054778434
2016-10-04,-0.0048586489490042295,-0.003389965444767218,-0.004215649257638621
2016-10-05,0.004703811445276207,-0.0013425475011702437,0.003507986792115503
2016-10-06,0.0005089185569822074,0.0,-0.0006320666161797606
2016-10-07,-0.003221867827850833,0.0001791133597157657,0.010044516978504392
2016-10-10,0.004606681034482696,-0.0004482497446087752,0.00029048907513717914
2016-10-11,-0.012441968607101783,-0.0015243316206360324,0.04027953955039365
2016-10-12,0.0012303392035573069,0.00035950910715332185,-0.009927900219221297
2016-10-13,-0.0030646881586646746,0.0014363335549159029,-0.0018125049118904446
2016-10-14,0.00020463166931472543,-0.0017033079212838143,0.0065182680965578665
2016-10-17,-0.0030093956663908017,0.0017062141293255895,-0.0007013189232445427
2016-10-18,0.006160566183988747,0.0016137512414260424,-0.0055716143634785276
2016-10-19,0.002336617482707304,0.0005365653016982108,-0.009339238431555041
2016-10-20,-0.0013040981393246387,-0.0003578214022108561,-0.0016546054161956647
2016-10-21,-8.09571471828141e-05,0.0006261387699941778,0.0036705477456164814
2016-10-24,0.004754684777925178,-0.001519697169369727,0.03030714179246452
2016-10-25,-0.00376718622145078,0.0,0.008869379961886636
2016-10-26,-0.0017264306680566666,-0.001970484781309234,0.029456518764188422
2016-10-27,-0.002950311425093388,-0.00251293244066908,0.01690607449654169
2016-10-28,-0.0030526375307976528,0.0,0.00563320680594126
2016-10-31,-0.00011620687019120446,0.0012597687394486634,0.012322115016822233
2016-11-01,-0.006777228892288822,-0.0005406044139985022,0.04532959651655344
2016-11-02,-0.006397947757464828,0.0011712426355343641,0.01339839015137767
2016-11-03,-0.004057331553174448,-0.0013491999392203358,-0.06811195634908507
2016-11-04,-0.0016446473751519086,0.0020723175495604984,0.022455325839946916
2016-11-07,0.022236671065275493,-0.0011691215483328188,0.001062044391521244
2016-11-08,0.004265347161491517,-0.00161987780522721,0.008007335330956655
2016-11-09,0.011144264671358872,-0.009285193804517977,0.013578500438252261
2016-11-10,0.002045647864913569,-0.0040949275126199725,-0.011218125283649405
2016-11-11,-0.0013972818687749688,-0.0018266683758083602,0.003217928967858663
2016-11-14,2.9128569122960357e-05,-0.004028011762659767,-0.014055721590545245
2016-11-15,0.007713754547802099,0.0007353192079697646,0.00949993569523988
2016-11-16,-0.0013018890315849019,0.0022041504061780515,0.041697316595224354
2016-11-17,0.0047371473817094945,-0.00375709969788518,-0.00907221344590503
2016-11-18,-0.002227896505507032,-0.003218692996965644,0.019393847552143573
2016-11-21,0.007474942693631581,0.0008298550875498467,-0.017438786468289558
2016-11-22,0.002211528347227043,0.0009223255248842488,0.01560160906730057
2016-11-23,0.0008426757990251943,-0.0035006915973122554,-0.009033931818815288
2016-11-25,0.003931459995103914,-9.208679940420073e-05,-0.002097994037485895
2016-11-28,-0.005124326042618921,0.00351237518604286,-0.012982166495784653
2016-11-29,0.0015716800395704222,0.00110585457147927,0.002142157896846353
2016-11-30,-0.002439438356845014,-0.00395709360068075,0.014430488675396758
2016-12-01,-0.0034749800851986423,-0.003295198788801912,0.015454580979274324
2016-12-02,0.00039705733799921816,0.0031572393789445208,0.024715527037522778
2016-12-05,0.005919409506565998,0.0008338814585389098,-0.025419650290413043
2016-12-06,0.0034390908406223275,-0.00018544397770214882,0.008564966468969093
2016-12-07,0.013358448006635548,0.0025909829969725795,0.007733092255902019
2016-12-08,0.002257868845255917,-0.0018462530872883631,0.003492310688601119
2016-12-09,0.005948966918692733,-0.0030505481700923154,0.005527317757531014
2016-12-12,-0.0010826018168105245,-0.0009270066529839527,0.008555846751050034
2016-12-13,0.006711609413976083,0.0012992766529806854,0.0005447551764075076
2016-12-14,-0.008052285827781058,-0.005469028128481823,-0.0025249140825930327
2016-12-15,0.00392980301282253,-0.0012118618826638672,-0.0010131480026138728
2016-12-16,-0.001722272509017686,0.0006532964209202685,0.007799040165458182
2016-12-19,0.001998914150521003,0.0026115740406311705,0.010289574113440336
2016-12-20,0.0037814783722693868,-0.0009302284404466565,0.012019158664197782
2016-12-21,-0.0024230790057270246,0.0021410367418006615,0.03589267985045086
2016-12-22,-0.001737989382928573,-9.312688764251398e-06,0.03623216178736954
2016-12-23,0.00135202534753609,0.00027947733317490453,0.0664658230335311
2016-12-27,0.0022566174468399147,-0.0007443436699142714,0.011346437650282315
2016-12-28,-0.008184671731732318,0.0015836261320993916,0.05832940899221972
2016-12-29,-0.0002465567794937007,0.003068938789512643,-0.0066312993326888
2016-12-30,-0.00459008601853228,0.0020404488875140903,-0.012614662132332866
2017-01-03,0.008511992199661034,0.0010181469669110488,0.07431094852396325
2017-01-04,0.00594888655835879,0.000276901597203949,0.09866986140982359
2017-01-05,-0.0007601922910787096,0.004159376476321919,-0.11811259257086215
2017-01-06,0.0038270432229836615,-0.0033134392471053653,-0.10798038513671526
2017-01-09,-0.003543755398339399,0.0016616209498572232,0.01237552630923
2017-01-10,4.614262302027328e-06,-0.000276229072690759,0.0033096313361595797
2017-01-11,0.0029225026967987233,0.0011989381153232337,-0.13037443865501797
2017-01-12,-0.0021211910044803828,0.0003683692259939253,0.023842227737558286
2017-01-13,0.0018470413602320601,-0.0017494582994770358,0.0243301382872807
2017-01-17,-0.0029676648118059923,0.003412619162379338,0.09589379539592047
2017-01-18,0.001929730823883924,-0.00431993440519185,-0.02733584919631049
2017-01-19,-0.003592132657552316,-0.002585001822781652,0.023834122720227002
2017-01-20,0.0033972510300799286,0.00036980225630811603,-0.007857295416302645
2017-01-23,-0.002662992684552834,0.002775716291268493,0.026744760383476507
2017-01-24,0.006568036808771938,-0.0015685240801721623,-0.03413340541922105
2017-01-25,0.008026890643410667,-0.0026801462210255256,0.008951732332133755
2017-01-26,-0.0007141131752770313,0.0006485057596072874,0.02342041836141795
2017-01-27,-0.0008148708370819824,0.0008336803883424171,0.004131263566294008
2017-01-30,-0.005963797213765387,-0.00046229224422045245,-0.00015340540362362987
2017-01-31,-0.0008845451994204945,0.0024068830177612632,0.05235809038003625
2017-02-01,0.0005252611998511902,-0.0014068552405567258,0.01965255789535436
2017-02-02,0.0006304302832200737,0.0005560240988615739,0.02042644036827368
2017-02-03,0.007354226820638354,0.0002774840894805841,0.007539585737911247
2017-02-06,-0.002110616000925658,0.002870211553726243,0.007894637672871463
2017-02-07,0.0002735381954135363,0.0010156133804084533,0.029616398045154924
2017-02-08,0.001011636546012662,0.0028587213688540114,-0.001192847855275958
2017-02-09,0.005938539142932964,-0.0023903420612680915,-0.06615150723261298
2017-02-10,0.0036249309601410484,-0.000184663333742896,0.014142138130994075
2017-02-13,0.0055034600285785995,-0.0014751627489336672,0.0033141336931070686
2017-02-14,0.004293863669308395,-0.002215826922906894,0.01226085254261755
2017-02-15,0.005137387085137668,-0.0015730801676583361,0.0016699807238631514
2017-02-16,-0.0007619243051792957,0.0021312698912994144,0.022588951081856212
2017-02-17,0.0016983516101234386,0.0022200757169927865,0.021086912446943273
2017-02-21,0.0060493907157868065,-9.248044652609977e-05,0.0662958033231329
2017-02-22,-0.0009903575045188129,0.0006463064322470569,0.0007498724521890487
2017-02-23,0.0005343205541668006,0.0016599142472175643,0.05236779772017264
2017-02-24,0.001734536873698067,0.003682874364986821,-0.0028370782565322328
2017-02-27,0.001158730104092065,-0.0018339403458829118,0.007308004844031046
2017-02-28,-0.0025480393795913603,-0.00027622658363501973,-0.0048172320117051415
2017-03-01,0.01385413016574355,-0.004697705527281548,0.03370894637746824
2017-03-02,-0.005779290495008804,-0.001851799943025867,0.028061008561892642
2017-03-03,0.0005318637351645616,0.000741907590707358,0.020928866222247766
2017-03-06,-0.0032548522387442214,-0.0004632552533648804,-0.005513213446558418
2017-03-07,-0.0028463926315903665,-0.0012977905009458057,-0.037261080954088754
2017-03-08,-0.0019961098693259682,-0.002413661225406538,-0.06669796901993075
2017-03-09,0.0008114546908186693,-0.0030704371213854387,0.03586036353953359
2017-03-10,0.0032875140633323863,0.0014929460225543423,-0.07953826132759656
2017-03-13,0.0006940395493160167,-0.0016770370725993633,0.1282314804067506
2017-03-14,-0.003331586935515496,0.00037297742401753986,0.005761085923536191
2017-03-15,0.00840739745175001,0.0057856139035754595,0.009718781574370672
2017-03-16,-0.001589667131656869,-0.0011129211716309761,-0.0640611310485193
2017-03-17,-0.001310154100094607,0.0021368306143296767,-0.08992898654875703
2017-03-20,-0.001981924641951127,0.0014828468720240462,-0.03201823652867186
2017-03-21,-0.012319213730402567,0.0020354415829941797,0.07136734745395867
2017-03-22,0.0019262298238653663,0.0013859239784363986,-0.0670214691505524
2017-03-23,-0.0010488575767914066,0.00027681973012905203,-0.008801399046333036
2017-03-24,-0.0008457550100389177,-0.0008297654994007253,-0.0905580803002749
2017-03-27,-0.0010175441755738701,0.0023991632315862876,0.11534585834675481
2017-03-28,0.007258961527731866,-0.002301719068930619,0.002151397581555914
2017-03-29,0.0012893849978545813,0.002214465794478704,-0.005237763101883397
2017-03-30,0.0029658580703511017,-0.0018415267951458203,-0.0016360228710435853
2017-03-31,-0.0022535099985550033,0.000737914024431463,0.042154518105489425
2017-04-03,-0.001593134855148115,0.003713094756623958,0.058166504452860535
2017-04-04,0.0007217024893833024,-0.0009198040794211604,-0.0023962057521583757
2017-04-05,-0.0029531094930252966,0.001104781077447381,-0.005350869290505211
2017-04-06,0.0022275214902793827,-9.173254227179406e-05,0.051755778281601605
2017-04-07,-0.0008232262083153197,-0.002208527289701445,-0.002398306370944403
2017-04-10,0.0007443074661772631,0.0012909199494446355,0.01671385370708167
2017-04-11,-0.001293405357075672,0.002855189831840077,0.01496724181466913
2017-04-12,-0.0037461396330005226,0.0022040839962276237,-0.011116224214408388
2017-04-13,-0.0068082468902366244,0.0012827577285416947,-0.035815733554306006
2017-04-17,0.00861726076200564,-0.0005489439995339795,0.016496289457065716
2017-04-18,-0.0028766061086816785,0.004029056870813896,0.008583141423608609
2017-04-19,-0.0015768673206203454,-0.001550103373800682,0.00618023161924941
2017-04-20,0.007583002630525026,-0.0015537021877293222,0.021695613210879205
2017-04-21,-0.003035554688870179,0.0002751983545417058,0.009332389578323275
2017-04-24,0.010857254256688265,-0.0014637699937987136,0.007939618071555188
2017-04-25,0.006092110398816963,-0.003297574737103126,0.017995995353224936
2017-04-26,-0.0004747004337263272,0.00128715067468832,0.01298632567089375
2017-04-27,0.0006556423587935623,0.0009177243826439252,0.038106480819710686
2017-04-28,-0.0019048366161470431,0.0017421604391389955,0.0015567393493536308
2017-05-01,0.001736155670818862,-0.0025773101128196974,0.06599207130073337
2017-05-02,0.0011889203215007527,0.001378829802516135,0.018704714613738016
2017-05-03,-0.001070063742965477,-0.0010100624376302436,0.037975920115818296
2017-05-04,0.0006357950824265046,-0.0008273256582959077,0.013440165102437618
2017-05-05,0.004101093157408364,0.00018391019061581027,-0.006480980497154287
2017-05-08,0.0001387051477701462,-0.0019320383705290212,0.10147139154082563
2017-05-09,-0.0009792642876372826,9.234702645799509e-05,0.020260987976571165
2017-05-10,0.0015136982544448063,0.00027683082081808585,0.036801975038604606
2017-05-11,-0.001840547943641302,-9.277450892508643e-05,0.029727112451350513
2017-05-12,-0.0014599638054391129,0.003686028579785061,-0.07127583472707011
2017-05-15,0.004898979108848733,-0.00036728596003654523,0.01890181854843198
2017-05-16,-0.0004864328720525224,0.0012860191881498562,0.011597847546129136
2017-05-17,-0.017883418127344397,0.005136918479333286,0.029435585022226984
2017-05-18,0.0037065920731322866,-0.000547656191500101,0.04727098044473599
2017-05-19,0.006788930630660772,0.0,0.0386952033718897
2017-05-22,0.005180515659298113,-0.0006392518375060163,0.05661772479347027
2017-05-23,0.0018603327552171312,-0.0019187076143519777,0.08578629664086757
2017-05-24,0.002525574346251336,0.0017397038403901277,0.06987094132788596
2017-05-25,0.004580749384374139,0.00045694461979528533,-0.039505408899306205
2017-05-26,0.00044268159913518623,-0.0003656815715156192,-0.01732314672757862
2017-05-30,-0.001050366075913134,0.0019188827362255356,-0.049202944352929046
2017-05-31,-0.0003053096583262027,0.0010026035896553154,0.06098385023921904
2017-06-01,0.007693569567588154,-0.00045593629050233453,0.04368687355094769
2017-06-02,0.003724607495176002,0.0032879828223102425,0.03314166102272975
2017-06-05,-0.0011823471735548097,-0.0015475373021842653,0.08304147703639897
2017-06-06,-0.0027762484697679835,0.0020059280808599755,0.06927399180749805
2017-06-07,0.0017784264157827412,-0.0011831880845999398,-0.057318733537039535
2017-06-08,0.00029407449262786045,-0.0010020508294177333,0.035394175193538935
2017-06-09,-0.0008266202943708612,-0.0008204251768226811,0.0008237886729898225
2017-06-12,-0.0009062239385133619,0.0,-0.04971313617570183
2017-06-13,0.004767826880947901,0.00027376044464544336,0.01564644462571385
2017-06-14,-0.0009240035354621812,0.003193453880249386,-0.09726633432222465
2017-06-15,-0.002055886178400912,-0.0006365667011413167,-0.013887121548929793
2017-06-16,0.0002918956311879217,0.0006369721764183378,0.0275831761882106
2017-06-19,0.008359547916347632,-0.0013647080691467917,0.045745836382286686
2017-06-20,-0.006687145447991871,0.0015491531017119975,0.055445629576474476
2017-06-21,-0.0004932836692580489,0.00018211580928872984,-0.03437887059331468
2017-06-22,-0.0004467817585894762,0.00045434302571178975,0.01795434194480805
2017-06-23,0.0015601222282810578,0.00018163650401259446,-0.00028922413672005653
2017-06-26,0.0003272688974700344,0.0009084718268350667,-0.09661873966516632
2017-06-27,-0.008072619552804805,-0.0029958712941670074,0.04285442734714007
2017-06-28,0.009007844570525059,0.00036460503533675137,0.012823042441524546
2017-06-29,-0.008568730383579193,-0.0019119999519497943,-0.0087206571111752
2017-06-30,0.001584235875630391,-0.0012766829657558931,-0.034533727478683995
2017-07-03,0.0024046888928526133,-0.0017839989146830604,0.04045129018218652
2017-07-05,0.0016483205840371884,0.0005496645719964555,0.022013737044516146
2017-07-06,-0.009009317108503057,-0.0019236832047968555,-0.0018823696438637905
2017-07-07,0.00641455099139554,-0.0003676192468365924,-0.04126257615902551
2017-07-10,0.0009328130703056825,0.00045937238774329536,-0.0706848999723545
2017-07-11,-0.0007698167684064838,0.0009174987403737234,-8.599620468241476e-05
2017-07-12,0.007392724884279556,0.003026461755227139,0.024025357055705188
2017-07-13,0.0019003566000383998,-0.0010969621100201943,-0.013115541003257847
2017-07-14,0.004689998579320287,0.0010065767641940226,-0.055003200786017836
2017-07-17,-2.1066847779915854e-05,0.00045694212215452445,0.0004158607365325473
2017-07-18,0.0006187617694222158,0.0022853083930807205,0.039722440195529174
2017-07-19,0.00546455720058403,0.0002728329770007587,-0.020269423363471595
2017-07-20,-8.58022592961083e-05,0.0002742137568538805,0.2511370435649063
2017-07-21,-0.0003703093804626745,0.0017313010889985492,-0.0558654073834971
2017-07-24,-0.0010401117491648515,-0.0009097652310111615,0.033389025084244794
2017-07-25,0.0029205214893974762,-0.003551069967988818,-0.07130858433064458
2017-07-26,0.0002862138558106242,0.0019190340497252656,-0.01421364449514384
2017-07-27,-0.0008667575436458463,-0.0014592686949008726,0.056623520059047916
2017-07-28,-0.0013042239341982675,0.0020087432550535134,0.04828473325564686
2017-07-31,-0.0007241411554067545,-0.00045529488119766537,0.024617718411822587
2017-08-01,0.002452573806548619,0.002741566793138528,-0.04723732813965187
2017-08-02,0.0006832083267149791,-0.0007288436612198357,-0.01365537059001054
2017-08-03,-0.001993887640486136,0.002006780865232205,0.03702425541895282
2017-08-04,0.0019078760539439354,-0.0016388045128161721,0.02528062515433227
2017-08-07,0.0016746367822422226,-9.104789500535837e-05,0.18609748250092628
2017-08-08,-0.0022950734905983206,-0.0009118328284692945,0.009760822018315185
2017-08-09,-0.00024658298420299207,0.0009126650264017488,-0.022903850468363296
2017-08-10,-0.014115127857310283,0.0010032521492846502,0.026833266540677414
2017-08-11,0.0013418574333405875,0.0008194098652776205,0.06502365171887003
2017-08-14,0.010097993642677716,-0.0004550865711130392,0.1759540446121508
2017-08-15,-0.0002683206900937485,-0.0014565411580762522,-0.033585757863113574
2017-08-16,0.0017043243878993586,0.0018238315625092039,0.04919387646271445
2017-08-17,-0.01539252785405798,0.0014562821277688265,-0.012867319379491704
2017-08-18,-0.0018087681249141507,-0.0006364514658926401,-0.046421937217163256
2017-08-21,0.0011923651615188824,0.0007279527612173986,-0.028205166102633017
2017-08-22,0.009977021239386819,-0.0009092111742488029,0.02046383139492214
2017-08-23,-0.0033630496805323595,0.0022744624948716208,0.017815168572185014
2017-08-24,-0.0020558788002342787,-0.0012707832888427806,0.04314076074982154
2017-08-25,0.0017849084517198577,0.0007273572836159481,0.006314494620671907
2017-08-28,0.0005305453130692861,0.00036327869054031403,0.00611792831488045
2017-08-29,0.000982241571602982,0.001452225548306041,0.050389225146096006
2017-08-30,0.004874857465881899,-0.0001814003293183486,-0.003004939461507039
2017-08-31,0.005766815289125704,0.001359666126729664,0.033515541755745115
2017-09-01,0.0020483795208539046,-0.002267810806274473,0.03750984504346544
2017-09-05,-0.007551637449772719,0.004091934125742158,-0.09436722633590744
2017-09-06,0.003136830907826349,-0.0010871314926120812,0.0344549128711491
2017-09-07,5.028253778416314e-05,0.0024481224230556986,0.005989201735461913
2017-09-08,-0.0014462656413496422,-0.0011757837607414556,-0.062491311369281766
2017-09-11,0.010852980063860151,-0.002716257475263273,-0.030585980465934193
2017-09-12,0.003423375336915946,-0.0014528027636899754,-0.011448687109211653
2017-09-13,0.0007707669943830542,-0.0009998767770217354,-0.06656570223163527
2017-09-14,-0.0007743070405682451,0.0005458345481075266,-0.16455629882849898
2017-09-15,0.001973389610958387,-0.00018238787483959573,0.13910963927686537
2017-09-18,0.0014931890118690117,-0.00045433532260974463,0.10305015537187412
2017-09-19,0.0011202330519126669,-0.0005463364977017493,-0.0379107868049805
2017-09-20,0.0006355715368004944,-0.0008199074728851841,-0.007631463292188556
2017-09-21,-0.0030135341539725413,-0.00018221029785225884,-0.07149629128650803
2017-09-22,0.0006701099741479588,0.0007293363311122736,0.00054468340396574
2017-09-25,-0.0022232833240469763,0.002368887095539174,0.08275950975096524
2017-09-26,0.00015074734382181099,-0.0003641732941149778,-0.007310295789884846
2017-09-27,0.004086199966104598,-0.002908756847673999,0.08166815472044586
2017-09-28,0.0014147607643564264,9.09571555558486e-05,-0.004757295642954906
2017-09-29,0.003729130301078687,-0.0008206234382881483,-0.007822702320878228
2017-10-02,0.0038768049309514385,0.0006123239579953754,0.05580385813268651
2017-10-03,0.002203023233690704,0.0008227881418840788,-0.018307122944157816
2017-10-04,0.001313606270201273,-0.00027385617743491686,-0.020870421796470584
2017-10-05,0.005820278378988686,-0.0004565821772305467,0.024364186259938636
2017-10-06,-0.0007592101178328647,-0.001462147113978518,0.010764126828689102
2017-10-09,-0.0018043090309376453,0.0013722881091893235,0.09428009467559773
2017-10-10,0.0023500985624043125,9.187393193155202e-05,-0.007630869178711253
2017-10-11,0.0018215748097492046,0.00018264381819066422,0.015584895338764282
2017-10-12,-0.0016005397010816491,0.0011876926705720603,0.12018812392891487
2017-10-13,0.0008923996866150308,0.0024638548521420667,0.040864304531345486
2017-10-16,0.0017710927832574885,-0.0010009712787757419,0.025306258566053064
2017-10-17,0.000670568813437411,-0.00036488809842349923,-0.02879225205128977
2017-10-18,0.0007847865197905257,-0.0015495555940349126,-0.001170914332224715
2017-10-19,0.00041019993859769954,0.0007301799191561376,0.022286076802957133
2017-10-20,0.005183594215784959,-0.002919040823789465,0.051253345753198065
2017-10-23,-0.00394707307645481,0.0010980830852933554,-0.01876942297157469
2017-10-24,0.0016441142122709529,-0.002102146810294192,-0.06291761768042392
2017-10-25,-0.004663741744359018,-0.0006407170219153713,0.03955261573765445
2017-10-26,0.0012705779453310306,-0.0011001665878280775,0.028643552584960652
2017-10-27,0.00807422707542349,0.0022023017605496964,-0.0217569101915831
2017-10-30,-0.0031120837177697203,0.002745852154926176,0.06017232233430403
2017-10-31,0.0009765332055000631,-0.0006388508577419572,0.05053853502162542
2017-11-01,0.0015914437859552155,0.00043936619682583,0.04633997344086338
2017-11-02,0.0002973550893430321,0.000548898649300078,0.04718208045075034
2017-11-03,0.003194715726421604,0.0009146911395030433,0.021984533466563594
2017-11-06,0.001354467138680926,0.0009134032433950612,-0.029640112665888507
2017-11-07,-0.00018273084851705423,0.00027384316391465546,0.01903130688445387
2017-11-08,0.0014623079787070559,-0.0006388225511674284,0.04678291194859341
2017-11-09,-0.003517433536663561,-0.0007300333177087115,-0.04475442408412855
2017-11-10,-0.0005374680036908108,-0.004021281189680814,-0.06984953785254755
2017-11-13,0.0010058750612138567,0.0,-0.015273942412183716
2017-11-14,-0.002155085092339748,0.0010093112091009715,0.011186415881901945
2017-11-15,-0.0052985674344583344,0.0019243551315366592,0.10087394540415429
2017-11-16,0.008524531043600847,-0.0010971444916032524,0.07941319873838948
2017-11-17,-0.002590167381013142,0.0010983495397507426,-0.013361643172144833
2017-11-20,0.001307351355201991,-0.0005484364717948109,0.06997524380342357
2017-11-21,0.006556601444703158,0.0010069091647118,-0.021508933308706624
2017-11-22,-0.0006624739273397573,0.001737292778165589,0.01947593721744023
2017-11-24,0.0021034277756624142,-0.00018235136805522245,-0.0020819194428838284
2017-11-27,-0.00027247633259586124,0.0,0.18200065372204488
2017-11-28,0.009887722849413194,0.0,0.020704061250946815
2017-11-29,-0.00024056367727220973,-0.0024649476441398477,-0.013306891296339218
2017-11-30,0.00856074013243835,-0.0016476005696057783,0.02007008849556602
2017-12-01,-0.001984307951410136,0.0028569015770376627,0.08125102725117883
2017-12-04,-0.0010300463397482362,-9.189557876443377e-05,0.06968018667417963
2017-12-05,-0.003694662707656171,0.0010082305662111324,0.015103231146548213
2017-12-06,-8.981998244794731e-05,0.0010069439643771716,0.19216371554705458
2017-12-07,0.0031071732561867016,-0.0012797342312657056,0.21727646407897838
2017-12-08,0.005610932148816916,-0.0003662618262255668,-0.04308321970983531
2017-12-11,0.0032060889883249732,-0.0003672098346045871,0.03527998852171321
2017-12-12,0.0015843992738939772,-0.00045725870376789324,0.033213798371107606
2017-12-13,-0.00043926835147267695,0.0028410972858172734,-0.05270057451665178
2017-12-14,-0.0038996198268339555,0.00027397383892746596,0.005312710903997431
2017-12-15,0.009027644308225113,0.0002740792318132179,0.06619987142057915
2017-12-18,0.005404516018529648,-0.0012782951206700144,0.07230949582353308
2017-12-19,-0.003214175905435379,-0.0029274149028140073,-0.06999774434685535
2017-12-20,-0.000696619531081133,-0.0022933048089206487,-0.06795879841398311
2017-12-21,0.0019859314736756506,0.0008828456953668962,-0.04982449139659573
2017-12-22,-0.00045299018315958506,0.0004599446361257531,-0.08495135208221272
2017-12-26,-0.0010096530449712482,0.0008262686337674463,0.0993607661948186
2017-12-27,0.0008613248327351553,0.003120452378633898,-0.021500717073203113
2017-12-28,0.002023342582863963,-0.0007319029214079009,-0.07145027769179924
2017-12-29,-0.0051206447308091985,0.0010074312058594437,0.019755401988110988
2018-01-02,0.008348748357489777,-0.0014636745462365264,0.012529460896891331
2018-01-03,0.0063999897444100284,9.140467834645172e-05,0.017348404836966536
2018-01-04,0.004236388561824622,-0.0006407686910003818,0.003998234175022208
2018-01-05,0.007032669794952984,-0.0006418127578445842,0.1278625181432791
2018-01-08,0.0016805150342296127,-0.00027535564281289115,-0.12118519503739467
2018-01-09,0.0016010639863386356,-0.002751779643222929,-0.03741135053550593
2018-01-10,-0.0011047886182027344,0.0,0.020203797774326127
2018-01-11,0.0071120192670239835,0.0004604099637037784,-0.10105149659391066
2018-01-12,0.006752519918893807,-0.0001844059369999762,0.045704096560023055
2018-01-16,-0.0035063170296253388,0.0002757522463188167,-0.17102963804878257
2018-01-17,0.009413245987891061,-0.001103158625263112,-0.02374512836218534
2018-01-18,-0.00152712629408569,-0.0022088446992768462,0.007744997414808941
2018-01-19,0.004408796449995478,-0.0021212338062339686,0.017269708808004935
2018-01-22,0.008082383177516084,-0.0003703330981533748,-0.061441370818268615
2018-01-23,0.0022141804180311198,0.0024046342466064186,0.010434725127221434
2018-01-24,-0.0005595712955878129,-0.0010146876584880005,0.03470280174497997
2018-01-25,0.0006050351517399299,0.002585232746597388,-0.00850098966415147
2018-01-26,0.011858427888007617,-0.0018423787103712952,-0.008527077527347826
2018-01-29,-0.00667313982830442,-0.0017524247598555975,0.008789744367481367
2018-01-30,-0.010830244823245572,-0.00157129258842037,-0.10536733667859799
2018-01-31,0.0005174131187848374,0.0008328474142937914,0.009091687042716678
2018-02-01,-0.00045539285252949036,-0.00313368111432355,-0.1005195117019998
2018-02-02,-0.02114659179930045,-0.0029762847942301773,-0.028074279106937716
2018-02-05,-0.040975814538587674,0.004011215308026506,-0.2204094884258755
2018-02-06,0.017550898237516988,-0.00288018923350164,0.12980449316876475
2018-02-07,-0.004975309041789222,-0.002236625919405655,-0.01473753938399991
2018-02-08,-0.0373922409773384,-0.0016808158633848658,0.0779038666258618
2018-02-09,0.015263741877455939,-0.0013095329670202993,0.05376507501474981
2018-02-12,0.013949583552648415,0.00028116006198808385,0.02854546961051785
2018-02-13,0.0026694505872602026,0.000280712160480201,-0.043075601083953696
2018-02-14,0.013688378806862689,-0.003370181983926801,0.11066843740168464
2018-02-15,0.012310757839015585,0.0012212386368009032,0.06754111321029299
2018-02-16,0.0004626385526089738,0.0019702430018724293,0.008171127018323565
2018-02-20,-0.005772445215985078,-0.0010301651574574633,0.10369840178454481
2018-02-21,-0.005476484294970274,-0.0031862640350366345,-0.06998683673829753
2018-02-22,0.0010566508347800152,9.380348789700399e-05,-0.055522864209536116
2018-02-23,0.01609192875560228,0.0025380120803486506,0.028437148198619644
2018-02-26,0.011881059417114148,0.000750489767072926,0.015089980355798227
2018-02-27,-0.0125639864250231,-0.00215518633645273,0.03313900915980805
2018-02-28,-0.010992921996397342,0.0027231775016187676,-0.03257732617639886
2018-03-01,-0.013170400280821393,0.0008917327756898796,0.05982384804473151
2018-03-02,0.005165927418621985,-0.0015939759743393012,0.008278163793534965
2018-03-05,0.011038362224539355,-0.0005634019137943369,0.047811971841901446
2018-03-06,0.0026919236146036862,0.00018756787906992756,-0.07483340779966907
2018-03-07,-0.000415859030192256,-0.00018753270395843735,-0.07248736798471034
2018-03-08,0.004734309181358531,0.0015973284275698774,-0.057821334796573254
2018-03-09,0.017404309679358576,-0.0018772977534389224,-0.0056091748829203425
2018-03-12,-0.0012705628265653468,0.0005648028603375543,-0.014038267933941473
2018-03-13,-0.006306125652258521,0.0013152828929205995,0.001383133371946954
2018-03-14,-0.005446396096023265,0.0016886459261531428,-0.10244105623778343
2018-03-15,-0.0007207297420384062,9.389074982801837e-05,0.005650834881381073
2018-03-16,0.001738133397767072,-0.0005615428299512448,0.013099620043959481
2018-03-19,-0.014198170737232396,-0.0010312554766452875,0.019113399837203726
2018-03-20,0.001500351993993787,-0.001594850605365683,0.04199729409372832
2018-03-21,-0.0017368208029354681,-9.408952502887313e-05,-0.001793360457615134
2018-03-22,-0.02512539020962512,0.0018800283532542927,-0.01902444149678928
2018-03-23,-0.020954092686409798,0.0,0.0070122532348890765
2018-03-26,0.027157101473957335,-0.00037559504162931745,-0.06846549670678015
2018-03-27,-0.017273919211321154,0.0029089816710827776,-0.04086543891088412
2018-03-28,-0.002747849434455496,0.00056109608184296,0.012297326472763936
2018-03-29,0.01381624218001587,0.0028993769013549997,-0.10399660591413529
2018-04-02,-0.02232664976701071,-0.0009999466768402243,-0.010594422656872493
2018-04-03,0.012656025704978813,-0.0011229248726208896,0.05510118030832145
2018-04-04,0.011638686570488055,0.0003746066630039291,-0.08627868553386442
2018-04-05,0.007007891475926176,-0.0014037900403689463,0.0026368114780783714
2018-04-06,-0.021900793266805718,0.002249772959324492,-0.027643216287290717
2018-04-09,0.0036348289520680144,0.0008414730289829642,0.01912118905874416
2018-04-10,0.01675746886145202,-0.0007474896835336642,0.011849051740952854
2018-04-11,-0.005480322361093526,0.0008414861762719994,0.01878722724180837
2018-04-12,0.0083719391974022,-0.002242442932502642,0.13816760342514622
2018-04-13,-0.0028683269722588056,0.00028107308396041475,0.0018640945952745902
2018-04-16,0.008136255224164168,0.00018699280954348474,0.016153099369355495
2018-04-17,0.01065916211653084,0.0002810333510041563,-0.019789303988186457
2018-04-18,0.0008330202145441223,-0.002808075851446823,0.034876526746326464
2018-04-19,-0.005602299105285424,-0.0024396478382975317,0.01349193705193108
2018-04-20,-0.00848768706990466,-0.00272814111177766,0.06848012261582626
2018-04-23,5.539589600345174e-05,-0.0004721661958415613,0.010326770718969591
2018-04-24,-0.013357411495037441,-0.0013216719969693091,0.08078004170679942
2018-04-25,0.001836926485039525,-0.0013226798689420782,-0.08254115269020668
2018-04-26,0.010437461460838904,0.001703808276849017,0.04621061231905288
2018-04-27,0.0011702817891772188,0.0012278897412993928,-0.030588772200460634
2018-04-30,-0.00815357964705965,0.0001889021556216175,0.027545549677847836
2018-05-01,0.0025553470474772855,-0.0008513790073891858,-0.01696417446774856
2018-05-02,-0.007206643305716631,0.0,0.014545461690283368
2018-05-03,-0.0021455396071787813,0.0011357381594505611,0.05938341222430177
2018-05-04,0.012992179282909966,0.0006613077193713401,-0.005543933830369885
2018-05-07,0.0034758209327931944,-0.0004723672984702221,-0.03683048516313514
2018-05-08,-0.00025564852862858256,-0.001133958431077109,-0.013613262464109432
2018-05-09,0.009800596255882699,-0.0011355234092839117,0.008756991089859945
2018-05-10,0.00959781856941122,0.002273350604682589,-0.027494953422644963
2018-05-11,0.0020565798401994684,0.0004725905347844339,-0.06835627509793496
2018-05-14,0.000928198438777228,-0.0009442725788473272,0.029848312723907533
2018-05-15,-0.006797105547591165,-0.004444652857397036,-0.021059761418295242
2018-05-16,0.004339488945810377,-0.0011392802903580357,-0.018932427704379973
2018-05-17,-0.0005686216559913637,-0.0013311569029581527,-0.033291075688043015
2018-05-18,-0.0025508409075415406,0.0025707728561106258,0.02267807560757129
2018-05-21,0.007416942918939018,9.531027908349365e-05,0.020106271462573044
2018-05-22,-0.0031177414612688636,0.0,-0.046566751299225384
2018-05-23,0.0032770111673081637,0.0027536100901115468,-0.06077517833457369
2018-05-24,-0.001987044610983757,0.002746326436393165,0.007280650208754569
2018-05-25,-0.002240912283444585,0.002171515247811673,-0.019833191546378415
2018-05-29,-0.011521655300731237,0.006596386450058889,0.0038056055065909256
2018-05-30,0.01287616924865631,-0.00252796896475338,-0.010594118095111349
2018-05-31,-0.006660677641479373,-0.0008441492925992389,0.014112201815416281
2018-06-01,0.010941866519566856,-0.0012332511410926283,0.005494757137219253
2018-06-04,0.004503098002823114,-0.0023568524249204525,-0.00441266789016681
2018-06-05,0.0007629140241645072,0.0007561515464176161,0.016629146536884187
2018-06-06,0.008598148538639938,-0.002266095632313281,0.0052063032760378825
2018-06-07,-0.0005337772908083904,0.002176488091884865,0.001983078515388037
2018-06-08,0.003164312768213051,-0.001417031153398085,-0.0056542995895393355
2018-06-11,0.0010740468749721455,-0.0010402185861738689,-0.10142856853939486
2018-06-12,0.0017874733538940646,0.0002847136309283016,-0.0471209922952367
2018-06-13,-0.0039882475469770196,-0.0009464356925207307,-0.033736271435260146
2018-06-14,0.0027769872121563566,0.0025573719331180023,0.05125763596351085
2018-06-15,-0.0009133470870560378,0.0003774868467409931,-0.03470649410490845
2018-06-18,-0.002109939319380749,0.00018950173302845208,0.0475240677949218
2018-06-19,-0.003975974884134703,0.001038560258749932,0.004280581993943544
2018-06-20,0.0017108297942172168,-0.0018865247926622697,0.0030743393352445914
2018-06-21,-0.006249326929000154,0.0002834259548079032,-0.004861925943298817
2018-06-22,0.0018904499119201112,0.0009445469609219437,-0.09832748155118243
2018-06-25,-0.013722792583022003,-0.0005665250047095505,0.030358491435635848
2018-06-26,0.0022029696121685927,0.0016059718853533855,-0.023609487948817565
2018-06-27,-0.008605998295073358,0.0017912144268172892,0.007063649515773207
2018-06-28,0.0063147936102854185,-9.351122143841373e-05,-0.04569884944145708
2018-06-29,0.0008211327101517174,0.0008470998153853326,0.06183656922778247
2018-07-02,0.0031135648127025295,-0.0009522151209447882,0.06228240092768855
2018-07-03,-0.004948319872787432,0.0020756649326276744,-0.016654537414902526
2018-07-05,0.008865423777623782,0.0009417047964965786,0.005692334734453075
2018-07-06,0.008551908950968468,0.0010347083461648143,0.009664546172200472
2018-07-09,0.009114279268136904,-0.000939663346321562,0.009936410411852448
2018-07-10,0.003493809593387409,-0.0007524193970148696,-0.053262125772763125
2018-07-11,-0.007094255085470236,0.0003765388090704036,0.010919573627643286
2018-07-12,0.008848830754371706,0.0012230156369714695,-0.03426005642912655
2018-07-13,0.001083059704341638,0.0009401177997894195,0.008039477811656592
2018-07-16,-0.0009803973617754647,-0.0011264783485485097,0.08082187657960782
2018-07-17,0.003988854307087619,-0.0003764654280621338,0.0908664711508167
2018-07-18,0.0021589703705950924,-0.0002820204715729968,0.007573634752426006
2018-07-19,-0.0038490421936890895,0.0015054799304605737,0.012336698185460016
2018-07-20,-0.00090666125615535,-0.0019730121495625808,-0.018719294643315565
2018-07-23,0.0018404413096639871,-0.0034810852694993066,0.053076063976673415
2018-07-24,0.004829434494780127,0.0014157258302929243,0.08831569270661421
2018-07-25,0.009108646017825128,9.43952108938273e-05,-0.02320850514429673
2018-07-26,-0.0030313890162996238,-0.0005653996529926264,-0.03520656602478911
2018-07-27,-0.006560586630205423,0.0007546907729201191,0.032833725795819335
2018-07-30,-0.005671271439242509,-0.0010372270795673266,-0.00023674399447537464
2018-07-31,0.004915958009727994,0.0008492792199790156,-0.05466412822826183
2018-08-01,-0.0010396506590788501,-0.0010297104755297992,-0.0166256067520133
2018-08-02,0.005030516092252801,0.0003778424579852224,-0.007108792530978181
2018-08-03,0.004779163694550004,0.0021753337166987574,-0.017414255466433493
2018-08-06,0.003632951857108546,0.000660892058514273,-0.0649481847942377
2018-08-07,0.0028350301803625744,-0.0017919060157708389,-0.029929687440029107
2018-08-08,-0.00023248682307497326,0.0,-0.06771059107098787
2018-08-09,-0.001183939060593775,0.0014174484935891574,0.04638426775591853
2018-08-10,-0.0068135496267993645,0.0021694465019863607,-0.06440055023804814
2018-08-13,-0.003990275369278096,0.000564622013728977,0.021202973697548533
2018-08-14,0.006476457479250852,-0.0009402314594482153,-0.012930246256339983
2018-08-15,-0.007418246332319356,0.0014119946908852654,0.013805670593519226
2018-08-16,0.008219959203138005,0.0005644034799703324,0.0032751121441552122
2018-08-17,0.0034067409350182487,0.0005634459701788774,0.04329019810375345
2018-08-20,0.002465422460836253,0.0019731860955489733,-0.04420571371289739
2018-08-21,0.0021030745495338454,-0.0008440769170099394,0.03190256953759962
2018-08-22,-0.00036806486097729074,0.0008447899847359164,-0.01669472243406578
2018-08-23,-0.0016302806611737664,-0.000562839377117097,0.023786168089303894
2018-08-24,0.006209113122974896,0.001125674808011956,0.027825578872463286
2018-08-27,0.007784802187040807,-0.0013116437280719095,0.02111566664684905
2018-08-28,0.00027806411371300577,-0.0018759903224674357,0.037111998375817024
2018-08-29,0.005787536989871445,-0.0001884721175408055,-0.008395031734182878
2018-08-30,-0.0042665632060305825,0.00047053846514955033,-0.009449776656316966
2018-08-31,0.00023555652444695596,-9.420949379745913e-05,0.008350414709823228
2018-09-04,-0.0015599814530141698,-0.0011117219886138674,0.047496656529997905
2018-09-05,-0.0027962935797635202,-0.0004712505624433483,-0.07717471117728203
2018-09-06,-0.0033578931883777585,0.0016982528716082967,-0.044592250027790215
2018-09-07,-0.0021313093307592235,-0.003578888964250959,-0.012241273870511327
2018-09-10,0.0018961342472685327,0.0009455524496231327,-0.01767376215727401
2018-09-11,0.0038081084367895812,-0.001699581159279262,-0.002694664929863144
2018-09-12,0.0003661901745357632,0.0006615895900123903,0.007822300397309467
2018-09-13,0.005547289833321312,0.0006617019171213379,0.025819836325700507
2018-09-14,0.0004250213658929525,-0.0018892090117275107,0.0005828398680527425
2018-09-17,-0.005554387486606305,0.0,-0.03635283667996536
2018-09-18,0.005408609352261173,-0.002176248517434698,0.01306250314775248
2018-09-19,0.0012556138464461242,-0.0018971888397930625,0.0068772387675588575
2018-09-20,0.00788432808472983,0.0013305380826802438,0.017959915342895094
2018-09-21,-0.00034514177144862046,0.0007591789313818875,0.03732119571148007
2018-09-24,-0.0035148170129686296,-0.00094859846415285,-0.024416912405484603
2018-09-25,-0.0012317082527160128,-0.0004744735616007967,-0.024344238731958012
2018-09-26,-0.0032921348542994666,0.0023744144622137586,0.007294754194479447
2018-09-27,0.002949773549604684,0.0006627469368272187,0.03321085702011284
2018-09-28,3.465198687635507e-05,-0.0010415956400917636,-0.008202327789789798
2018-10-01,0.0036489226401290598,-0.00026567713264924464,-0.009257309328923657
2018-10-02,-0.0003595982426619626,0.0011399034100709748,-0.008091191701968592
2018-10-03,0.0007107575609928141,-0.004745061591169275,-0.006800736333765989
2018-10-04,-0.00793572638806228,-0.0028612378494226043,0.012503575479627438
2018-10-05,-0.005515168542240767,-0.0021995556124461135,0.006090477033911634
2018-10-08,-0.0003923253397437598,-0.0003834673568893221,0.0029666287901479738
2018-10-09,-0.0011267844247230263,0.0014385774088452319,-0.0021585664367396173
2018-10-10,-0.032856575910836905,-0.0002875984777095386,-0.009305341073314932
2018-10-11,-0.02056976922458975,0.0029696185111840467,-0.056646498813722634
2018-10-12,0.01431418945009244,0.00028590597147304386,0.00526453253351189
2018-10-15,-0.005883004289733318,-0.0006685850250064407,0.040544456981860266
2018-10-16,0.02152402914974405,0.0005735090727232439,0.0029834850591470286
2018-10-17,-0.00021210535104221329,-0.002004838609753312,-0.0029722447951565645
2018-10-18,-0.014295210372185174,-0.0006696220206654502,-0.007178770963667702
2018-10-19,-0.00033388702040038076,-0.0008615194904203483,-0.0020952105439122626
2018-10-22,-0.0042742545051037695,-0.00019198448113089128,0.0039096805751417385
2018-10-23,-0.0054619612835278275,0.0012465632859077758,-0.0018798229561127755
2018-10-24,-0.03086394089886335,0.0025835997644558795,0.0027854922823487005
2018-10-25,0.01862282586602526,-0.0008591345267480177,-0.0017896996292794398
2018-10-26,-0.017324579674707685,0.0022931801959340525,0.0002786008522110972
2018-10-29,-0.0065467609882617905,-0.0010480907628716007,-0.022027549423664583
2018-10-30,0.01575554189175743,-0.0014317125530201036,0.0014571184350424815
2018-10-31,0.010885524392598045,-0.00047816821096335893,0.005444561525978386
2018-11-01,0.010585705768885845,0.002527071406156045,0.0058133090450351865
2018-11-02,-0.006228941564946133,-0.0029710539438956296,0.0008183983177068033
2018-11-05,0.005628174319925572,0.0006731478928214685,0.008628985756955032
2018-11-06,0.00633798238763017,9.604647207162031e-05,0.005965749967224099
2018-11-07,0.02122132183677672,0.000864520097065169,0.009272355175576008
2018-11-08,-0.0019845575819150696,-0.001823500988911042,-0.0144775807612183
2018-11-09,-0.009027321276069755,0.0012497771394222035,-0.011764800532177433
2018-11-12,-0.019703235588908963,0.001632255527828752,-0.0016935826650076313
2018-11-13,-0.0014472606559366996,0.00038322804402679544,-0.008340599787118319
2018-11-14,-0.0073081503075462795,9.600085875116626e-05,-0.11067110799192192
2018-11-15,0.010920629248064806,0.0012460471452675481,-0.006404034196585973
2018-11-16,0.002295659394703886,0.0016268800180361254,-0.007681486164500928
2018-11-19,-0.01661359796275197,-9.562451636058178e-05,-0.12805933932505087
2018-11-20,-0.018076753670458134,-0.00038244268968934403,-0.09905040508531149
2018-11-21,0.003125794645187474,0.0006690478133231093,0.0536860899370637
2018-11-23,-0.006502230218520477,-0.0002862672787675713,-0.0570258944227201
2018-11-26,0.01565166854174782,-0.00019135927800995045,-0.13744092935887142
2018-11-27,0.0032710297580580416,0.00028704786856614817,0.020611896695224008
2018-11-28,0.02303854861135135,0.001910743340855836,0.11436858731895039
2018-11-29,-0.0019525437689996705,0.0004769354406348736,0.007262539807277868
2018-11-30,0.00835925342934285,-0.0002860982310342042,-0.06268057580850994
2018-12-03,0.01094190364900638,0.0016343187110499091,-0.03255638328436805
2018-12-04,-0.03230804018306377,0.0026718165265322558,0.012740707153255482
2018-12-06,-0.0012089718446481879,0.0024744854376737013,-0.09786473091565806
2018-12-07,-0.023160895034351592,0.0013291053008828158,-0.03957133156380077
2018-12-10,0.0017707926680499142,0.0006631244812798087,0.012035856337796913
2018-12-11,-0.00030543791333614845,0.00028459257285229356,-0.01787805149013233
2018-12-12,0.005428517112499476,-0.0007577883346423508,0.02101338363788985
2018-12-13,-1.3260625539857074e-05,0.00028399939578460653,-0.047522851762088814
2018-12-14,-0.018965078838709903,0.0002841916743665518,-0.018830575618097423
2018-12-17,-0.020717829004960553,0.0017056659850369638,0.0938461824242327
2018-12-18,0.00015019345612121704,0.002937592946000045,0.04583130198914631
2018-12-19,-0.015302376251842387,0.0009444350299669946,0.01043793912760349
2018-12-20,-0.015748940602796857,-0.0009435439140422774,0.10006487072159875
2018-12-21,-0.020587543513498785,-0.00047262487218036053,-0.05621124462380089
2018-12-24,-0.027037864723238325,0.0006617703329998559,0.052345982312309136
2018-12-26,0.04961415347420717,-0.0018890564872419136,-0.05752121341277838
2018-12-27,0.008655274045348271,0.0016085375175802774,-0.05835528019615033
2018-12-28,-0.0010774495320605704,0.0036854835548343345,0.08244250521110352
2018-12-31,0.008622767223919636,0.002541744997825335,-0.0499490346104704
2019-01-02,0.001271983073925842,0.0007516201354662577,0.05722433048201858
2019-01-03,-0.024498303290773515,0.004128648259001055,-0.029195250792695138
2019-01-04,0.034334448848868604,-0.0029900794471522385,0.011398395840479303
2019-01-07,0.007012197309660628,-0.0016875700123334392,0.045327908294816366
2019-01-08,0.009718518666881781,-0.0007512989862321628,-0.002098338050871673
2019-01-09,0.004417957089187574,0.0008457568213731115,0.0029144366901729946
2019-01-10,0.004517113665486461,-0.001126303080585589,-0.09398882097076922
2019-01-11,-0.00014329270569235497,0.001409511360690452,-0.0010314576950551935
2019-01-14,-0.005144056749774806,-0.0014075274347805644,0.011805150951198273
2019-01-15,0.010742210142104414,0.00018783879757244826,-0.02335791066755022
2019-01-16,0.0022469974929633096,0.0008456560262377621,0.007174380897511767
2019-01-17,0.007689975632135804,-0.0007512989862321628,0.009188433126430695
2019-01-18,0.013211337178968163,-0.0007513237287045671,-0.008434424550443187
2019-01-22,-0.014117195479256162,0.0008461224672182688,-0.008898472990844786
2019-01-23,0.0022024026074716208,0.0010333554166546133,-0.007104371821812117
2019-01-24,0.001409158947364375,0.0016895184930743046,0.004418801151602647
2019-01-25,0.008523001872737357,-0.0004683246214062242,-0.0017486419613097492
2019-01-28,-0.007849496777082687,-0.000562306749153918,-0.03546350857632907
2019-01-29,-0.0014386159295418643,0.0026253948179184583,-0.011420131299414216
2019-01-30,0.015661435687052583,0.0022454061399530545,0.012389365820027365
2019-01-31,0.00881268678477598,0.002987078023697798,-0.008075942735613073
2019-02-01,0.0010327713298978747,-0.002071522908142165,0.010239568207172312
2019-02-04,0.006793203371803447,-0.0008410862502947758,-0.00977110074906029
2019-02-05,0.0047182164063874765,0.0021515202863566785,0.004419623287571062
2019-02-06,-0.0021279117041592688,-0.000559366756500812,-0.01720684326543731
2019-02-07,-0.009211710923271443,0.00046638497276196844,-0.0025635485105852673
2019-02-08,0.0010075117196506334,0.0022411558671033838,0.07550329379297116
2019-02-11,0.0007191466970568605,-0.0010249848059714628,-0.006051559565030451
2019-02-12,0.012961655949018436,0.00018716787728623174,-0.0007564206106019933
2019-02-13,0.0031066550683449545,-0.0017721481087017432,-0.0032935937732281317
2019-02-14,-0.002304084095197778,0.001494453667428175,-0.00396215070708783
2019-02-15,0.010951274735980121,0.0007464237797387696,0.000867662234209643
2019-02-19,0.0015741073373891634,0.0005593557504353086,0.0926865765840672
2019-02-20,0.001970400815860751,9.275841631284365e-05,0.00928743929755571
2019-02-21,-0.003439661796926785,-0.0022353417020605226,-0.010009130216259154
2019-02-22,0.006442298580227268,0.002520649836106559,0.014397468415475956
2019-02-25,0.001371706033735487,-0.00027959542488631417,-0.031983840519503204
2019-02-26,-0.0007799066353350037,0.0011177153566988007,-0.006761774428282186
2019-02-27,-0.0003894691058560218,-0.002139666283189401,0.0008447776941982177
2019-02-28,-0.0025274954426631746,-0.001771448958105326,-0.0016935042188300775
2019-03-01,0.0069503638587053995,-0.0016198144537220571,0.004662592500636054
2019-03-04,-0.0038569534204542233,0.0012193128861648361,-0.029515003569091536
2019-03-05,-0.0010998205892476243,0.0006555268476686749,0.03838831278963828
2019-03-06,-0.006477001693118822,0.0014977734630130524,0.0030911407735167984
2019-03-07,-0.007914860846186866,0.0028036797751282982,0.0010188848506469395
2019-03-08,-0.00203549879285736,0.001305644035977327,-0.004328306011564087
2019-03-11,0.014677530417995577,9.220057663084091e-05,0.0032129769185036405
2019-03-12,0.0,0.0018620314963271323,0.001907249293313873
2019-03-13,0.01004001224927542,-0.00046479768635609986,-0.0018029310599065873
2019-03-14,-0.0005292085630695942,-0.001486484738278171,0.00047399242377110795
2019-03-15,0.005023571520589298,0.0025131090762104957,0.012489270552232146
2019-03-18,0.003717775089244091,-0.00018632886114555713,0.017305849217612135
2019-03-19,-0.00010251030301888786,-0.0005569659476987177,0.00673338223077824
2019-03-20,-0.0029001826130398145,0.004088730510166005,0.008630110928555368
2019-03-21,0.010907902211855003,0.0001848259076695502,-0.013491956531253901
2019-03-22,-0.018897860391973942,0.0049961692096187615,0.0019148066809639985
2019-03-25,-0.0007631167065051958,0.0018414517179978773,-0.018988689906877854
2019-03-26,0.007182705127545708,0.00018371033374564583,0.0024370474288619715
2019-03-27,-0.004629463039687476,0.0021134632575872114,0.02788440867092179
2019-03-28,0.003746440998650291,9.151349955227595e-05,-0.003990669052918783
2019-03-29,0.006778878185092596,-9.15051255979682e-05,0.01957736284055378
2019-04-01,0.011577463443513514,-0.004577423086487231,0.011971447386450729
2019-04-02,5.4111069318185656e-05,0.001108304689835915,0.1849261456703366
2019-04-03,0.0021499252242527245,-0.0018446324930904145,0.011523526399717543
2019-04-04,0.002314261352872826,0.0007389178144834307,-0.009870091498444089
2019-04-05,0.00464566024719959,0.0007388990623489189,0.024831823261118213
2019-04-08,0.0010651888842072577,-0.0004613502875323583,0.04970918588012796
2019-04-09,-0.005764456161378773,0.0005539987720908357,-0.016626553581085224
2019-04-10,0.003561816485685654,0.0019369131498390146,0.022358185458132285
2019-04-11,5.0130067659637234e-05,-0.001196660977871522,-0.04915065795380602
2019-04-12,0.006710245235325152,-0.0019356602285515168,0.006374490687329981
2019-04-15,-0.0006070935735240646,-0.0001845513561801182,-0.007862440104936086
2019-04-16,0.0005076469680822537,-0.0017552746975469935,0.03233561881519198
2019-04-17,-0.0021721506205820695,-9.276303137972786e-05,0.003916519942737118
2019-04-18,0.0016029088343285647,0.0012957222681240221,0.009978302690752727
2019-04-22,0.0010377110061394745,-0.001201393958061736,0.019948392364866896
2019-04-23,0.0088908892265811,0.0017583611043026082,0.029916181371187678
2019-04-24,-0.002189531548240198,0.0023092066745245,-0.02036385715829625
2019-04-25,-0.0003687938839082028,-9.238686640933302e-05,-0.05601577127610746
2019-04-26,0.004716514498704916,0.0020281404487261234,0.0043862961902170206
2019-04-29,0.0011170358890222332,-0.001747935153180502,-0.00026487840241662397
2019-04-30,0.0009782957171429185,0.00064518673344649,0.02288255475972889
2019-05-01,-0.00749263308640391,0.000646434773408977,0.009219792410814831
2019-05-02,-0.002083875378826705,-0.002214190794137205,0.01466631719836653
2019-05-03,0.009737084987366806,0.001664372095144806,0.04919240638706479
2019-05-06,-0.00438552673456527,0.0012918741449061688,0.005877599157045443
2019-05-07,-0.016505269421877133,0.0011981996219811997,0.02355303210308124
2019-05-08,-0.0015783975521259652,-0.00018396996170610969,0.01820465946857941
2019-05-09,-0.0026724435305538474,0.0005524482947976139,0.03680835967083085
2019-05-10,0.004064648998047593,0.00018425150837364512,0.03371029501906797
2019-05-13,-0.02409344635209365,0.0016561246491135773,0.22673228778883114
2019-05-14,0.008131185225725313,0.0008269111239200821,0.02008640079133195
2019-05-15,0.006039955943567543,0.001743813785108017,0.032637455024073114
2019-05-16,0.009184986542000173,-0.0011910633387487435,-0.04298555629910561
2019-05-17,-0.0057356600028632965,0.00027548983877712097,-0.06806741880813583
2019-05-20,-0.006733741375357316,-0.0013760256015772354,0.08928972012696756
2019-05-21,0.008522083440914763,-9.158260049102473e-05,0.00033442573738495796
2019-05-22,-0.002804499276569672,0.0016532565607383365,-0.03956837935572999
2019-05-23,-0.011810181431476052,0.0029346003475410054,0.02993898140644391
2019-05-24,0.0015025366094407744,0.00036573002132533894,0.011349085118550262
2019-05-28,-0.008369796854284961,0.0014621250979354183,0.09165096806352668
2019-05-29,-0.006883084726073685,0.000273970088077391,-0.007298592003888382
2019-05-30,0.0022332516192584695,0.0026460650959541088,-0.04434949485348849
2019-05-31,-0.013000819482106518,0.004640560531432136,0.03440682173961296
2019-06-03,-0.002757649977241483,0.0023606532243469758,-0.044741815572105326
2019-06-04,0.021486043568416546,-0.0009052908372204627,-0.06404456617839815
2019-06-05,0.008284864697883698,-0.0005443188659906006,0.019425661822346507
2019-06-06,0.006408675639995476,-0.00018125223399179102,-0.00279938652179601
2019-06-07,0.010593796405789613,0.0028127099141390666,0.03179193530117197
2019-06-10,0.004665537269759268,-0.0026240441468323716,-0.003819509607572824
2019-06-11,-0.00029865559463360114,-0.00018125223399179102,-0.0088597811872545
2019-06-12,-0.002022155853222962,0.0012701979159170929,0.028308357392716532
2019-06-13,0.004396805647485902,0.002174462514600739,0.010558953157012274
2019-06-14,-0.0014764028329504741,-0.0002713785258883217,0.0565091772010935
2019-06-17,0.0009385747042618409,-0.0002709385645734974,0.07387526075501682
2019-06-18,0.009747697783409892,0.002714144428413112,-0.03141557480323409
2019-06-19,0.0029873931010890864,0.0034280526111243326,0.02629815863282725
2019-06-20,0.009566919822134645,0.0017082131589942762,0.028181209758056935
2019-06-21,-0.0012003582470917484,-0.0026029785659947846,0.05622523211606523
2019-06-24,-0.0017300921138887482,0.0017997867752257424,0.09130974815160209
2019-06-25,-0.00949567164935694,0.00017957881116270613,0.06561644353591167
2019-06-26,-0.0012341789296892447,-0.002245437268579842,0.0969786174511773
2019-06-27,0.003973747694895113,0.0027905129206602375,-0.13632900866096875
2019-06-28,0.005805111926517892,-0.00044836979725981774,0.11237019198156406
2019-07-01,0.007680765507976028,0.0007380126497509298,-0.14473427183218746
2019-07-02,0.0029662838633928157,0.0017984817087113303,0.01859412707774588
2019-07-03,0.0019442805834755106,0.0016161770667348918,0.11015534084781176
2019-07-05,0.004247130432525781,-0.004212837073101716,-0.07978780177763978
2019-07-08,-0.004821691051431931,-0.0005398201982185213,0.12012873539748403
2019-07-09,0.0015286197067898577,-0.0002700558807283704,0.021062717814198884
2019-07-10,0.004522028663921596,0.0007202017483758372,-0.03754834596422418
2019-07-11,0.0022890669193100788,-0.0036907474811505026,-0.06707850529634518
2019-07-12,0.004716932235876881,0.0010844201641735385,0.045919475194376336
2019-07-15,0.00017499155470290795,0.0014439010884708114,-0.0750799235777182
2019-07-16,-0.003371967115402663,-0.001081513390133404,-0.13318586511212738
2019-07-17,-0.006516643198966721,0.0026163877131262225,0.021511832553829047
2019-07-18,0.0036839330186893005,0.0016200434612225756,0.10387808147113953
2019-07-19,-0.0061366529036035455,-0.001167884400826713,-0.01382860226204874
2019-07-22,0.002854114048044254,0.001259126907368735,-0.020284627006419087
2019-07-23,0.006865234881134219,-0.000988336542804058,-0.0437960281555293
2019-07-24,0.004728161998235336,0.0014391724987434795,-0.007485966542810973
2019-07-25,-0.005257726900931403,-0.0015267430634660073,0.010660830648452801
2019-07-26,0.007400062968249577,0.00017989147906383174,-0.006111837555833777
2019-07-29,-0.0016124834194953808,0.00044998748713798165,-0.03380584756674576
2019-07-30,-0.0024777379800526855,-9.056816200614382e-05,0.008938222815453312
2019-07-31,-0.010858305631107124,0.00044974094055949543,0.04900296814638816
2019-08-01,-0.00890010536082253,0.007834939683488473,0.03393009832170346
2019-08-02,-0.007193805194211644,0.00035781184502026164,0.012440732745305771
2019-08-05,-0.02972652491322325,0.004377040533829257,0.11969288269705136
2019-08-06,0.01309385380713124,0.0026680053618193256,-0.031087887333180464
2019-08-07,0.0007934847990802574,-0.0005324319235517905,0.04760158342964815
2019-08-08,0.019019867094831167,0.0009758787131011193,-0.0024265290130642825
2019-08-09,-0.006460104335644923,-0.0013294463213180396,-0.006692238425072605
2019-08-12,-0.012144452174922216,0.0036398283797707265,-0.039941914974953474
2019-08-13,0.015170267773130242,-0.0014155642392386092,-0.04546818615967552
2019-08-14,-0.029007759896172214,0.0031002947479186194,-0.0775440250660292
2019-08-15,0.0026559946507875853,0.004592346178451612,0.02850114317325314
2019-08-16,0.014592349813133954,-0.0007912801163083572,0.006133414787993674
2019-08-19,0.01216194350739186,-0.0026388878758200063,0.04929065890235407
2019-08-20,-0.007840203360897302,0.0027343787333116154,-0.010403421832354653
2019-08-21,0.008288921284455686,-0.0005280293581338968,-0.0626253442233835
2019-08-22,-0.0004786510444911851,-0.002639966047628506,0.00226648368708382
2019-08-23,-0.02593930601087191,0.004059228046603636,0.029094659441934567
2019-08-26,0.011107753156879063,-0.0004397066899675117,-0.00494526476494872
2019-08-27,-0.0031986062530016124,0.0031656239680779574,-0.01876180544278727
2019-08-28,0.006582111515966993,8.745464374237955e-05,-0.043608569153050114
2019-08-29,0.01285652477170407,-0.0006131198734817822,-0.024935036574445846
2019-08-30,0.0007771208335904944,0.0008764937078855617,0.01005736693861281
2019-09-03,-0.006829130991777399,-0.0002370107226919993,0.10870093908302048
2019-09-04,0.010926990413168802,0.00175657414781627,-0.003911976331195444
2019-09-05,0.01324222426228383,-0.004296484818630875,0.00027829711358973164
2019-09-06,0.0009482635295388064,0.0010568183492671857,-0.023566220766518375
2019-09-09,-1.3251568176775308e-05,-0.004222645260419378,0.00015629994274535264
2019-09-10,0.00035462641952199725,-0.005389176204212198,-0.02385805627413251
2019-09-11,0.007281811805800009,0.00017768181178667852,0.0055717235698231615
2019-09-12,0.0030337503822344125,-0.0015990191836386947,0.025755087467493
2019-09-13,-0.0004497326258697809,-0.005959476861749136,-0.005577161994651636
2019-09-16,-0.0031034327358879787,0.002684854612153398,-0.008459460586977552
2019-09-17,0.0025857150283878916,0.0015167677076128872,-0.006064793846471406
2019-09-18,0.00034791480990659096,0.0011584694967776699,-0.003363438848226985
2019-09-19,7.912087770578502e-05,0.0014245320551087293,0.010537388317308327
2019-09-20,-0.004845951444228058,0.0036436564026414153,-0.009569902182567702
2019-09-23,-9.939505693579154e-05,0.0004428671418552632,-0.04693984220985903
2019-09-24,-0.008335374949519081,0.0027441447594398483,-0.1113276207504299
2019-09-25,0.0061604258744085705,-0.004149140012501884,-0.022001490030958637
2019-09-26,-0.0023690735264767504,0.0016843694613668525,-0.039465352041133106
2019-09-27,-0.005172091151728009,0.0012388172040864731,0.011750855231041246
2019-09-30,0.005098598246908059,0.00026495434211071256,0.011675630596743591
2019-10-01,-0.012214121839892012,0.001815565370694605,0.003886080151935145
2019-10-02,-0.01790504381220026,0.0007073162501245456,0.005770526868659198
2019-10-03,0.008222724591751662,0.0038867854431798854,-0.012937569438848606
2019-10-04,0.01422023230843883,0.0015840348958109374,-0.010740260274394786
2019-10-07,-0.004474578070659874,-0.0027235304311182817,0.007389125286826559
2019-10-08,-0.01553651395533695,0.0003524016648561723,-0.0043652086383807465
2019-10-09,0.009420459755415056,-0.0005284575811609349,0.049842620522617676
2019-10-10,0.006437601381953595,-0.003435964065718111,-0.0023541242213406255
2019-10-11,0.011033670537031526,-0.003271841835077449,-0.033601458790303074
2019-10-14,-0.0013866281165767491,0.001685677160334853,0.006817298285242801
2019-10-15,0.009958729669515387,-0.003276642571784838,-0.0222439028985586
2019-10-16,-0.0019334723176258617,0.0017770369822853738,-0.019220956740259476
2019-10-17,0.002839533570452968,-0.00026668578774369234,0.008575049301954074
2019-10-18,-0.0038931321833335364,0.0007101591954756792,-0.014017657176271792
2019-10-21,0.006901764276088018,-0.0027484069757570673,0.03170147512007038
2019-10-22,-0.0035358575143703552,0.0015116002185109334,-0.022218322087366182
2019-10-23,0.0028827002814459934,0.0007988650056334201,-0.07113649353167562
2019-10-24,0.0019222815922153025,0.0002660203210245182,-0.0004913785230361567
2019-10-25,0.00409037715374172,-0.0014188135289329162,0.16128577677555223
2019-10-28,0.00558170949207204,-0.002131202491718942,0.07653336658622956
2019-10-29,-0.0008205719722953475,8.904887456240296e-05,0.012021337131829624
2019-10-30,0.0033341579476762195,0.002847557812149626,-0.026333008646169165
2019-10-31,-0.0029560503031351715,0.0039035982403476943,-0.003003179969433667
2019-11-01,0.00975118036983269,0.0002745293235364432,0.010497114565208632
2019-11-04,0.0037169807396970622,-0.002479283986695946,0.018049070930564293
2019-11-05,-0.0011813781588896344,-0.0037287091414140994,-0.009298105661896594
2019-11-06,0.0007756832113536838,0.0015149932130071875,0.0025877944427454835
2019-11-07,0.0031982338933964627,-0.004715608957883588,-0.015412740424152194
2019-11-08,0.002743974307240604,-0.0005358730895927977,-0.04553531128067989
2019-11-11,-0.001966046785669584,0.00017860853904494434,-0.00888670660846791
2019-11-12,0.0016176176984032953,0.0010729661321111639,0.008693722678978943
2019-11-13,0.0007467203330915329,0.0017865273667956316,-0.0025291635353472675
2019-11-14,0.0010928746879674822,0.0028533295172119555,-0.013835675875060627
2019-11-15,0.007871828722573415,-0.0005334302954459469,-0.020769099344146502
2019-11-18,0.0005193856017062792,0.0018683771076477562,-0.033350879703317515
2019-11-19,-0.0005317905405274326,0.0007101267093396757,-0.008152070449384374
2019-11-20,-0.003561590619051813,0.0023960771295035155,-0.004960810905098589
2019-11-21,-0.0015225396395756041,-0.0014169299646434874,-0.05748455766142446
2019-11-22,0.0021885878820624427,0.0005324863545705938,-0.043975435119588346
2019-11-25,0.007626656235672602,0.0009744479565363395,-0.019028392357035684
2019-11-26,0.0022224618338337887,0.0014163077579854022,0.003696999453361993
2019-11-27,0.004293461758855699,-0.0012377130265904812,0.0504401963802279
2019-11-29,-0.003789636303188071,-0.0012389155977154953,0.02934478833737586
2019-12-02,-0.00859540352957655,-0.0011009844349756381,-0.05542592146871528
2019-12-03,-0.006605432280751167,0.004533554780100868,-0.001621451454952516
2019-12-04,0.00642755053299493,-0.0016816162488917374,-0.012513044723357125
2019-12-05,0.0017761833917675496,-0.001151964352923751,0.026204562303369094
2019-12-06,0.009183647518614002,-0.001420132249556727,0.017574288978734476
2019-12-09,-0.003079418716535831,0.0005335248014344263,-0.02574668600599761
2019-12-10,-0.0010636807795940673,-0.0003552447074510745,-0.014731924308717725
2019-12-11,0.0029188532042738746,0.002665406591911168,-0.004373193634897521
2019-12-12,0.008718650895662483,-0.004253859898931789,-0.0010576292402784127
2019-12-13,0.00024602802727557993,0.004004765595432724,0.007237006590352202
2019-12-16,0.007176231390060739,-0.0020383072638318067,-0.05003626531562111
2019-12-17,0.0003416443651962364,8.850014075423296e-05,-0.03972945230406244
2019-12-18,-0.00034612966977054516,-0.0019537144584573785,0.1022344364909904
2019-12-19,0.004522374903400239,0.0010782792869661328,-0.01900685852794093
2019-12-20,0.00499906690094809,0.00017863421854658057,0.005324746962818594
2019-12-23,0.0008649905988058482,-0.0007124174088788404,0.01914328453638814
2019-12-24,-0.00012540524229764927,0.0012471209743889489,-0.01176216820369469
2019-12-26,0.005221366892867563,0.0008897977926842771,-0.00566492906247662
2019-12-27,4.86742255634276e-05,0.0013336344480794349,0.005908661223047451
2019-12-30,-0.005648981989109569,0.0,-0.001071325889363206
2019-12-31,0.0030088672018155904,-0.0023081570026800557,-0.008576378518614813
2020-01-02,0.008502269196527967,0.002758642658882149,-0.030774051635757305
2020-01-03,-0.006955393782396402,0.0029285061144219693,0.05304352375345167
2020-01-06,0.003537876481055635,-0.0007966588172099165,0.06158158898738142
2020-01-07,-0.0027024514512833386,-0.0010624532648519924,0.04768204373835938
2020-01-08,0.004933924437922954,-0.0011530002965141062,-0.009388704240455459
2020-01-09,0.006921512476186553,0.0010655556228473806,-0.03009584101525653
2020-01-10,-0.0028539466887166354,0.001684941341941304,0.0399995372961095
2020-01-13,0.006979582400843842,-0.0006198886824151373,-0.0009707784831506361
2020-01-14,-0.0014188705836976068,0.0008856209811345384,0.08720126664886974
2020-01-15,0.0018890451208068981,0.0015038193100593844,-0.0021199677311812826
2020-01-16,0.008401676986221851,0.0,-0.01052735059758203
2020-01-17,0.0038850895303743638,-0.0011481412754070774,0.02223441513394664
2020-01-21,-0.002633298168754683,0.0028308569759627478,-0.02038412227451336
2020-01-22,0.0003248347109174876,0.00052878885726515,-0.009502731044176094
2020-01-23,0.0012144221481407147,0.0013227938266882067,-0.032553087407750314
2020-01-24,-0.00901493171963541,0.001848775483756393,0.006813736974213835
2020-01-27,-0.015732559406387514,0.003075660981614492,0.05681421283744492
2020-01-28,0.010074417116337164,-0.0008759141256241554,0.04442044949141222
2020-01-29,-0.0008432968215439374,0.0022798637133423227,0.0015659479193366188
2020-01-30,0.003284353312316801,8.742800748073876e-05,0.021152763207693104
2020-01-31,-0.017623103655241112,0.0029739233696897127,-0.015946728665013232
2020-02-03,0.007270627814455866,-0.00032311420298325455,-0.008279352792519568
2020-02-04,0.014981951301739516,-0.003322222387599938,-0.012735744664283288
2020-02-05,0.011271348438299578,-0.0014914842508337856,0.05091994774219866
2020-02-06,0.0034933155447423037,0.0006150723453715035,0.01154363125443636
2020-02-07,-0.005205567807335831,0.0028972959904798312,0.0062631899504959065
2020-02-10,0.007479421624518201,0.0011381258898353064,0.007355144714886519
2020-02-11,0.0017263738951394103,-0.0012242806497033687,0.04050304151718698
2020-02-12,0.006496591843896393,-0.0010505068341178925,0.008558290726141893
2020-02-13,-0.0013104404393728952,0.000701346149220683,-0.012030528329067924
2020-02-14,0.0020061837815550376,0.0010509560082150315,0.012321664848087499
2020-02-18,-0.0028577114337373644,0.0013122547813915197,-0.016050768980497843
2020-02-19,0.004878152701676575,-0.00026189566782131024,-0.05485873724922807
2020-02-20,-0.0037682868730869457,0.002272389672753672,-0.0022802169957768514
2020-02-21,-0.010483158954459837,0.0020057861649913633,0.009129093535975796
2020-02-24,-0.03338835002642948,0.003220110132219123,-0.005544294195410138
2020-02-25,-0.030260841457228516,0.001734771043227834,-0.03148015079335742
2020-02-26,-0.0037700517073809836,-0.0010393662170050666,-0.05836701969327118
2020-02-27,-0.04396486187760196,0.00017378426816105907,-0.002257042542784027
2020-02-28,-0.008075005244817746,0.0073676564413536205,-0.003239086500863908
2020-03-02,0.04606164234748422,-0.00035377080054255217,0.017784086464777804
2020-03-03,-0.02807766204795581,0.006813779044793078,-0.01542789456725746
2020-03-04,0.042257415387186636,-0.0007704391837353164,-0.0014187832956570334
2020-03-05,-0.033714005704375216,0.0030865204642944732,0.03497410976575255
2020-03-06,-0.017021998269481697,0.007350040543521175,0.009320626413273025
2020-03-09,-0.07586758529952864,-0.001272646419317347,-0.13673205518880216
2020-03-10,0.04942461869156212,-0.011298778727813819,0.0017150322626038328
2020-03-11,-0.04879767153782166,-0.014263677709784095,0.003718549623356271
2020-03-12,-0.09491443075782902,-0.04001027340229413,-0.3753495151221997
2020-03-13,0.09320717715812266,0.015708203040643243,0.13477248121768648
2020-03-16,-0.11979863134313173,0.016717716327866672,-0.10923926863077671
2020-03-17,0.059986968372841565,-0.025851244094591053,0.08055718578621196
2020-03-18,-0.0518259459209498,-0.03808981895243169,-0.0044799655970565455
2020-03-19,0.004779195682783621,0.02233259417477318,0.15040623564070454
2020-03-20,-0.043192998377345804,0.009913132075491049,-0.004739568201063027
2020-03-23,-0.029292572279212115,0.023720779195030683,0.050575254536579406
2020-03-24,0.0939356957314399,0.008256346866287734,0.04450058219427677
2020-03-25,0.011538212282430571,0.010213791749419388,-0.012559097038597589
2020-03-26,0.06246150031593323,0.003050763803482459,0.009640003276375264
2020-03-27,-0.03368541021529414,0.004257917601207639,-0.03903567537922514
2020-03-30,0.033682029350869946,0.0009515096359828945,-0.008302482423096058
2020-03-31,-0.015910297761465686,-0.002679525220646961,-0.0007025826145188319
2020-04-01,-0.04413574166353296,-0.0033964038881104663,0.03276029406779912
2020-04-02,0.02299748939388402,0.001481842225220964,0.022524422023393997
2020-04-03,-0.01500446492073404,0.0006959690068466529,-0.0060122508663637
2020-04-06,0.07034453192286882,0.004870731071276557,0.08090626148795033
2020-04-07,-0.0015923475274434162,0.0013842277406583836,-0.015151791721330077
2020-04-08,0.03430056208630505,0.0009512717795963077,0.025683343325956898
2020-04-09,0.014616187970465377,0.012434284295601339,-0.009849926435811285
2020-04-13,-0.01008341087383502,-0.0046910295150359715,-0.05972997120539136
2020-04-14,0.03069676851170655,0.0005141043337320017,0.001742964755535592
2020-04-15,-0.02196798924673049,0.004110800663255976,-0.03636991171245518
2020-04-16,0.005822720146028804,0.0012797758440767915,0.07581591483859529
2020-04-17,0.02683538179933076,-0.0011925257131205624,-0.0065093204141615235
2020-04-20,-0.01788300245318486,-0.0014499143584340013,-0.032214242708292096
2020-04-21,-0.03064746720946887,0.0005121982943179226,0.0025024952064638395
2020-04-22,0.02295842775331458,0.0,0.03685845769943663
2020-04-23,-0.0004568568573017906,0.0023903793340402935,0.051230463434106976
2020-04-24,0.013942084948027844,-0.0005109519396727658,0.00238203921884228
2020-04-27,0.014731467446412072,-0.004601470797393037,0.03610873894283606
2020-04-28,-0.005235758311026628,0.003938053034191924,-0.0009761270900144892
2020-04-29,0.02661794364903458,0.0006820034108858675,0.1276641281906712
2020-04-30,-0.009177073747007936,-0.0022152569617569506,-0.012488953651987322
2020-05-01,-0.027949424647250143,5.125854358500881e-05,0.023476030812987103
2020-05-04,0.004255465134819669,0.0008556099481722423,0.002983337027041788
2020-05-05,0.009039957794794828,-0.0007694459767680906,0.01170072388282306
2020-05-06,-0.006901136302612021,-0.004021189029261185,0.031263881358893464
2020-05-07,0.011860395443356486,0.0030923515737155682,0.0784455344105861
2020-05-08,0.017064458975435404,-0.0026548449078950265,-0.013451360050574679
2020-05-11,0.00018553635590601303,-0.003005217934658022,-0.12857583046436094
2020-05-12,-0.020378701310227787,0.002583870292800494,0.026257787625101114
2020-05-13,-0.017391804704826486,0.001631979589415522,0.05735875492416809
2020-05-14,0.011737834409975223,0.003087392423496871,0.05130027128785808
2020-05-15,0.004033013281101061,0.0005987903265645134,-0.048401243268293426
2020-05-18,0.031618848889461315,-0.0014531091488292347,0.04288404490740705
2020-05-19,-0.010392686366934023,0.001113092702483165,0.002811952467247636
2020-05-20,0.016838048404741457,0.002564117557164902,-0.024450890488206145
2020-05-21,-0.007707610512959873,0.0007669526404576743,-0.046964616491830036
2020-05-22,0.0025261497520621123,0.0005115924599021771,0.0102564608272393
2020-05-26,0.01230607410950002,-0.0016180599291425457,-0.0356564479122321
2020-05-27,0.014846653477799121,0.0014499887137249257,0.03779456688453897
2020-05-28,-0.0019905149168698566,-0.0006814708117769408,0.043538217143856084
2020-05-29,0.004968523413747095,0.0026418699277301894,-0.014197826278810055
2020-06-01,0.0038006814036239955,-0.0005615701523460359,0.08128584845716147
2020-06-02,0.008241251622369772,0.0008515944872464765,-0.06733791812378631
2020-06-03,0.013750582559892033,-0.002468716667160198,0.013658760945893356
2020-06-04,-0.003150379136735326,-0.0029869109343650946,0.01774345858914539
2020-06-05,0.026224819694686374,0.00059931402712321,-0.017473020933560957
2020-06-08,0.012058266444638921,0.0011121872516028919,0.013218437202343614
2020-06-09,-0.007728917913849109,0.0012814973326120693,0.0010317791930989362
2020-06-10,-0.005309059126537674,0.004096519486107342,0.011148103352424776
2020-06-11,-0.05882913364181286,-0.001700089286449491,-0.06178858823318689
2020-06-12,0.01336307744088594,0.0010216493025563267,0.019262873038741413
2020-06-15,0.008346952850595502,0.003316794876201623,-0.0015628246177730176
2020-06-16,0.018979548624824316,-0.0019498327921390057,0.008336568406827727
2020-06-17,-0.0036008049881672832,-0.0008488405501106966,-0.007499758201490958
2020-06-18,0.0006305378848880938,0.0010195367814092027,-0.006212794799340893
2020-06-19,-0.005464305212440346,0.0003397606552302257,-0.011075536286165866
2020-06-22,0.006495178600865348,-0.00025457727990996215,0.04292795209338851
2020-06-23,0.004311019804953853,-0.00016963081830767557,-0.0075267986878757576
2020-06-24,-0.02584880916806409,-0.00016973796251440465,-0.033165994823718625
2020-06-25,0.011010528316538482,0.00118915122881047,-0.004930850040300139
2020-06-26,-0.024214581067385943,0.0011875822578810702,-0.00948226548905895
2020-06-29,0.01480973232031313,0.0008473673749251898,0.0027086372364011346
2020-06-30,0.015490575215563629,0.0008462593220752712,-0.004385746525506273
2020-07-01,0.005052190076736185,0.0005347877019279412,0.010648772120096517
2020-07-02,0.00476214515287654,0.0011858747956512428,-0.015901625928997465
2020-07-06,0.015885111371629623,-8.486105307814462e-05,0.026890795022396885
2020-07-07,-0.010813293797541701,0.0015228747223758887,-0.009292685731278616
2020-07-08,0.007842617075265235,-0.0003377896248395462,0.019715315000242484
2020-07-09,-0.005361657444568735,0.0026198634015661693,-0.021523572661653834
2020-07-10,0.010469997837942113,-0.001179534040189445,0.0058190602018266535
2020-07-13,-0.00936138643109763,-8.449072805594149e-05,-0.005233964186733164
2020-07-14,0.013537759237863822,0.0016034383713598999,0.0025696065502176513
2020-07-15,0.009102407597386453,8.412976566218866e-05,-0.006871379577353176
2020-07-16,-0.0033740874717653746,0.0006743783787306334,-0.006973487081020746
2020-07-17,0.002898617918357216,0.0010100327803099773,0.002614416240891204
2020-07-20,0.00840766942747373,0.0010938470233361475,0.0011709599064748666
2020-07-21,0.0016933068462119394,0.0005877675929018,0.024149577851670934
2020-07-22,0.005772017376733274,0.0008401028696760626,0.015197523611821806
2020-07-23,-0.012244521156850263,0.0011745539936651728,0.008174082568247254
2020-07-24,-0.006170262901990631,-0.00033545779646060314,-0.006354972300901651
2020-07-27,0.007399044348726402,-0.000670754664242823,0.15693252985989914
2020-07-28,-0.0064610314172981465,0.000671204878045284,-0.009224213441404672
2020-07-29,0.012430291063547205,0.0011740329998630727,0.015638588904656192
2020-07-30,-0.0035901991968289027,0.0007535695062790282,0.0017650097044072943
2020-07-31,0.007778594673878203,0.0004183087932700946,0.018212797341230935
2020-08-03,0.0072118489638575145,0.0003941766922250789,-0.009005105237482325
2020-08-04,0.0036104142580259957,0.0019258304999651976,-0.002976458409537086
2020-08-05,0.006431179276303434,-0.0019221288056863184,0.0463092638018221
2020-08-06,0.0065394386692112505,0.0014236977254640237,0.004084024042296797
2020-08-07,0.0008426949723487898,-0.0011714640432433088,-0.014473241211968912
2020-08-10,0.0027542395898030314,-0.0009207952141744302,0.023398673178451235
2020-08-11,-0.007964499501776245,-0.002765470956852978,-0.040245205044670995
2020-08-12,0.014146278162289416,-0.002017306742508551,0.016051443708098523
2020-08-13,-0.0017989316771253039,-0.003704968294892308,0.017099514366782698
2020-08-14,-9.822089731736927e-05,-0.0009300556642356517,8.155099029427682e-05
2020-08-17,0.0027353645830578976,0.0013536786760566244,0.045977186553733285
2020-08-18,0.002459894590011169,0.0014367519215081614,-0.026231946465649414
2020-08-19,-0.00423832317971895,-0.0015187739228224029,-0.021333562679784257
2020-08-20,0.003191567757091951,0.0017741838000968624,0.011133420793675741
2020-08-21,0.0035021398103034507,0.0010122342855920508,-0.028887365250917174
2020-08-24,0.010161553465077633,-0.0004213571605036215,0.02140698908288119
2020-08-25,0.0036080537307030536,-0.0021072088724584104,-0.03508108219294803
2020-08-26,0.010202714442241634,-0.00016923403000435044,0.01000090302538581
2020-08-27,0.0017367136384294213,-0.0034639423894794463,-0.013718157739290193
2020-08-28,0.006834128322239508,0.001356625659478361,0.018843609288606622
2020-08-31,-0.002079925930246862,0.002201568966238021,0.013052283253706776
2020-09-01,0.007544413939402084,0.0020729227955098573,0.025004959914523228
2020-09-02,0.015472590465889224,0.002026933332031078,-0.046435002540058834
2020-09-03,-0.03494063909488054,0.00025248671176525406,-0.10101400933413807
2020-09-04,-0.008133597494875078,-0.004970737417692828,0.02051085303944622
2020-09-08,-0.027713049833022918,0.0011008516600057305,-0.03469558140647433
2020-09-09,0.02020025718751839,-8.439070146448735e-05,0.011324570911274368
2020-09-10,-0.017537426398872236,8.439782385605277e-05,0.010908549915561006
2020-09-11,0.0005813083749166559,0.001184264728739448,0.00506936465513208
2020-09-14,0.013058687491179999,8.421333424313282e-05,0.026542661001375478
2020-09-15,0.005234319078162519,8.459393283932748e-05,0.010941027578645679
2020-09-16,-0.004580858882068828,-0.0005068228811031528,0.017527863723090675
2020-09-17,-0.008398129712450686,0.0002533460135625276,-0.002920027354204602
2020-09-18,-0.011167674032357078,-0.0011824214023624657,-0.0014794690461700233
2020-09-21,-0.011519460918840374,0.00016856271903553655,-0.04255751641848948
2020-09-22,0.010521511182144616,0.0007615484041252341,0.006165170662788988
2020-09-23,-0.02364838835425298,-0.002112949192721425,-0.02723802055456781
2020-09-24,0.0030370624885636133,8.480886639006258e-05,0.04942131687645701
2020-09-25,0.016009211628657427,0.0003390512410426094,-0.00515987600147505
2020-09-28,0.01611210415284625,0.0008463306840562623,0.004094532578186483
2020-09-29,-0.004686509014328766,0.00016847085756954705,0.010605361496408339
2020-09-30,0.00828773666871263,-0.0016059476806790096,-0.006345362227514806
2020-10-01,0.005401219102872945,0.0013745867978869342,-0.015385167309485803
2020-10-02,-0.00957420657633301,-0.0010169470206938813,-0.0034423467556652376
2020-10-05,0.018080849752241335,-0.0032229109893507912,0.019160633580574515
2020-10-06,-0.013934613387242112,0.0008509054974046304,-0.01636201731462006
2020-10-07,0.01741649346209062,-0.0006803482123896032,0.006683498315638525
2020-10-08,0.008314719213775135,0.0012761023504404,0.022061561911615568
2020-10-09,0.008814166914234312,0.0002549886286751235,0.015737111118789615
2020-10-12,0.016413973201333976,0.0019537658057513507,0.04282945966816287
2020-10-13,-0.006306207328671598,0.00025434884869079966,-0.009822378552914901
2020-10-14,-0.006524600168659966,0.0005936145159137762,-0.0015619343915177497
2020-10-15,-0.0014995056940698692,-0.0008473956613528344,0.007486407615546975
2020-10-16,0.00015203448765843675,-0.0005089307598574733,-0.014222378358245025
2020-10-19,-0.016328595089481146,-0.0011872029563638753,0.03587840648063079
2020-10-20,0.004745177589657201,-0.0008492435172517965,0.01563495854309216
2020-10-21,-0.0021737940040893466,-0.0011900137911997621,0.07703899244708023
2020-10-22,0.005304195153737812,-0.0017873423628134155,0.011597371897905662
2020-10-23,0.0034649905696886307,0.001449245134049315,-0.0033906248939679084
2020-10-26,-0.018582346862856536,0.0013625124895677576,0.00982183683069282
2020-10-27,-0.0030085952493603685,0.0022951327419151735,0.04547690497798462
2020-10-28,-0.035288626680950674,-0.0014420249468606317,-0.02816675103445443
2020-10-29,0.012031331189919392,-0.0017834578331773487,0.013911503093375188
2020-10-30,-0.012021815963657034,-0.0027232406673101117,0.009504766218095373
2020-11-02,0.012331442899242928,0.0018119291787837,-0.0005683424411810911
2020-11-03,0.017807513106566475,-0.0004268184659664831,0.029520703648368896
2020-11-04,0.02204833402595585,0.006657432291419907,0.009447281285678288
2020-11-05,0.01965090605664832,0.0009325064070551115,0.10455822373593682
2020-11-06,-0.0001604271575629257,-0.0022025175525709484,0.0008013112623150853
2020-11-09,0.0117917348388894,-0.00466854829240293,-0.019153148478852078
2020-11-10,-0.0012329555887033994,-0.0016206990072009653,-3.55288977885726e-05
2020-11-11,0.007650446825709034,0.000598159413313093,0.026891965278295737
2020-11-12,-0.009773649690255293,0.004183206970178821,0.03550729330116842
2020-11-13,0.013705139387086174,0.00017033345067418715,0.0024707383419650952
2020-11-16,0.011660766482806562,-8.515222106542097e-05,0.025290237869712184
2020-11-17,-0.004647716442276462,0.002040094324031738,0.0560898418293565
2020-11-18,-0.01138131411117349,0.0006789573890595424,0.006929061454030494
2020-11-19,0.004012322409753466,0.0018649352538999686,0.0007851098898352671
2020-11-20,-0.006782326805100047,0.0010156183349805392,0.04742852605674419
2020-11-23,0.005749155911970449,-0.00025343429768032166,-0.015566196370247254
2020-11-24,0.016174423237479862,-0.001353281510402593,0.04228935874510609
2020-11-25,-0.0015483347830996808,-0.0003385077247153312,-0.020984442159968753
2020-11-27,0.0024977301810944486,0.0016941965863148667,-0.08783636188677335
2020-11-30,-0.004439458726806511,0.0013528173690362522,0.14985756515905435
2020-12-01,0.011302064807967138,-0.0031641032264922986,-0.0429100044071572
2020-12-02,0.0018857912504559593,-0.001103333280118357,0.020948549794897575
2020-12-03,-0.0004385060841348709,0.0016996926696835057,0.01329381616350167
2020-12-04,0.008897338947692734,-0.0027142896643148617,-0.037870176248677945
2020-12-07,-0.001934572946331814,0.0015311909086588305,0.023979636523394632
2020-12-08,0.00281235902641086,8.48327167064511e-05,-0.043853140468845586
2020-12-09,-0.007900368883672737,-0.0014438947412984682,0.012742973454884954
2020-12-10,-0.0012122237965694893,0.002466137202953078,-0.015066183192171234
2020-12-11,-0.00124277834991382,0.0011024616194945658,-0.012740578065091213
2020-12-14,-0.004177191537300229,-0.0005929853944076635,0.06782236458573698
2020-12-15,0.01293471623503839,0.0005933372347217691,0.007561520473468475
2020-12-16,0.0017749793457821905,-0.0004233067709817906,0.09973616526552309
2020-12-17,0.00580494601847481,-4.257307978772218e-05,0.0663780666387197
2020-12-18,-0.0034386620111417354,-0.0005091957122903557,0.011386813813062169
2020-12-21,-0.003874823040079689,0.0,-0.004830897432205106
2020-12-22,-0.0019973272125737296,0.0014433271059710595,0.03572635824751935
2020-12-23,0.0007616459760750871,-0.0006780882674798372,-0.018925789110049385
2020-12-24,0.003642776822013083,0.0009328492484967921,0.017177564200572037
2020-12-28,0.008722091805599241,0.0001697109486216153,0.14053347163453656
2020-12-29,-0.002225495671821065,0.00016921832805327774,0.007095379225260601
2020-12-30,0.0014510292533105318,0.0005933619515634536,0.05924858317626858
2020-12-31,0.0065182705326756185,0.0007618677137177787,0.0061729977184221685
2021-01-04,-0.014702272315236575,-0.001269173057685924,0.09576910620931312
2021-01-05,0.007203123510100218,-0.001016443241591447,0.06952447200204959
2021-01-06,0.005725764437141789,-0.004918426576956625,0.07732602481140782
2021-01-07,0.015065010494878628,-0.0010227398091616768,0.07020041837249713
2021-01-08,0.005620038792429671,-0.0011943791104206403,0.039773747691958405
2021-01-11,-0.006556325804062069,-0.001622875848517169,-0.13502970490805644
2021-01-12,0.00041637999222321476,0.0008554473483903813,-0.04414705529755858
2021-01-13,0.002294823369449528,0.003162629228938618,0.10631315762744631
2021-01-14,-0.00363819833566148,-0.001959781722042808,0.04689363837466898
2021-01-15,-0.007176821337083195,0.0010247294946230667,-0.0598071434194003
2021-01-19,0.008174825696446453,0.0013646998520071563,-0.01253520175836731
2021-01-20,0.01393647700151468,8.469188044957221e-05,-0.020266571413730672
2021-01-21,0.0004005994581819383,-0.0014474092811177508,-0.12649495327608495
2021-01-22,-0.0030014233269564095,0.0,0.06329135893738602
2021-01-25,0.0036160919967052063,0.0025583064899570296,-0.01718069253720489
2021-01-26,-0.0014828682679789429,-0.00034022675368106103,0.006814781008280146
2021-01-27,-0.025676252437311198,8.524090259087735e-05,-0.06990379107113842
2021-01-28,0.009862352336411195,-0.0006810928349562095,0.10383608319266213
2021-01-29,-0.019180976284389528,-0.001106695136600333,0.019541529967815885
2021-02-01,0.016052615050765606,0.0009563568295021252,-0.01744058341628396
2021-02-02,0.013910269809719988,-0.0015355612761979165,0.060347353509000445
2021-02-03,0.0010084811643018554,-0.0011960238877973817,0.05568648177451885
2021-02-04,0.01095463472499314,-0.00042753489905522635,-0.01195289287075807
2021-02-05,0.0040024132287079794,-0.0012839326590803335,0.024676281692777025
2021-02-08,0.007420722098014476,0.0010285290388161172,0.21228630991330522
2021-02-09,-0.0009420387536874797,0.00042782759701598394,0.009241327956699852
2021-02-10,-0.0003201220965589613,0.0009410831456349023,-0.0315809170133734
2021-02-11,0.0018642444446765882,-0.0011964816013998458,0.06244075943088867
2021-02-12,0.004762980376241233,-0.0023107933230099853,-0.007676132130342572
2021-02-16,-0.00044577875581797155,-0.00471775868806501,0.03398561613363671
2021-02-17,-0.00015729797828301084,0.0019822197564507427,0.06277029785555088
2021-02-18,-0.004379475852521741,-0.000516411619230106,-0.011007560279692852
2021-02-19,-0.0017970410864858177,-0.0030977976189683343,0.08074402337580788
2021-02-22,-0.007649921342435362,-0.003107423788982988,-0.033470694777453236
2021-02-23,0.0012771296511091546,0.00025987089424694965,-0.09993418186155145
2021-02-24,0.01136375581477811,-0.0003465359181522576,0.020734071546858024
2021-02-25,-0.024339925913527516,-0.009180114673347117,-0.04033329788396389
2021-02-26,-0.0046345572425763315,0.008128955168750451,-0.028093674456241224
2021-03-01,0.02381531104474477,-0.0005212413139608074,0.07360046368600637
2021-03-02,-0.008073446848977373,0.00017389038616855146,-0.026790700790178312
2021-03-03,-0.013015976168363363,-0.0036487724730639437,0.04938984042070449
2021-03-04,-0.013241939746544862,-0.0028775728177508064,-0.043749285251779124
2021-03-05,0.019538942968961637,-0.0006991271128061749,0.006767133627485711
2021-03-08,-0.005348653259992564,-0.003937996799731169,0.06736890793955541
2021-03-09,0.014247624470727027,0.0037776708277335036,0.050887650599167555
2021-03-10,0.006083994443620844,0.0016626456685069346,0.02515395341376192
2021-03-11,0.010464193150734102,-8.69944490391461e-05,0.030850608760563114
2021-03-12,0.0012642845913888312,-0.005679920768573488,-0.008861499158513308
2021-03-15,0.006536285870934355,0.0010547026200478093,-0.02116555677806009
2021-03-16,-0.0015426617497761308,-0.0003513035629173489,0.006759025634028637
2021-03-17,0.00288784945278997,-8.791664384244502e-05,0.0386301367560371
2021-03-18,-0.01471100453986851,-0.003864439941303921,-0.016215685486910658
2021-03-19,-0.0004977765499476483,0.0007937478865591707,0.007563327362861916
2021-03-22,0.007027778737497714,0.001938057304623264,-0.06386633174068568
2021-03-23,-0.007627492924705548,0.0025498429823433977,0.002028801283970205
2021-03-24,-0.005406561837686508,0.0012279379080333275,-0.036071670328352234
2021-03-25,0.0052722021114970374,-0.0005256023040799418,-0.019931138516077973
2021-03-26,0.016639313391426214,-0.0016650567823889295,0.06345130254054698
2021-03-29,-0.0008664222449733527,-0.001667993467557749,0.05022772469741743
2021-03-30,-0.0030535517347148877,0.0007911739686412567,0.019338044013990308
2021-03-31,0.003701326838224439,0.000175686323135249,0.0018343233162252393
2021-04-01,0.011826172055583228,0.003361257945533991,0.0004555412685245397
2021-04-05,0.01457432147153237,-0.002016893051646651,-0.0010732007286795575
2021-04-06,-0.0009294051599133546,0.0035146387439901616,-0.011433518150945732
2021-04-07,0.0014958978097110442,-0.0015758812581739834,-0.031286234914978395
2021-04-08,0.004451562512982843,0.002455372711230197,0.030151152681066273
2021-04-09,0.007731984228581235,-0.0011376702524247273,0.0015254115785650058
2021-04-12,-0.0001797941066752351,-0.00026247743874818763,0.03194000899211624
2021-04-13,0.00329514558700561,0.0028910322088140372,0.059087665667233225
2021-04-14,-0.0039675106927754555,-0.0007863995076041741,-0.009080887865054565
2021-04-15,0.011115693218597622,0.003934219038591369,0.005752669023144197
2021-04-16,0.003607844695089124,-0.0026124553522723915,-0.026253714436491826
2021-04-19,-0.005307132468482245,-0.0007859083423992219,-0.09376106756802927
2021-04-20,-0.006768567294863415,0.0015728943063890721,0.012119341556830365
2021-04-21,0.0093065353011752,0.0009596156721809468,-0.04335726137607909
2021-04-22,-0.009130619381605087,0.0002617501940971323,-0.03967992664178588
2021-04-23,0.010962858730977354,-0.0001742698859106273,-0.017870334239578844
2021-04-26,0.0017821691895583136,-0.0008719760229933815,0.05864871342186917
2021-04-27,-0.0002082297147960599,-0.0024422541242981044,0.020089241896608767
2021-04-28,-0.0008379254382361312,0.0005250353509778094,-0.004355173690573699
2021-04-29,0.006817017525584612,-0.0005247598335145209,-0.022273332694120684
2021-04-30,-0.007115213453051661,0.0010490387304464832,0.07792777074473078
2021-05-03,0.0027493586855291685,0.0006388346438059855,-0.008631630470666507
2021-05-04,-0.006677688413743721,0.0012241532642740527,-0.06147354475947642
2021-05-05,0.0007091562385186378,0.0007855016220166267,0.06734251733145169
2021-05-06,0.00832366089345915,0.00017431345688012634,-0.014207253288354593
2021-05-07,0.007541844928812047,-0.00026150369129818163,0.014395074828318588
2021-05-10,-0.010415583180200527,-0.0015704608145704624,-0.025080465951738518
2021-05-11,-0.008659965338577713,-0.0021849125215055443,0.012685827692684448
2021-05-12,-0.021313148201766108,-0.0035028797530136657,-0.09962088146587467
2021-05-13,0.01234401429488452,0.0022851145039080034,-0.03146294897873925
2021-05-14,0.01499762816240735,0.0022801431361363367,0.012736460883461698
2021-05-17,-0.0025283980121560967,-0.0008752758832148988,-0.1301067845740126
2021-05-18,-0.00839424730031646,-0.0012258723117810622,-0.01615422842008951
2021-05-19,-0.0028023706322217734,-0.0014026256471784126,-0.12029241222460307
2021-05-20,0.01064563251548356,0.0034237021874938822,0.0838647929435663
2021-05-21,-0.0007441192543484743,0.0004375178366249344,-0.08885108250017115
2021-05-24,0.010010965979904807,0.0009621817232725594,0.039168909677744335
2021-05-25,-0.002110772328594357,0.002446389100855706,-0.009335599910031633
2021-05-26,0.0018900471653444662,-0.0003486086941680844,0.02417280786588294
2021-05-27,0.0012533987746661257,-0.0012207140086180068,-0.017451315694344327
2021-05-28,0.0008933491847726849,0.0,-0.07567058524829617
2021-06-01,-0.0004610828630496888,-0.00046303594570762385,0.029908941855559812
2021-06-02,0.0015523724745856171,0.0013117643840609983,0.026678690355316226
2021-06-03,-0.0034669683026579134,-0.0023582091558513874,0.04040161348553206
2021-06-04,0.008844989599763764,0.004115062929473057,-0.05811460972500715
2021-06-07,-0.0007731373253112572,-0.0006974515156349392,-0.08565865429878616
2021-06-08,0.00019568408255010716,0.0018324434672747358,-0.007408732743910629
2021-06-09,-0.0017850318188281644,0.002002941810929304,0.11644314488864449
2021-06-10,0.004701224600003551,0.002086436838624861,-0.014635882570922076
2021-06-11,0.001971611584763444,-0.00043414883272152593,0.009759161640940262
2021-06-14,0.002063807894167491,-0.0025164702957288787,0.08794321053331822
2021-06-15,-0.001976036448218421,0.00043519689115378846,-0.00496703881243854
2021-06-16,-0.005377147653113812,-0.0032177650607990715,-0.04941311432919482
2021-06-17,-0.00040968993385381847,0.0031410438709209565,-0.006452293986894508
2021-06-18,-0.01307364253768506,0.0026959270748734276,-0.06061055734444376
2021-06-21,0.014047431968278623,-0.0026020761962908256,-0.11197617939527649
2021-06-22,0.005124289092522716,0.001043593096462736,0.021421797509497686
2021-06-23,-0.0010809599065459974,-0.0005210559774226908,0.0375353572743522
2021-06-24,0.005897988338805504,0.0003474468400828101,0.03119489928513497
2021-06-25,0.003349134757349992,-0.001998619818953107,-0.0858499092329883
2021-06-28,0.0023140044249509995,0.002873149469735825,0.08498698270447758
2021-06-29,0.00036623553407921783,0.0005210085090197047,0.0453101331212149
2021-06-30,0.0013560406630679367,0.0006940020970864769,-0.024164229524062053
2021-07-01,0.00528916100376442,-0.0005553817480334899,-0.0444992133577683
2021-07-02,0.007628416824881468,0.002171872926272078,0.008293233409939038
2021-07-06,-0.0019760527844341347,0.0032070234487435734,0.01009490475357433
2021-07-07,0.003360324087806399,0.001728362390109428,-0.005637177170596863
2021-07-08,-0.008364977913835836,0.0011212203843309343,-0.03277058836683078
2021-07-09,0.01129262308946144,-0.003274060391011635,0.03337089898736778
2021-07-12,0.0034495366909268466,-0.0006052311822919432,-0.022988291209743106
2021-07-13,-0.0035132081499068546,-0.002162167572209217,-0.014886266451953123
2021-07-14,0.001286172528771834,0.003380750932149512,0.00478857524325349
2021-07-15,-0.0032411087705723762,0.0021594736666592507,-0.033251570872326996
2021-07-16,-0.007538878747360478,-0.0008618969838281032,-0.007946730103835842
2021-07-19,-0.015851396799545503,0.005263198945488323,-0.018192172350288693
2021-07-20,0.015190949660127684,-0.0009440915911606007,-0.03616212935637586
2021-07-21,0.008242845482203442,-0.003264806997477221,0.07904815951484334
2021-07-22,0.002091288239365774,0.0023271101751523027,0.005831450859829168
2021-07-23,0.010191309587684438,-0.0006877203783511865,0.035058520646947366
2021-07-26,0.0023934585177967094,-0.0008605726794972401,0.11977378084810675
2021-07-27,-0.004708153543001914,0.0023254618964165807,0.04491300697095335
2021-07-28,-0.00017994387540942736,0.000944990830109127,0.020769885329225746
2021-07-29,0.004324225369492174,-0.0016308710796256731,0.0036798527201611364
2021-07-30,-0.005327977734470468,0.0013756331056389293,0.042496026467082615
2021-08-02,-0.0018404394270467028,0.0021238764400999255,-0.059475965883419524
2021-08-03,0.008205986077105987,0.00034313397817209434,-0.025833403055487425
2021-08-04,-0.004622623210418841,-8.540563300862836e-05,0.03878640663311428
2021-08-05,0.006076974010255531,-0.0022307254848635827,0.029359422941489077
2021-08-06,0.001792668570858913,-0.004470727002065744,0.045154674386731486
2021-08-09,-0.0008634039393914383,-0.0018135505113927586,0.08121654842278292
2021-08-10,0.0009929477446180002,-0.0012979475808495566,-0.01679110356610114
2021-08-11,0.0025075847121951433,0.0009532008043515727,0.004122666124295016
2021-08-12,0.0032155516575764764,8.656499550641072e-05,-0.02781699217250344
2021-08-13,0.0016466860980597353,0.0036345557861932054,0.07457901579812298
2021-08-16,0.00264911634950038,0.0005176977759622226,-0.03631300844827279
2021-08-17,-0.006998859565965687,-0.0007757947675863797,-0.027631419988923156
2021-08-18,-0.010558906904040044,8.626634359876206e-05,0.005373404941378945
2021-08-19,0.0013233832625230146,0.0017248666431919357,0.037649242853577736
2021-08-20,0.008190581527567575,8.59549395606507e-05,0.05560875943744348
2021-08-23,0.008614362022109523,0.0,0.0071087494436630205
2021-08-24,0.001500949894179815,-0.0014634396909680714,-0.03357500969608418
2021-08-25,0.002232966544751802,-0.0018966524795825945,0.02246082475031863
2021-08-26,-0.005787091043621961,8.63150491496878e-05,-0.036977264290016576
2021-08-27,0.008840640714928183,0.0027637143516283658,0.03937522805605176
2021-08-30,0.004369330778776437,0.0011196839600471353,-0.03920013918965992
2021-08-31,-0.0012345007602415636,-0.0014620925366489734,0.0019835395036034154
2021-09-01,0.0003784684574077435,0.00031888647952427185,0.031116406779607697
2021-09-02,0.003000835502805277,0.001034884389962576,0.013987865554918821
2021-09-03,-0.00030951316570992926,-0.001723386655171244,0.00994433872921796
2021-09-07,-0.0033669978072459195,-0.0026755963176549047,-0.06029084146605668
2021-09-08,-0.0012840405359171303,0.0016443187954757743,-0.01422331443074032
2021-09-09,-0.0045208642832436086,0.0031970182452094598,0.005646471712527967
2021-09-10,-0.007674918503399741,-0.001981025446969098,-0.03624421223104701
2021-09-13,0.002285006067284101,0.0012947033617789483,0.00505406363569505
2021-09-14,-0.005501148433197378,0.0022409503295115485,0.04514396348542005
2021-09-15,0.008501178215367444,-0.0009461116362119437,0.024340873867946478
2021-09-16,-0.0015203661826123094,-0.0017215287069393126,-0.007678692667972609
2021-09-17,-0.009106284110919294,-0.0008623653277994858,-0.012208510701222308
2021-09-20,-0.016971912023821867,0.0018989190086537988,-0.09230954353464649
2021-09-21,-0.0007661970645538307,0.00043069806473927663,-0.05434589274498969
2021-09-22,0.009519753485797144,0.00034451877153873767,0.07528614378027165
2021-09-23,0.012175103705647672,-0.004906479734236968,0.02945839975954656
2021-09-24,0.0014740229091276813,-0.0017300234105560586,-0.045874515943413186
2021-09-27,-0.002754409943131142,-0.0013864016422193703,-0.007161186658241947
2021-09-28,-0.02031080515841932,-0.0041646664160780444,-0.0299551823492471
2021-09-29,0.0016671737107101237,0.000697184065939549,0.005583202311306268
2021-09-30,-0.011841649731045178,-0.0001743904144605457,0.05614903211989497
2021-10-01,0.011497707124730638,0.0030529925339719544,0.09813690766758798
2021-10-04,-0.012926700361333254,-0.0006955597882862818,0.0251750581221013
2021-10-05,0.010639640937672556,-0.0023496181351708723,0.04604619659604681
2021-10-06,0.004105220787691488,0.000436209005419963,0.07490103154196759
2021-10-07,0.008530274781661351,-0.0027898299102940838,-0.029134776498978
2021-10-08,-0.001898578366534065,-0.002185878427517718,0.0023858433964853987
2021-10-11,-0.00686529890109655,-0.0015771761221796687,0.062218419896705957
2021-10-12,-0.0024179428984745233,0.0036858119381353305,-0.01907873483371192
2021-10-13,0.003043239073113879,0.002273730025976084,0.020512276659049533
2021-10-14,0.01717566757930733,0.0019189629529134944,0.0006128110924945585
2021-10-15,0.007460464781237297,-0.0024381089101385145,0.07078705701162447
2021-10-18,0.0033749506865827783,-0.0006984060850799834,0.008641291836646081
2021-10-19,0.007408022463163633,-0.0028822802297679972,0.037333818310102185
2021-10-20,0.003674653597738553,-0.0007007567605408216,0.027545093758480688
2021-10-21,0.0030692546166584123,-0.00210350782650226,-0.0558251687832213
2021-10-22,-0.0010571052552645899,0.001932201018158608,-0.02601919429438393
2021-10-25,0.004752084493384601,0.0009646713765607551,0.03754188004498982
2021-10-26,0.0018234575424127542,0.0018394333520521666,-0.04184709855034663
2021-10-27,-0.005033806441331223,0.0033221323554462057,-0.030311701191742202
2021-10-28,0.00987890598529284,-0.0007843765245720835,0.034172167421969046
2021-10-29,0.0020602381758962895,-0.00026166408468941693,0.027511685439850497
2021-11-01,0.0018099598012180085,-0.0006117037165318528,-0.01829818044856346
2021-11-02,0.0036826533577196674,0.0020105415375368807,0.03163506127285598
2021-11-03,0.006459997208942081,-0.002006507371121735,-0.001091086750978687
2021-11-04,0.00431300988215555,0.0033221263022271685,-0.02481244420681017
2021-11-05,0.0038333835799411187,0.003921021197330843,-0.006320647615593367
2021-11-08,0.0008990956337027178,-0.0018225384130969857,0.1071358837963341
2021-11-09,-0.0034276229368364053,0.0027822387056273268,-0.00660583714718288
2021-11-10,-0.008004025441957663,-0.006763139212292324,-0.034868280504128824
2021-11-11,0.0005516626714925366,-0.0018333552841257594,0.003194346099409051
2021-11-12,0.007317327965397746,-0.00017501203748038208,-0.013607194733483596
2021-11-15,3.171039593419245e-05,-0.003673459506585597,-0.005079121716682677
2021-11-16,0.003918901738282798,-0.0003512972200107045,-0.053816733767282576
2021-11-17,-0.0024044793559236943,0.0023709255069457313,-0.002788171790558791
2021-11-18,0.003474626998821506,0.0008766704567804151,-0.05585888742312861
2021-11-19,-0.0013766839449183,0.0019259630660948268,0.021479628463642486
2021-11-22,-0.0031041191428530235,-0.004805573645775274,-0.028105372176018384
2021-11-23,0.001669714970395475,-0.003951206212493674,0.022323879350616416
2021-11-24,0.002338261459819524,0.002291816805774838,-0.008681744423279514
2021-11-26,-0.02270366941567259,0.007123425104310854,-0.05847227009220257
2021-11-29,0.013264713673713402,0.0005237400579620743,0.07658077279577347
2021-11-30,-0.018831280337199385,0.0016583085958119526,-0.014221129632715601
2021-12-01,-0.01173009472063491,0.00019189375333761305,0.001464123000264772
2021-12-02,0.01435285460366198,-0.00017440116526279414,-0.010453125219218595
2021-12-03,-0.0084023721347245,0.00401372717083559,-0.05145155199962137
2021-12-06,0.011760442234809876,-0.0034760109084531754,-0.05843294975222979
2021-12-07,0.02071988550683823,-0.0015697667048577557,0.0007726779986336751
2021-12-08,0.0031062851940242275,-0.0026207047351609614,-0.0014595996551638457
2021-12-09,-0.007059993824725441,8.777233192924783e-05,-0.050748481152751546
2021-12-10,0.009559794027566904,0.00026305817066307746,-0.010442565881653154
2021-12-13,-0.009114538355778357,0.003501256934979491,-0.013742394857836016
2021-12-14,-0.007326698118362063,-0.001919039033923986,0.03221852830099481
2021-12-15,0.016368817770933575,-0.0007865494938759099,0.0111391645860357
2021-12-16,-0.00870141675974645,0.0013743466849556185,-0.023902076633180003
2021-12-17,-0.010233038549595341,0.0012240842275292874,-0.02788268213826861
2021-12-20,-0.011378360479997407,-0.0014842967510028116,0.013386999900550034
2021-12-21,0.017853461174947904,-0.0007873135422477029,0.04530528599709083
2021-12-22,0.010285726891860136,0.0008751856846802575,-0.007945137344920083
2021-12-23,0.006240475218247443,-0.001224455110028444,0.041503079173718316
2021-12-27,0.01387534922149114,0.0005258134862093922,0.0016446858477219273
2021-12-28,-0.0010101595805021013,-0.00043806530154100187,-0.061487329833172955
2021-12-29,0.0014041421707096102,-0.0029765235680233593,-0.025228564573999912
2021-12-30,-0.0028979999142241253,0.0021953880398937198,0.013603121460542766
2021-12-31,-0.0025777323484976744,-0.0003507094069766792,-0.01586638205021096
2022-01-03,0.0063794806784531755,-0.006837107591157743,0.002120909777141078
2022-01-04,-0.0005631766427443008,-8.821301631711798e-05,-0.011785377354758597
2022-01-05,-0.019318530046790627,-0.003089389506535589,-0.05173657244567742
2022-01-06,-0.0008913349572529095,-0.001062644601691587,-0.008866767183141722
2022-01-07,-0.0038681794611419296,-0.002924924449647981,-0.03783015470992279
2022-01-10,-0.001441258625488162,-0.0008890398290162249,0.007327055468547394
2022-01-11,0.009159600517642863,0.0018682700903636107,0.022747415378199243
2022-01-12,0.0028331946983615186,0.0,0.027891015498406224
2022-01-13,-0.01413393602484414,0.0017765023728359974,-0.030348726054577613
2022-01-14,0.0008375520883012744,-0.005585470783000535,0.011161557886526063
2022-01-18,-0.018372464808944278,-0.006061952454052721,-0.015577132453030162
2022-01-19,-0.009669728945947975,0.002153010645177922,-0.015165950276407658
2022-01-20,-0.010962659852854939,0.0005363943054916831,-0.024686577781820263
2022-01-21,-0.018904186020415548,0.003936206986274282,-0.10461835655982787
2022-01-24,0.002771802781672994,-0.0011585811318680639,0.004588311920951549
2022-01-25,-0.012167374749228133,-0.0009812105103950142,0.007988645600540023
2022-01-26,-0.001486707619371197,-0.005625310656322213,-0.003430400546862833
2022-01-27,-0.0053186158621824076,0.0033229151146596525,0.005325407809108951
2022-01-28,0.02446691454680061,0.0007155400554412772,0.020174804675711533
2022-01-31,0.01890531434903986,-8.914806676163511e-05,0.018370296304276446
2022-02-01,0.006867035199239924,-0.00034932801860854124,0.008457334321938514
2022-02-02,0.009432608590783653,0.0010752187110834033,-0.047582629734286175
2022-02-03,-0.024345145190889483,-0.0040283403518164285,0.0031216611468403155
2022-02-04,0.00532553018195614,-0.006290740451893706,0.10854044071218705
2022-02-07,-0.003679883448634458,0.0009042275674457922,0.06838073158323743
2022-02-08,0.008410769572593457,-0.003071919820482494,0.006344751552472161
2022-02-09,0.014643160541437439,0.000634498359723068,0.005380171092241648
2022-02-10,-0.017988673959482893,-0.009239267999741174,-0.017807211003681545
2022-02-11,-0.01893188318474004,0.0065826599638498795,-0.028821274762110716
2022-02-14,-0.003768357154059321,-0.0058128980453519,0.0068191308028959785
2022-02-15,0.01588309829894552,-0.001644768717176115,0.04374946179436279
2022-02-16,0.0010144892544066142,0.0011899456472994618,-0.010024266219708422
2022-02-17,-0.021051670713718607,0.0021021821183788703,-0.07842118198701065
2022-02-18,-0.007018769465458874,0.0020979354953003515,-0.01393261358865805
2022-02-22,-0.010129360063889092,-0.0010925562386215892,-0.04598981779445366
2022-02-23,-0.018407194194856147,-0.00446447212863188,-0.02341006858025685
2022-02-24,0.015038398428509181,0.0018304655030081385,0.026147599467127858
2022-02-25,0.022484305425831463,0.0010049002070884328,0.027165016912158668
2022-02-28,-0.0023327370774638423,0.00721014422902555,0.09804462484208343
2022-03-01,-0.015446840135420525,0.00563520742640522,0.026753659399233687
2022-03-02,0.01867659763168894,-0.012001429780501893,-0.007891664288204314
2022-03-03,-0.0051294656395015625,0.003378937934494397,-0.03391666589471032
2022-03-04,-0.007864807140162466,0.004005306999231628,-0.07969282502127084
2022-03-07,-0.029505072701182078,-0.005801996673830856,-0.02453999383027028
2022-03-08,-0.007207273397608183,-0.003556675747853011,0.015171495000480428
2022-03-09,0.025854506502774433,-0.00210474931300364,0.08428367543041215
2022-03-10,-0.004199740601700586,-0.005594776110594557,-0.05970897851399681
2022-03-11,-0.012903729788008023,-0.00018422815738217135,-0.016637701877306288
2022-03-14,-0.007204018811930446,-0.009685261364870246,0.02121502052063806
2022-03-15,0.02143132606093423,0.002235600713420771,-0.00737045298121386
2022-03-16,0.02240796340051543,0.0007433441666047091,0.04433678710648925
2022-03-17,0.012407623501097254,0.001671178283613406,-0.0032930857069763952
2022-03-18,0.011673256640429619,0.00222548689206703,0.020985460845455606
2022-03-21,-0.0003826134455110486,-0.009805802140394837,-0.018210785375312732
2022-03-22,0.011304224144860653,-0.0027093783417899697,0.032113921510684484
2022-03-23,-0.012217352551048388,0.004121743867138372,0.008282309247231279
2022-03-24,0.01443166216308045,-0.0022388968194674286,0.02902578149646362
2022-03-25,0.005072495263448218,-0.007947863419930368,0.00846945158597201
2022-03-28,0.007145823335880319,0.002450930014007202,0.06486608750948464
2022-03-29,0.012258977160562345,0.0047005491298854896,0.005083401566523094
2022-03-30,-0.006191835284967584,0.0027141939017245598,-0.007172059064464831
2022-03-31,-0.015585365900418147,-0.0004666143442454418,-0.03312770064452242
2022-04-01,0.003410167506156858,-0.0017768664044650606,0.01510299020189998
2022-04-04,0.008098360377751801,0.0008430309621596521,0.008922484080498894
2022-04-05,-0.01239235248286319,-0.01010835149772149,-0.020786683846076515
2022-04-06,-0.009713256349465849,-0.002553188760366365,-0.05226393606176161
2022-04-07,0.00437850236155235,-0.002179957487106643,0.006098842022644879
2022-04-08,-0.002632360225880759,-0.005035250740039188,-0.03091594331472014
2022-04-11,-0.01687800022423458,-0.004296965971857247,-0.06342758321800013
2022-04-12,-0.003383810647999086,0.003164615731284348,0.01396776855129822
2022-04-13,0.011365133426284313,0.002007284029282408,0.02634623923848811
2022-04-14,-0.012144862426870406,-0.008108834330693537,-0.03004073612890601
2022-04-18,-0.00020445031815008452,-0.0030780001230891196,0.02260674908955229
2022-04-19,0.016072341388350342,-0.006078056950443056,0.016433209866648202
2022-04-20,-0.0006038763536643232,0.005726960095623124,-0.0022660877214977226
2022-04-21,-0.014672467632349528,-0.005501149205892064,-0.022662979428225816
2022-04-22,-0.027725985056023306,-0.000970475292114803,-0.017784650804635427
2022-04-25,0.005712278786754288,0.006702914444816965,0.018515660177878646
2022-04-26,-0.02813787793503908,0.003087754047537139,-0.05932110426366044
2022-04-27,0.002108955475198515,-0.004040400571607372,0.03009331379417657
2022-04-28,0.024806351149914807,-0.000386439099465008,0.0135000395652356
2022-04-29,-0.03621349045918054,-0.005990784999711063,-0.028642543593827563
2022-05-02,0.0056802805498255005,-0.005443556555270734,-0.001125189723783615
2022-05-03,0.004837675044146561,0.002251900979161725,-0.02234237845276954
2022-05-04,0.029873608791635586,0.006447832306403223,0.051385158975188805
2022-05-05,-0.03554236769865571,-0.009901078286712939,-0.07920486667435833
2022-05-06,-0.005526300156700414,-0.004215381688820075,-0.012575329922829837
2022-05-09,-0.03196298746596049,0.00492253776411733,-0.15495596391706945
2022-05-10,0.002463282598024641,0.0030370008577895735,0.017493424198149254
2022-05-11,-0.01642647130934749,0.003712011466607823,-0.07080110660464145
2022-05-12,-0.0009389865027319422,0.0018489249628796944,0.008131188096415665
2022-05-13,0.023982763130000917,-0.004274005727519015,0.00879164360942064
2022-05-16,-0.0038955033221167445,0.0022437270933306497,0.020613233303992562
2022-05-17,0.02022369377512301,-0.005450912264530872,0.018353599344633986
2022-05-18,-0.040164479229407246,0.004012920300806355,-0.054765862406478294
2022-05-19,-0.005726747894117756,0.0025339255552123685,0.05167193970195294
2022-05-20,0.00016297879624471712,0.003014229042429095,-0.034160987837896006
2022-05-23,0.01867608432422041,-0.003296110748215786,-0.004653480417101008
2022-05-24,-0.008106667089508357,0.007683550028852348,0.01909472671237422
2022-05-25,0.009466860522317155,0.0041503944035452545,-0.0022407429541758672
2022-05-26,0.01991977315988458,-0.0007690206524987309,-0.008275744082522851
2022-05-27,0.024919145725843528,0.0016350302313490328,-0.0245613254622572
2022-05-31,-0.006185869723346893,-0.006337976294657932,0.11251794934403114
2022-06-01,-0.007382335791982331,-0.004105383035199028,-0.06300340939189109
2022-06-02,0.018604787191817795,0.0012639596432038047,0.022743497950418856
2022-06-03,-0.016276190053876705,-0.0016503985469861204,-0.02758948448858578
2022-06-06,0.003145672210227435,-0.00612757064297853,0.05633363396370927
2022-06-07,0.00955132916850765,0.003816304981376639,-0.005063069701828571
2022-06-08,-0.010757656078149158,-0.004094028635660996,-0.030363007086616767
2022-06-09,-0.023701580645306475,-0.0010772005945973717,-0.0054246608660896145
2022-06-10,-0.02908011814734124,-0.007740679987758514,-0.033065109259046155
2022-06-13,-0.03876325867432717,-0.016393742075327622,-0.23233746295445135
2022-06-14,-0.0034246344925956684,-0.005923716580156557,-0.01090643162099092
2022-06-15,0.014623278422900343,0.011110138105432155,0.02029300109523846
2022-06-16,-0.03240933769459986,0.0023973172218834105,-0.09815880903570673
2022-06-17,0.002222359478901037,-9.978225137829977e-05,0.0076194364346988674
2022-06-21,0.02453401517963294,-0.003986370830329711,0.010922883873119904
2022-06-22,-0.00128606469548731,0.008504808396448515,-0.033124583643186156
2022-06-23,0.009577096522151107,0.00416726699651071,0.05468806126900394
2022-06-24,0.03058147154330393,-0.0015807537975300878,0.00957354921420528
2022-06-27,-0.0029426773361337366,-0.004453200517315015,-0.025730001806202663
2022-06-28,-0.020144710807301847,0.00039760675737010587,-0.023508787112898832
2022-06-29,-0.0005999141890297155,0.005763271655145896,-0.008995192083826598
2022-06-30,-0.008593878643455177,0.0045442936630186725,-0.037251027880776166
2022-07-01,0.010566172354066428,0.00833583170108576,0.00046299256744464223
2022-07-05,0.001765283432140441,0.001856377301769463,0.04402262927118206
2022-07-06,0.003591141902269168,-0.006729808928314207,0.018199117532464504
2022-07-07,0.01508155426828317,-0.002258323438459997,0.053041370265120014
2022-07-08,-0.0007509294217559193,-0.003740040252627641,0.007499184257741209
2022-07-11,-0.011510752560698001,0.0046431242705660125,-0.08446298861145851
2022-07-12,-0.009225478044800228,0.0013764972713565804,-0.03165417695461725
2022-07-13,-0.004437561382715005,0.003633102890209461,0.042213552232571505
2022-07-14,-0.002869832435246744,-0.003522164005337114,0.01971524603175112
2022-07-15,0.01920284787595139,0.0039271449723157215,0.013566148074932283
2022-07-18,-0.008363861504594228,-0.0032269321920602723,0.07075669946085061
2022-07-19,0.027670354732221236,-0.0013736129748771475,0.04776786650606324
2022-07-20,0.005911125089620661,-0.0006881872497243036,-0.003862316947165545
2022-07-21,0.009951696899239026,0.00835714033249646,-0.005520669729154992
2022-07-22,-0.00932113242629673,0.0078001769915334584,-0.01927772396199723
2022-07-25,0.0013150903526795155,-0.00367646111633535,-0.052671257247380865
2022-07-26,-0.01153415705302463,-0.00019402596551831852,-0.015270314871642765
2022-07-27,0.026167525764994704,0.0034960763543352424,0.08104916879210444
2022-07-28,0.012256905060840095,0.00716281261917584,0.041057069353550135
2022-07-29,0.014315822866241668,9.613403831632006e-05,0.0047059684263695
2022-08-01,-0.0028165576453040853,0.0034661220220291167,-0.02585714149587892
2022-08-02,-0.006657572437598458,-0.010265890804744271,-0.012858862499676493
2022-08-03,0.01565350642428509,0.004458957342031722,-0.009625085005669387
2022-08-04,-0.0006887864783042819,0.0024126798256141058,-0.0079534137847741
2022-08-05,-0.0014982391851073862,-0.01116796149412902,0.027427537211751618
2022-08-08,-0.0012198005486261376,0.004576136173971346,0.02385821725645032
2022-08-09,-0.004185766875354435,-0.0022294331890434504,-0.025935466014564645
2022-08-10,0.021334755105113734,0.002526140672344912,0.03177596248003134
2022-08-11,-0.0004358087114574305,-0.005329511595344449,0.000475715639150609
2022-08-12,0.017451691165851546,0.004481280247433439,0.01929728911124573
2022-08-15,0.004000457749870234,0.0012604289736974916,-0.012803366008695138
2022-08-16,0.0019261904861660462,-0.001452675346623522,-0.00893269527433449
2022-08-17,-0.007057662506209539,-0.00591685672153186,-0.022308201092831048
2022-08-18,0.002421647930012538,0.002146591645018958,-0.004935576191077873
2022-08-19,-0.012869675975448636,-0.007010106176744468,-0.09966785603971973
2022-08-22,-0.021296670563246356,-0.004314317397625889,0.018860771583912417
2022-08-23,-0.0022242446231997004,-0.0003932835749930197,0.010958610995709162
2022-08-24,0.0029363613302355596,-0.0026603341834265937,-0.005086788916586427
2022-08-25,0.014115019823358166,0.005531579717902746,0.007601725453500796
2022-08-26,-0.033660589060308554,-0.0018662936574125322,-0.06214952662844542
2022-08-29,-0.006619037792130467,-0.004822462579050502,0.0012246669892761464
2022-08-30,-0.010947971069730889,0.0012856215919945235,-0.021977112526628928
2022-08-31,-0.007616170820343715,-0.005333370433214579,0.010048108197075578
2022-09-01,0.003169179395121402,-0.004338009906176832,0.004034573094409577
2022-09-02,-0.010658310416766681,0.0028979509543005655,-0.007789219428775862
2022-09-06,-0.0040438760017454944,-0.0093663703616782,-0.05527666190833358
2022-09-07,0.0183696599424501,0.006940438279908978,0.023705453069903903
2022-09-08,0.00673317202233914,-0.0031964519233511623,0.0013589334483152804
2022-09-09,0.015359522889232036,-0.00010020666850130144,0.10581166485212878
2022-09-12,0.010582529861324907,-0.0015036937079588863,0.046898199548458974
2022-09-13,-0.0432087952607364,-0.005620764936252409,-0.0983747503763922
2022-09-14,0.003660629456674558,0.0013123330300524039,0.0040329140429467
2022-09-15,-0.011216968438291897,-0.0030239020886029255,-0.02714048413031711
2022-09-16,-0.007165663207687745,-0.0007076695429970581,0.002269789618065454
2022-09-19,0.0068678838224423,-0.0015183265557926484,-0.009300201951540799
2022-09-20,-0.011262202703462676,-0.004458690719680192,-0.035025457537385285
2022-09-21,-0.01705080553224969,0.003155509316591365,-0.019402855474614955
2022-09-22,-0.008381382695956785,-0.010654360654925865,0.04905120400052576
2022-09-23,-0.017209456791428046,-0.0030770796063427364,-0.004515936332233905
2022-09-26,-0.010338649153030954,-0.012860056335742609,-0.006505612795245641
2022-09-27,-0.00205731608889248,-0.004273451899961533,-0.004916002285409116
2022-09-28,0.019730957449253905,0.016119324366318022,0.01822384752240791
2022-09-29,-0.020985340322047463,-0.005253293690920091,0.004416832577744945
2022-09-30,-0.015021163035838003,-0.0023817857432888445,-0.0054077294556701405
2022-10-03,0.025891915674489674,0.008124930826170829,0.010199943831720404
2022-10-04,0.03067307692307697,0.002682750424556346,0.035986508834643605
2022-10-05,-0.001920569879808487,-0.005248734278060718,-0.009089077848378424
2022-10-06,-0.009992780885356933,-0.003931766388878044,-0.010148890654892107
2022-10-07,-0.02797083256446764,-0.00529661502272305,-0.020621181847361503
2022-10-10,-0.007493403266789156,-0.004490055011303173,-0.019690713603790044
2022-10-11,-0.006502193180865312,0.000629312819271366,-0.006010219105050396
2022-10-12,-0.0032638447094073264,0.0008387409933596768,0.006178252718696209
2022-10-13,0.02609865212908935,-0.0031423194732427273,0.01205424555487511
2022-10-14,-0.02362535925256659,-0.005463028256480151,-0.01083873427840365
2022-10-17,0.02648166544259034,0.0021128713764502205,0.01977963072309996
2022-10-18,0.011448785066983769,0.0016866588502764124,-0.011024902378828916
2022-10-19,-0.00667495264983109,-0.008630035684592197,-0.010818919372023172
2022-10-20,-0.007838352986247354,-0.006050870202419012,-0.00516295234310038
2022-10-21,0.02374439329176492,0.0014954971609393297,0.007434326133348934
2022-10-24,0.011881832289606598,-0.0013866694765720666,0.008687610722377226
2022-10-25,0.016272749889030935,0.009824929062853371,0.03895780893840661
2022-10-26,-0.007374817424097957,0.004441526985166311,0.03493759953150777
2022-10-27,-0.006064280034994485,0.0050541425038950205,-0.024852379270265512
2022-10-28,0.024725571721174733,-0.0025145481336025233,0.015997826620925082
2022-10-31,-0.007416586693003602,-0.003360842987437773,-0.0055208835028061065
2022-11-01,-0.004091933066609599,0.001858857013029791,-0.0003363280274337743
2022-11-02,-0.024996684667198732,-0.0016865321647367981,-0.016387547631396382
2022-11-03,-0.010458086675583678,-0.003695707618054045,0.0024729962557819007
2022-11-04,0.013831877127146397,-0.00010588470825168006,0.04748630862867542
2022-11-07,0.009634940518809199,-0.0031801431432950666,-0.02782402960274233
2022-11-08,0.005606604311194641,0.004253749490124692,-0.09954967412276539
2022-11-09,-0.020566655401764722,0.0011645536162070425,-0.14916495777882277
2022-11-10,0.05551206906903827,0.021470168111348276,0.11316385595136103
2022-11-11,0.009240149287102595,-0.0007248992691677447,-0.03561311794705413
2022-11-14,-0.008711089658256732,-0.0027977296035743837,-0.01698733545650799
2022-11-15,0.00878880114633196,0.007377402944540812,0.013597261789084936
2022-11-16,-0.008023662798670839,0.006188971303796809,-0.011627442733707638
2022-11-17,-0.00288241305517678,-0.004203194113525099,0.0009347571331237425
2022-11-18,0.004788495503931678,-0.001441078474714863,-0.0008189455004978807
2022-11-21,-0.0037702289780944254,-0.0006187685878982219,-0.053026698408056405
2022-11-22,0.013605676350694207,0.005158326323726259,0.02502671467980644
2022-11-23,0.005967124366492049,0.00595225029351143,0.024805238996002288
2022-11-25,-0.0002545688957868997,0.00020366086694156849,-0.0031177000596191995
2022-11-28,-0.015436712797352148,-0.001631738338659594,-0.018750760849064685
2022-11-29,-0.0015045964639839315,-0.00357572799827488,0.014214602717621982
2022-11-30,0.0312206837552087,0.007792525420807106,0.044630555745524436
2022-12-01,-0.0007028819284397025,0.008320889491068906,-0.012552142914380782
2022-12-02,-0.001115086825196232,0.0041467161846266976,0.006710416527240248
2022-12-05,-0.017881147997480085,-0.007856050938738979,-0.006662174131176757
2022-12-06,-0.014361679413778305,0.002944118271077212,0.0064360460692740595
2022-12-07,-0.0018389537692379276,0.008906777441935354,-0.013020344905583348
2022-12-08,0.007665728499731683,-0.003009994050667375,0.02274446642589223
2022-12-09,-0.007308673584587089,-0.005936543088980062,-0.005531007923335718
2022-12-12,0.01428534102925938,0.00020205333479128562,0.00346495559307769
2022-12-13,0.007329284189305785,0.006680099802893302,0.033694326635179905
2022-12-14,-0.005860334237581144,0.0022113649219148712,0.001958234303477191
2022-12-15,-0.024850756166840737,0.001468112768608254,-0.02614693099487786
2022-12-16,-0.011062732941710007,-0.002610423132727635,-0.042547391886637476
2022-12-19,-0.00894177016100317,-0.006139883153490566,-0.01095854401700791
2022-12-20,0.0010741194056231862,-0.006785479705232578,0.0290843722164853
2022-12-21,0.015010494419359866,0.0027529083194777204,-0.005992489795567657
2022-12-22,-0.014453094328806038,-0.0003048013654673998,0.0008148317937299865
2022-12-23,0.0058962799695119195,-0.0034582909770003445,-0.002004588627184667
2022-12-27,-0.003968486140625727,-0.007247252353646649,-0.004863122455652347
2022-12-28,-0.012011633862076154,-0.001747677840634121,-0.009738184009776663
2022-12-29,0.017593014479188263,0.003707683138881146,0.0057025445880189984
2022-12-30,-0.002481024395002751,-0.004720409195038133,-0.002219062547737183
2023-01-03,-0.003964275191008726,0.005876891255966354,0.004603470375208252
2023-01-04,0.0075893517331568905,0.005535137372119081,0.010695130644030382
2023-01-05,-0.01148595057016577,-0.0008154468680097171,-0.0013987027858922696
2023-01-06,0.022859241040914746,0.01091588277122435,0.007908687754406785
2023-01-09,-0.0005796810153996246,0.00252314399923681,0.013236195381971516
2023-01-10,0.006978693020753601,-0.0038252442837867218,0.014642654898661123
2023-01-11,0.012871662231119352,0.006163991079526809,0.02293209195895618
2023-01-12,0.0035346678672854015,0.007231289235994032,0.05809187623374945
2023-01-13,0.0040334446206051755,-0.0036893260543352513,0.05294307931987752
2023-01-17,-0.0020285567629252377,-0.001801730703211657,0.06591135906130785
2023-01-18,-0.01556191465728296,0.009925955910877304,-0.022127876438916005
2023-01-19,-0.007512862365574358,-0.002283046636883612,0.01748771639691893
2023-01-20,0.01893937257467737,-0.004079690447439055,0.07540319323778832
2023-01-23,0.011882068218390884,-0.002497846970412887,0.011840223421681006
2023-01-24,-0.0006884785547078831,0.0044072332684856885,-0.013864436729357998
2023-01-25,-0.00017163947863108042,0.0011962299403658339,0.02202268126394502
2023-01-26,0.01107989004974863,-0.0016930197406974656,-0.00434439721271862
2023-01-27,0.0025126325444126962,-0.0014964051920487442,0.002686245196733106
2023-01-30,-0.012875013419560655,-0.0026980562666161223,-0.011749603965376165
2023-01-31,0.01466209432400456,0.004107895032769759,0.014501445491281295
2023-02-01,0.010456845890982391,0.007051938080867792,0.02581709269704624
2023-02-02,0.01475389712367381,0.00109237519854255,-0.009339396983733983
2023-02-03,-0.010309277220885815,-0.009623710458266599,-0.00254371951250687
2023-02-06,-0.006073297409113998,-0.005509983194319168,-0.029883721028056254
2023-02-07,0.012890504122283541,-0.0017125953192993482,0.02291054673461468
2023-02-08,-0.01104967454185779,0.0014124860592521493,-0.014127286822439133
2023-02-09,-0.008678180712418326,-0.003929918320829895,-0.048801181396407434
2023-02-10,0.002399569959730785,-0.004349771728499707,-0.009058133642742217
2023-02-13,0.011602630063770825,0.0030483026083079068,0.00823979014342835
2023-02-14,-0.0001585249765337915,-0.0035453828303388946,0.019436894012730077
2023-02-15,0.0030249546588727583,-0.001931557865080813,0.09369809423581721
2023-02-16,-0.013698098238904222,-0.004176122886088152,-0.023129936184587363
2023-02-17,-0.002581388503163695,0.002352316025115986,0.03642786706673973
2023-02-21,-0.020033905827287923,-0.009387717606808899,-0.00840993998623718
2023-02-22,-0.0015560272800794195,0.0026782984359845496,-0.009698632458366774
2023-02-23,0.005412238073382092,0.003595736656849313,-0.01049940040697206
2023-02-24,-0.010494242004506438,-0.005732565853780791,-0.030707191811617962
2023-02-27,0.0031965906718991466,0.001956217408562111,0.01416843739046092
2023-02-28,-0.0029348225729296518,-0.0001029232354323728,-0.015241550508804824
2023-03-01,-0.004664002169678327,-0.0057272885846023636,0.020077377688469733
2023-03-02,0.0077367145152691386,-0.0020722515588185164,-0.005956360988083942
2023-03-03,0.016231819229241662,0.007890346614176647,-0.04771742784832467
2023-03-06,0.0007253370981568086,-0.0024721063964989742,0.002890684269050592
2023-03-07,-0.015299616358021573,-0.001342301095567322,-0.010709703798657322
2023-03-08,0.001501611850821094,-0.0010338647273611112,-0.021342563801259984
2023-03-09,-0.018297073700025757,0.0036226776243812875,-0.06228037855376034
2023-03-10,-0.014401243021763155,0.011654248423907498,-0.005376337972220702
2023-03-13,-0.0014854932796071196,0.007951884061217385,0.19337666772764428
2023-03-14,0.01671690257220404,-0.005866065232416284,0.025444131676650716
2023-03-15,-0.006945826816436851,0.009970458459409581,-0.014502626769054228
2023-03-16,0.01771071100922539,-0.003928943660400752,0.025950112229994104
2023-03-17,-0.0109962786438903,0.006270489493938491,0.09612931702813987
2023-03-20,0.008927598013809046,-0.004020112568409839,0.013978106858020922
2023-03-21,0.01305672858896223,-0.003027320318680249,0.0121597635916042
2023-03-22,-0.01638843057136996,0.009615138525949307,-0.02950498608390717
2023-03-23,0.003070133726122304,0.002406110468145206,0.03826894769919842
2023-03-24,0.0056453256844397615,0.0017002736238884708,-0.032540805687127916
2023-03-27,0.001647159867983472,-0.010782824923757706,-0.011255722718906291
2023-03-28,-0.0015504399188174256,-0.001513922001379675,0.004749292946718331
2023-03-29,0.014237750416349781,0.0012128505575270676,0.04051201649796399
2023-03-30,0.005851243083104141,0.0011108510312587416,-0.012953245905806487
2023-03-31,0.01447427036165494,0.004840236580247348,0.017597986520350384
2023-04-03,0.003700351817244707,0.004346649283919923,-0.023275776976961704
2023-04-04,-0.005706315185069255,0.0037071230748828565,0.009442345498609006
2023-04-05,-0.0023673541989537306,0.0033933349138224322,0.0027158426522257972
2023-04-06,0.00378863234009863,-0.0008954270153012089,-0.00501013014730145
2023-04-10,0.0010187230514961954,-0.006869880721808497,0.05841514342087861
2023-04-11,-4.097394967328416e-05,0.0006017065937049537,0.018847309679228985
2023-04-12,-0.004113997530135638,0.001202253827266242,-0.011045436358223082
2023-04-13,0.013420707703406531,-0.0004002700495563394,0.015305000219167253
2023-04-14,-0.002066419868438363,-0.004905032100598783,0.0029023899684605947
2023-04-17,0.003324959467512434,-0.00503053292779676,-0.03248517488883207
2023-04-18,0.0008540619922412507,0.001415667280726396,0.03045070849936815
2023-04-19,-8.432319764106744e-05,-0.001514742504312272,-0.05170530130241524
2023-04-20,-0.005844595492325411,0.004550593592969054,-0.018941992693454313
2023-04-21,0.0009206059895829899,-0.0017111855061667791,-0.03395440478324485
2023-04-24,0.0008520049427542808,0.003932606589108989,0.008360632835400894
2023-04-25,-0.015768905304648584,0.006227635364519646,0.028433461759027834
2023-04-26,-0.003835842261544986,-0.0036936261876664434,0.002880991282477874
2023-04-27,0.019590759114505252,-0.003607197175727439,0.03809570456093625
2023-04-28,0.008360810797694906,0.005128841974542109,-0.003894023191890583
2023-05-01,-0.00038413454334251806,-0.010239884536903388,-0.042106457023158406
2023-05-02,-0.011577703668997352,0.009727654336637581,0.02047408027878439
2023-05-03,-0.006987362768987815,0.004415225135214751,0.01235463923390201
2023-05-04,-0.007108545873448113,-0.0011987645184424744,-0.00651351517974863
2023-05-05,0.018531455497739602,-0.0032008892091744956,0.024158425319359633
2023-05-08,0.0004683914067760142,-0.005519597317259262,-0.061776672326976145
2023-05-09,-0.004508622013763786,-0.0009081864154607544,-0.003060425807021039
2023-05-10,0.0045108897227754685,0.00646428956035594,0.0001293950298815183
2023-05-11,-0.0014847571906873025,0.0030104045179921712,-0.023863622924511274
2023-05-12,-0.0013571934841029032,-0.00560267732755404,-0.00789018631308902
2023-05-15,0.0030947699967203146,-0.0025155821806455148,0.017116921961911613
2023-05-16,-0.006325988337911759,-0.002320130185617386,-0.007561188303291111
2023-05-17,0.012087648337955281,-0.0015161132977389302,0.01388772990399234
2023-05-18,0.009626043332530143,-0.004657937952373126,-0.020357215806349416
2023-05-19,-0.0014209181016525685,-0.002238019429588345,0.0017236572840610975
2023-05-22,0.00027031187884896113,-0.000917631149428999,-0.001144185040312773
2023-05-23,-0.01120350667467096,0.0011223727120268645,0.01370573798051522
2023-05-24,-0.007300249881254772,-0.002548220433183368,-0.0325202893700175
2023-05-25,0.008790684941329507,-0.0036794183009810633,0.005444096059889381
2023-05-26,0.013119387379465941,0.0008211130437816294,0.008893688613915929
2023-05-30,8.315188069962787e-05,0.0066615906778455525,0.03712924875946033
2023-05-31,-0.005901019164590071,0.003563626612133719,-0.01785506456210828
2023-06-01,0.010037711388734882,0.0030311546438082093,-0.014413861356130209
2023-06-02,0.01459284997577237,-0.005273726592463612,0.016024257167045697
2023-06-05,-0.0019859968518208815,-0.00010162300406069136,-0.053911730632038246
2023-06-06,0.002379249671713879,0.001223481816808647,0.055376066807665714
2023-06-07,-0.0037823178103030264,-0.005295393353195732,-0.0321231300484075
2023-06-08,0.006302666845099614,0.005323583823590328,0.006914103338601318
2023-06-09,0.0011762161465653787,-0.0023422881076052837,-0.0019235582489530723
2023-06-12,0.009322892196464982,0.001735624417623871,-0.02130378570568825
2023-06-13,0.006972255793041837,-0.00468752713964915,-0.000999429109254657
2023-06-14,0.001054597689778225,0.0009211918959917131,-0.03026462778321959
2023-06-15,0.01235576454452958,0.006955284234450021,0.01839053210720909
2023-06-16,-0.003653453203810497,-0.003148460798885644,0.030230933607334087
2023-06-20,-0.004730271395776087,0.001833747567956845,0.07495115627674509
2023-06-21,-0.005179273042744459,0.0016276205822276513,0.06338343909547839
2023-06-22,0.003799394076070106,-0.005179028059958735,-0.004883934594152484
2023-06-23,-0.0076497220518663145,0.002960303475930015,0.02289766194315135
2023-06-26,-0.004467335050233334,0.0012210643373040675,-0.012483296041590486
2023-06-27,0.011455160163319267,-0.0019313897941102276,0.013590419033589596
2023-06-28,-0.00035308875290818165,0.0029538472276100514,-0.018359527255629726
2023-06-29,0.004591359546689988,-0.0077173607139490175,0.011850557850035859
2023-06-30,0.012305866855813141,0.0023537045677064494,0.0007783868160640139
2023-07-03,0.0012217668178347019,-0.0011773132522521212,0.021350334499800727
2023-07-05,-0.0018450041434285858,-0.0045092586000194945,-0.02047625337319603
2023-07-06,-0.007846178551543459,-0.0064853448495677535,-0.016987846431793407
2023-07-07,-0.002704039265543079,0.00020719809953639867,0.011679663940423968
2023-07-10,0.002411989949559823,0.0027975336642809268,0.0021356034255970435
2023-07-11,0.006759231529160914,0.0021691950761679735,0.007290476210674468
2023-07-12,0.007433992884978258,0.008143252347410312,-0.007533199878314689
2023-07-13,0.00857671433438556,0.006237465811437026,0.03452709118608621
2023-07-14,-0.0009913419778219135,-0.004776241814540394,-0.03575864193559419
2023-07-17,0.0038559518213765465,0.0011231710468957434,-0.005507160842304848
2023-07-18,0.0071154928983201415,0.0008160392600176092,-0.010217670489290231
2023-07-19,0.002375821245834908,0.003056926482844169,0.002590250410970718
2023-07-20,-0.006660275970215124,-0.005180972348799218,-0.003591174008258924
2023-07-21,0.0003241817766164168,0.0007146185591233589,0.0038277000375854797
2023-07-24,0.004050758665997689,-0.0018373226542385268,-0.024777452617918527
2023-07-25,0.002832310200007182,-0.0011242230763529593,0.001470101454312811
2023-07-26,-0.00014053920506729156,0.0032752321270086426,0.00480256256750522
2023-07-27,-0.006355294253167831,-0.008569406495938847,-0.005446068517686364
2023-07-28,0.009973637561064397,0.003910065648215388,0.0039253403223775685
2023-07-31,0.0014981476852062858,0.001230074104334955,-0.003291440027830439
2023-08-01,-0.002641145131642597,-0.006620986451615352,0.009574574654735102
2023-08-02,-0.013828278514981807,-0.002376643943231338,-0.012082730855044077
2023-08-03,-0.0025008198708311724,-0.006733328316888998,0.0016879745825133519
2023-08-04,-0.005226129862441975,0.008238637383627179,-0.004627638468209683
2023-08-07,0.0090490872826412,0.00020671777575231864,0.0036860106067271303
2023-08-08,-0.004210202172517441,0.002378543248846343,0.021092622173301656
2023-08-09,-0.006952204552501007,0.0007222677894405116,-0.006600751230300683
2023-08-10,0.0003777692406197186,-0.006494742404203779,-0.005164608519215963
2023-08-11,-0.0009269477968074646,-0.0031129735662950297,-0.001032110332141789
2023-08-14,0.005811408314455591,-0.0007287332235246247,0.00031248436668707136
2023-08-15,-0.011397337520809181,-0.002708159381356934,-0.008207512270703599
2023-08-16,-0.0073964421400338765,-0.002402482313337617,-0.014169998492609137
2023-08-17,-0.007519144036822523,-0.0010470613478461566,-0.07281450893551211
2023-08-18,-8.180176484196e-05,0.0022013229949395807,-0.023375233501700343
2023-08-21,0.0068983839299952,-0.0050202735411341015,0.0035156846952639764
2023-08-22,-0.002763049863471423,0.0010512240110420734,-0.005767380017314139
2023-08-23,0.011064934984369668,0.009554737329446894,0.01824544117837168
2023-08-24,-0.013430823268490433,-0.0022878620672862615,-0.012301409107277617
2023-08-25,0.006837566085191371,-0.0006257194562503399,-0.0032883130218362977
2023-08-28,0.006277827748060405,0.002190671068418304,0.0023960524734718547
2023-08-29,0.014538804982049847,0.006452657830150921,0.06010531103930972
2023-08-30,0.004000346488291839,-0.0004134391120342862,-0.013487328527597486
2023-08-31,-0.0013658673378121877,0.0014487484531917616,-0.04923738215583273
2023-09-01,0.0018496965415473188,-0.005179763259344772,-0.005859327504442291
2023-09-05,-0.00415104632488994,-0.005414179938897368,-0.0007916318709779713
2023-09-06,-0.006945131905488733,-0.0009421430357171579,-0.0010694114112501651
2023-09-07,-0.0030748584387555455,0.003143648236655139,0.017698233660155882
2023-09-08,0.001498283704510106,0.000522314391657952,-0.011671090997568911
2023-09-11,0.006724869358119223,-0.0011484917878580303,-0.029711167768831537
2023-09-12,-0.005657064513441279,0.00031340573517235626,0.028830765601541186
2023-09-13,0.0012501254391386052,0.0014626699399666876,0.014198344141335362
2023-09-14,0.008711243573564786,-0.0013562802007004437,0.012551640038851453
2023-09-15,-0.012118758279829,-0.0022984848188611906,0.004389173391378343
2023-09-18,0.000736937230233714,0.0014659764555622345,0.0034498237586302327
2023-09-19,-0.002152115371938712,-0.0029277507904846845,0.016828872516928772
2023-09-20,-0.009327392770765996,-0.0005243060034928471,-0.003000059150957246
2023-09-21,-0.016367901879440705,-0.006820364228941056,-0.020705416738089344
2023-09-22,-0.0022807685628259966,0.004225558274668417,0.00035949364692444696
2023-09-25,0.00403730006829317,-0.007890407940348898,-0.010997949197580459
2023-09-26,-0.01467031604785718,-0.0012722910359600492,-0.0035859977799755915
2023-09-27,0.00024960653848293823,-0.0035041005888138965,0.005403596346653883
2023-09-28,0.006025407525364512,0.0029837365231319968,0.026478609400863773
2023-09-29,-0.0026758816848458933,-0.0009563288644162116,-0.004519366878863895
2023-10-02,8.322189555398651e-05,-0.006963046371809445,0.024325803728680873
2023-10-03,-0.01366531319136799,-0.007838683320337547,-0.004597967246736223
2023-10-04,0.00811302127280511,0.007034842542207986,0.013051025212368117
2023-10-05,-0.001123428084831235,0.0006449073752932133,-0.013343264825501855
2023-10-06,0.011977465765113049,-0.003866306854560353,0.018800109227767425
2023-10-09,0.006303493965473139,0.010350045478731085,-0.012548030699970347
2023-10-10,0.005227977095586311,-0.0009599999999999609,-0.006217513882598502
2023-10-11,0.004341519729247123,0.0045928419001339815,-0.021576549432603898
2023-10-12,-0.006138825504032441,-0.00861213142015338,-0.0032365965932402707
2023-10-13,-0.0050153978958636936,0.004290038438384602,0.003780893888634562
2023-10-16,0.010625270073719495,-0.005553491528795362,0.06200429186277523
2023-10-17,-0.00010058149973013464,-0.0071951017268317985,-0.0025814380515086777
2023-10-18,-0.013399279486668192,-0.004651245480424948,-0.0036974422021001097
2023-10-19,-0.008398509738121618,-0.0038032622302003327,0.012788833034874658
2023-10-20,-0.012553510459636708,0.003599639279668665,0.03536474953250601
2023-10-23,-0.0016838392992966078,0.00391332747750095,0.10938176338783534
2023-10-24,0.007286373437557447,0.0035727470223168023,0.028123531324302453
2023-10-25,-0.014334273340987358,-0.007444223735292854,0.017936396353818385
2023-10-26,-0.011816909400416131,0.006739293875940744,-0.008906309451168215
2023-10-27,-0.004781187448163471,-0.0003241355369004717,-0.008324789384449915
2023-10-30,0.012099960842724355,-0.002375638184063833,0.01764662292147401
2023-10-31,0.006543600530897864,-0.0006501181704460235,0.004096855274581479
2023-11-01,0.010510094055114827,0.011050666997053149,0.02296867952437842
2023-11-02,0.018924330966973546,0.006018072562112842,-0.015496230384843379
2023-11-03,0.00944149322110377,0.006089200815528217,-0.005008051777323108
2023-11-06,0.001783511419797712,-0.004990351968070739,0.008917001540377667
2023-11-07,0.002858297964222878,0.005335786317177238,0.011444542854168072
2023-11-08,0.001054743011642989,0.00339641276267022,0.010712423350528466
2023-11-09,-0.007890317445639283,-0.008357062025286965,0.02451071030727836
2023-11-10,0.015769760026431268,0.002347009197566585,0.018872850121240292
2023-11-13,-0.0007739271451592256,-0.00010645721119528773,-0.022057306732997217
2023-11-14,0.019285783394117573,0.01255983632187152,-0.026067305207390423
2023-11-15,0.0017812795811564808,-0.00620202178248308,0.06321513664707035
2023-11-16,0.0014297166874455147,0.005500007899197135,-0.04440075219938311
2023-11-17,0.001303490598480117,0.001999012569492864,0.011319220810356523
2023-11-20,0.007492846390743102,0.0015751419500471542,0.02587765295976152
2023-11-21,-0.0019971353958642135,0.001047876589427954,-0.039476897754146645
2023-11-22,0.0041134655043422175,0.0009424860110625044,0.03796310183350515
2023-11-24,0.000619266014113995,-0.004603261648867152,0.008441813575306156
2023-11-27,-0.0019369068544783374,0.005675449128115018,-0.012978651199139102
2023-11-28,0.000984033090197567,0.004389386270808204,0.016095420895139156
2023-11-29,-0.0007728054981858135,0.004889960786006231,0.0004860765900240871
2023-11-30,0.004085776289554532,-0.0033132448405134296,-0.003544327538685499
2023-12-01,0.005959105253439123,0.008792932174939372,0.026273427824207163
2023-12-04,-0.005405546696822694,-0.0038211334095521465,0.08285404037766742
2023-12-05,-0.0005261135081249257,0.0066349046698959135,0.0514600473252953
2023-12-06,-0.00387887978181245,0.0025747837197451773,-0.007288243940126948
2023-12-07,0.008128452351960913,0.0003080721458808,-0.010588806248077898
2023-12-08,0.004118721474671849,-0.005031810188821373,0.021311880393607652
2023-12-11,0.003929091847362454,0.00010329537725950466,-0.06775599776042829
2023-12-12,0.004639742282109838,0.002992709557515516,0.006245557788424394
2023-12-13,0.013669682136831174,0.012552541234832182,0.035492740703278125
2023-12-14,0.0028779903354219094,0.008071394739397775,0.0021909281679468595
2023-12-15,-2.0556814301908588e-05,-0.002325088219181315,-0.024516923612704633
2023-12-18,0.004539994056568242,-0.0020266286397563338,0.01566617398664749
2023-12-19,0.0059465532644602526,0.001218412057807594,-0.008534394466004347
2023-12-20,-0.01456764076017536,0.0036507019524827378,0.03154089821902328
2023-12-21,0.01030332220088681,-0.00010083469001431755,0.006079159121471722
2023-12-22,0.00166129580883001,-0.0013140702502778545,0.003174439590588607
2023-12-26,0.004237153451144726,0.002023758403311371,-0.03450115748005389
2023-12-27,0.001511142621856143,0.006361762516707836,0.022259626346983863
2023-12-28,0.0004820737435091704,-0.002207517360836131,-0.017641191258584876
2023-12-29,-0.0027769532306385347,-0.0019107295872167196,-0.015750308600651963
2024-01-02,-0.005629415665991955,-0.004735437039096735,0.07006321436951413
2024-01-03,-0.007974961970444894,0.0005060023128342639,-0.048229928363958674
2024-01-04,-0.003297068708837614,-0.0040470874803035795,0.034532794640157016
2024-01-05,0.0018268110073369481,-0.0023368353533316233,-0.0023598035297283104
2024-01-08,0.014132808852080236,0.0037680020981833984,0.06421830757101854
2024-01-09,-0.0013366002417997125,-0.00020300429132824593,-0.019099472349108138
2024-01-10,0.005681897888871301,-0.0019278129294696411,0.015930765319337237
2024-01-11,-0.0006349706030382984,0.005693322239450405,-0.009340146535135041
2024-01-12,0.0008362567424202716,0.0018194589543820694,-0.07682995619844801
2024-01-16,-0.003716899718904987,-0.007466964937659082,0.008268050746095712
2024-01-17,-0.005596244490252422,-0.0027450285451219303,-0.011168096689942009
2024-01-18,0.0088867041760472,-0.0009175569936902273,-0.03343686977381766
2024-01-19,0.01237177083685892,0.00020401184619545099,0.008359911966495215
2024-01-22,0.002193308602115085,0.0018362515534766644,-0.04878411848891839
2024-01-23,0.002943967695711036,-0.002444193549641538,0.004048161740667355
2024-01-24,0.0008216170903025954,-0.002245653902138711,0.00917380910338661
2024-01-25,0.00531705667456972,0.004501676896132567,-0.0045931975760610255
2024-01-26,-0.0006505732733818048,-0.0011202676126665922,0.0486769475960489
2024-01-29,0.007573861644798452,0.003976776552542027,0.032431732612317576
2024-01-30,-0.0005197176277098592,0.0019297475366200079,-0.006207848576504804
2024-01-31,-0.016075247177238072,0.004561484339193456,-0.008395410182012397
2024-02-01,0.012546900226002577,0.005698078887162783,0.010117262336551303
2024-02-02,0.010731576499069861,-0.009157723270432738,0.003138642942565051
2024-02-05,-0.0031765938670357263,-0.00822697680493878,-0.012422804865674375
2024-02-06,0.0023391498351219564,0.005223189951359508,0.01134303663581604
2024-02-07,0.008254632687170416,-0.002037494273372298,0.026688004293557555
2024-02-08,0.0006974151711973686,-0.003062826684742559,0.02438386847509988
2024-02-09,0.005837908094950661,-0.00030686842933791425,0.04069688553013706
2024-02-12,-0.0009360029385743207,0.0002044395358156148,0.05962310446531993
2024-02-13,-0.013556996918387298,-0.009216007696931205,-0.0072356668123048085
2024-02-14,0.009768344174369448,0.00444430491009995,0.04465613286872938
2024-02-15,0.006048090259939798,0.0023665993103236804,0.0018296010466700707
2024-02-16,-0.004645119111734597,-0.00318235406472811,0.004200398296103192
2024-02-20,-0.0059698239097085715,0.000926785755208881,0.0028901177341125184
2024-02-21,0.0013089527428165049,-0.002983931464641487,-0.010777142888349744
2024-02-22,0.021176067530969345,0.000825752583500261,-0.008735191316881052
2024-02-23,0.00036964527501681665,0.003711991931628189,-0.009810085212664355
2024-02-26,-0.0037493899745871806,-0.002157487270077585,0.0740843910186717
2024-02-27,0.0017217789816372786,-0.0013383548061868256,0.04579245991882708
2024-02-28,-0.0015645290235022369,0.0019588461744450836,0.09484422438438633
2024-02-29,0.005445288686487082,0.001646316020767813,-0.017066060339445688
2024-03-01,0.008066226908945762,0.004800982463581294,0.018399282991974575
2024-03-04,-0.0011577224289541777,-0.0024607713738480363,0.08904422666201461
2024-03-05,-0.01016925495136134,0.005447706320192536,-0.06081954263460754
2024-03-06,0.005214457981584042,0.001533282290042015,0.033669735043963644
2024-03-07,0.010443283306167173,0.002143171133795141,0.014623346248828994
2024-03-08,-0.006458012107802502,0.0009169917926141746,0.018985069459943382
2024-03-11,-0.0011198887466584706,-0.001119521568281323,0.056396884211265874
2024-03-12,0.011233937975650532,-0.002546648521337569,-0.010600824183297886
2024-03-13,-0.0018828341537495685,-0.0018383510742195908,0.023082523132539112
2024-03-14,-0.0026254264239414793,-0.006344134258955192,-0.02156908876328012
2024-03-15,-0.006449780986243603,-0.00010311676727281505,-0.029093780748264852
2024-03-18,0.0063288564772470135,-0.0010297970423199798,-0.023824698531303645
2024-03-19,0.005649043760511674,0.002474391168969081,-0.08560577089389443
2024-03-20,0.00903698968297495,0.0020568018431748047,0.09486631904820397
2024-03-21,0.0032596563922275834,0.0007183337704055326,-0.03527544097668123
2024-03-22,-0.0013522623188233496,0.00317926731505902,-0.030070409754231475
2024-03-25,-0.00305561924291331,-0.0018403872022889622,0.10325875537212648
2024-03-26,-0.0027986590003002965,0.0010243608846898233,0.00041441966679567344
2024-03-27,0.00875113605405864,0.0032738063898694048,-0.011462069782491646
2024-03-28,0.0011468772682914352,-0.0012236068105595521,0.022506949977237234
2024-04-01,-0.0020099960118243887,-0.007270873635796038,-0.014616892544829896
2024-04-02,-0.0072118569537531485,-0.0007220700869581265,-0.06100836208922478
2024-04-03,0.001138512880673348,0.0006194388668800954,0.009101590556648054
2024-04-04,-0.012210199714613346,0.002372698598204881,0.034899610442231666
2024-04-05,0.01110257603227649,-0.004940200939249406,-0.007791351236176025
2024-04-08,-0.0003571557761206101,-0.0009309843169031939,0.05607676730256839
2024-04-09,0.0015891640104312987,0.0034164418167323962,-0.03678918575400614
2024-04-10,-0.009438716889797694,-0.011968600042107758,0.02178666368778459
2024-04-11,0.007469633477774185,0.00020887304647043692,-0.0075502444925872325
2024-04-12,-0.014434855441920469,0.0018793770314327052,-0.04209257646545439
2024-04-15,-0.012008705390898822,-0.006044430186301075,-0.055214495935347
2024-04-16,-0.002055326007820102,-0.0028306680425964625,0.0061756528264029775
2024-04-17,-0.005781667710243021,0.004626346447402341,-0.03857660635294302
2024-04-18,-0.0021447816127233565,-0.00282580717855907,0.035645404539071945
2024-04-19,-0.008710494107322275,0.0010493616655391502,0.003975522768196349
2024-04-22,0.00873142967498075,0.0006291157299567196,0.049903289899899894
2024-04-23,0.011985701124168191,0.0020957339739804404,-0.008354607121365931
2024-04-24,0.00021770158320766342,-0.0026137490941582353,-0.03306955569671233
2024-04-25,-0.00455727869557665,-0.002830634551694189,0.005069632789307166
2024-04-26,0.010225698532345229,0.002207834629578409,-0.011437829038114189
2024-04-29,0.003229831100438174,0.003041790272023892,0.0020527213341703376
2024-04-30,-0.015694384187353472,-0.004078372233009109,-0.051199267746201094
2024-05-01,-0.0034286860760622817,0.003528383980175853,-0.04113951225674961
2024-05-02,0.009144108083277036,0.004513615526351655,0.01768662159611778
2024-05-03,0.01260674977416687,0.005120243985697881,0.06445055883877693
2024-05-06,0.010353554236943507,0.000727799500085613,0.0038811284276891733
2024-05-07,0.0013959150224271966,0.002077541514897918,-0.013144525497309267
2024-05-08,-4.413759679411378e-06,-0.0020732342846015994,-0.021118407911037362
2024-05-09,0.0052853707280242634,0.001869961580726054,0.03142172084173045
2024-05-10,0.0018063335311961914,-0.0020738377353261006,-0.03336347329513445
2024-05-13,-0.00022703880980101676,0.0005193626154755826,0.032683207141920745
2024-05-14,0.004987048886745837,0.00270031125552328,-0.021170889474649845
2024-05-15,0.011903879139474327,0.006628598723348755,0.07677559446739779
2024-05-16,-0.0018763728900630383,-0.0011321023309385225,-0.015272307310136068
2024-05-17,0.0012070314706316143,-0.003193034058655675,0.02584954409832574
2024-05-20,0.0010011510234246845,-0.000929923440751379,0.06341080234422303
2024-05-21,0.0025272854904021536,0.0018617514670205004,-0.013833109974940694
2024-05-22,-0.0026935209102901814,-0.0012388034803192394,-0.01626865877084005
2024-05-23,-0.007343419097824877,-0.002791155084193586,-0.019054435214457044
2024-05-24,0.007024604547276381,0.0011402910936564314,0.012548458519167971
2024-05-28,0.00025023677386637466,-0.004659632389992896,-0.0038796344134879313
2024-05-29,-0.007355627739819237,-0.0038485203681726254,-0.011099296219673871
2024-05-30,-0.005873018589533818,0.004699182200794461,0.011707056463508891
2024-05-31,0.008121362653362718,0.003222081042528524,-0.014591685086237538
2024-06-03,0.0012344343814019165,0.006048777504423786,0.021602679675580827
2024-06-04,0.0015570504559867526,0.0036155456546616005,0.024999332111322214
2024-06-05,0.011862799809513325,0.0030881697767193295,0.007559503454762639
2024-06-06,-0.00018688028400448697,0.00030793485505187235,-0.004205270670057049
2024-06-07,-0.0009329849497242693,-0.00882257608108461,-0.020488412994340344
2024-06-10,0.0026651071382290947,-0.0008277524065205544,0.0018428370274043981
2024-06-11,0.0027187995348898486,0.0034182597880902943,-0.03019714200491319
2024-06-12,0.008526215400679327,0.004748499925316674,0.012551476516845517
2024-06-13,0.0023575051877844366,0.0050345445399857525,-0.020968538328065334
2024-06-14,-0.00014779132788200755,0.0010221681980246977,-0.011998530682345798
2024-06-17,0.007788566453074353,-0.003574362349958893,0.007603446216201348
2024-06-18,0.0025520067547148972,0.0035871842462711356,-0.020632904613499203
2024-06-20,-0.0025188145725337785,-0.0017359627614816908,-0.0032931171318614227
2024-06-21,-0.0015102106593274378,0.00010210188793569053,-0.012506640713110584
2024-06-24,-0.0029999071289475987,0.0008184417884133932,-0.059718043938014054
2024-06-25,0.003932463671101338,-0.0001021788442462368,0.024572453995207022
2024-06-26,0.0015748987138095583,-0.004497781099783937,-0.015309279315428137
2024-06-27,0.0009184660072321105,0.0016428449429368719,0.012755227437718508
2024-06-28,-0.0039608188861934845,-0.004920365602478327,-0.02057187374298408
2024-07-01,0.0027067342840378927,-0.005363369488400327,0.04198915166461181
2024-07-02,0.006199694501642927,0.0033248590004038014,-0.01283962112446202
2024-07-03,0.005113430461198831,0.005384689526738651,-0.029215949656466345
2024-07-05,0.005607529091458119,0.0050468734497532974,-0.05804738276697263
2024-07-08,0.0010483384980859434,0.00030725416144505857,-0.0005125654616223718
2024-07-09,0.0007651645425128528,-0.0009221623126894896,0.02274605104917682
2024-07-10,0.010328326049330094,0.0010256369942298615,-0.004474203803324861
2024-07-11,-0.008725663330068856,0.005121991734680753,-0.0071774805581371615
2024-07-12,0.005517595843519185,0.0027516824235256365,0.009621873168422113
2024-07-15,0.0029272504134383315,-0.003455635666475998,0.11883417608622104
2024-07-16,0.006390155247054663,0.004079521172555056,0.0059329096402453985
2024-07-17,-0.013916333611319387,0.0007109859775791261,-0.014088949769659798
2024-07-18,-0.007811384921718734,-0.0027406798235876106,-0.003381058311960561
2024-07-19,-0.007079265819711078,-0.002035439150725127,0.043315017671631484
2024-07-22,0.01083448801855047,-0.00040819007940884333,0.011675606989557608
2024-07-23,-0.0015582532892705059,-0.00010177036219194413,-0.0239695679886891
2024-07-24,-0.023135664259502642,-0.003061329388855616,-0.008541460295120928
2024-07-25,-0.005133270501642806,0.0027639383742215085,0.005641259573883284
2024-07-26,0.01115893069220264,0.0035722609037354136,0.033324915222710194
2024-07-29,0.0008267922665166072,0.0016271746902847273,-0.01538862480785852
2024-07-30,-0.0049560002224581234,0.0010154695588440177,-0.010173192892474425
2024-07-31,0.015870972383410065,0.005376334542359862,-0.022606895255198323
2024-08-01,-0.013653217559843611,0.004190088568968298,0.007534652548359055
2024-08-02,-0.01836884257339766,0.011187397319639691,-0.05632701948298735
2024-08-05,-0.029926673160803552,-0.0007973678745699653,-0.1164610371097684
2024-08-06,0.010367558893095374,-0.00598503133098649,0.03135314446447901
2024-08-07,-0.007701111424564755,-0.003010575487347955,-0.016374159759733886
2024-08-08,0.023049966691396362,-0.0015097077847908702,0.12296536328877439
2024-08-09,0.0047929685857268645,0.003528117285907184,-0.01918708020624882
2024-08-12,0.00017996923949015198,0.0017075368701371385,-0.021850415837993742
2024-08-13,0.01685723793075633,0.004011311413339325,0.01922887324278877
2024-08-14,0.003854055993317562,0.0017977994609339465,-0.028009650795688068
2024-08-15,0.016426818521845465,-0.00418739263268364,-0.02033388583117124
2024-08-16,0.002131119507245094,0.002402881261734713,0.022258771826431545
2024-08-19,0.009829792508809776,0.0010986598357975996,0.008217629201145105
2024-08-20,-0.0019540431995390684,0.0029930717252275585,-0.004851226757026317
2024-08-21,0.004283671931921917,0.0018899608298572623,0.03399210419682208
2024-08-22,-0.008914342407703502,-0.004070790766880772,-0.012081062020044442
2024-08-23,0.011496446988226605,0.004585739337837236,0.06146802692743214
2024-08-26,-0.0031314242288545957,-0.0008926483221995962,-0.01752325948619715
2024-08-27,0.001675312594247691,0.0002976227557722755,-0.05454505184415703
2024-08-28,-0.005971799531017008,-0.000893592464424553,-0.007510458949135823
2024-08-29,1.2227780045837022e-05,-0.0012920091845018966,0.004044215002421803
2024-08-30,0.010233727561199002,-0.002388129982125453,-0.003317352949578911
2024-09-03,-0.02105073961117332,0.004222461356461205,-0.025449605996826663
2024-09-04,-0.001562313125272774,0.004384266415789817,0.006863962444027871
2024-09-05,-0.0029812386895402554,0.002579263425331435,-0.03309208256728691
2024-09-06,-0.01713667639382377,0.0012864778630585771,-0.04052539313371073
2024-09-09,0.011685972868019867,0.0014823896156614946,0.06123499367751983
2024-09-10,0.004500187854799442,0.0030588634472559217,0.009253717565053332
2024-09-11,0.010676088902875414,-0.00029508741373973635,-0.0044274164504055635
2024-09-12,0.0075107946714925156,-0.000885768032762857,0.012462232563680953
2024-09-13,0.005574161279768841,0.0020684612635175625,0.04150115284674216
2024-09-16,0.0014589788116685654,0.0023589365315022093,-0.03814892968473582
2024-09-17,0.0002873126157028061,-0.000980577102310587,0.03453273358395581
2024-09-18,-0.002879590610357252,-0.00314084536122361,0.017729873931559448
2024-09-19,0.017033579085904638,9.834090093474579e-05,0.027540036605197438
2024-09-20,-0.0019321710980519935,-0.0008860410338020763,0.0025294572828586936
2024-09-23,0.002819358677708772,-0.00039400016419388617,0.0028828094275623606
2024-09-24,0.002516424676934026,0.0013799523127406843,0.01589579821559628
2024-09-25,-0.0018554632444162111,-0.0038392688920653173,-0.019942595158606302
2024-09-26,0.004098922099182278,0.0001974828102793147,0.031686822886488386
2024-09-27,-0.001221214954265859,0.002865431032211374,0.010912254323094839
2024-09-30,0.004324596884762499,-0.002266115229519805,-0.03812920629193883
2024-10-01,-0.009295648930217726,0.002644735719829594,-0.03796699690388017
2024-10-02,0.00019850436072399447,-0.0020746634146723286,-0.00282869452774992
2024-10-03,-0.0016776894582195556,-0.00405848726644209,0.001304045525907016
2024-10-04,0.009181921912361668,-0.0064606928290478205,0.02118437068095025
2024-10-07,-0.009573437682810937,-0.0034011835504232923,0.005865979957202061
2024-10-08,0.009693235040034054,0.0017063955396516839,-0.0046491138064482795
2024-10-09,0.007142954676359059,-0.0026055790268925128,-0.024322525555112495
2024-10-10,-0.0019184353751348082,-0.0006026604493234444,-0.006502338132217456
2024-10-11,0.006060274882707661,0.0003013874280188844,0.03721987861745313
2024-10-14,0.0077073098730588985,-0.0009043047578395358,0.058070305508937325
2024-10-15,-0.00752518386633827,0.00402355446673508,0.012773780820462433
2024-10-16,0.004692464610912994,0.0013026940487197436,0.010891009714353972
2024-10-17,-0.00016101916196742394,-0.0049030355712756934,-0.004803896952294107
2024-10-18,0.004028494520076142,0.0007038492450888167,0.015632057078182493
2024-10-21,-0.0017842384211026463,-0.006933323466353114,-0.013891908011737009
2024-10-22,-0.0004703997491201095,0.00020258813231199824,-0.00021807656918171325
2024-10-23,-0.009174672777677695,-0.0025294582829819,-0.01154556820635888
2024-10-24,0.00214509828539855,0.0019273603612053325,0.022262094182180503
2024-10-25,-0.00029163952617594635,-0.002024946058408972,-0.02743915827536647
2024-10-28,0.0026640699414155478,-0.0016223896301055252,0.05434499389308245
2024-10-29,0.0016139693744066097,0.0011174622986489524,0.04031154402967907
2024-10-30,-0.00329392384635252,-0.0010147484993058287,-0.0031440018303992012
2024-10-31,-0.01853850990437922,-0.00020339069482122607,-0.028753543786400493
2024-11-01,0.004134883171963422,-0.00397527239134865,-0.012555571478259031
2024-11-04,-0.0027635564266971224,0.004195971819887179,-0.024530773695161434
2024-11-05,0.012276648764326437,0.0023435626631265194,0.025950879723064757
2024-11-06,0.02530022522675357,-0.007828503746397208,0.08855604569537778
2024-11-07,0.007454895187887445,0.007583119132602123,0.003649582564111853
2024-11-08,0.003970441686815818,0.0017286097723703264,0.007044039444562555
2024-11-11,0.0009693149651270883,-0.002233404983779441,0.16145553755780573
2024-11-12,-0.0028335183890841886,-0.00580005386440241,-0.009129524813717538
2024-11-13,0.0002761561477893082,-0.00020443339981845998,0.026356230052613894
2024-11-14,-0.005931733564345731,-0.00040945590387386765,-0.03502430710029947
2024-11-15,-0.013070415148762393,0.0001025744760652092,0.04512196532725432
2024-11-18,0.004071686335691771,0.0009213900795457253,-0.006049960811188804
2024-11-19,0.003976244297280385,0.0014323002180740563,0.018395898008167544
2024-11-20,5.3165068652161196e-05,-0.001021464200702371,0.020659258599351915
2024-11-21,0.00549242769370295,-0.0005112964103540785,0.04657525806164342
2024-11-22,0.003510735606163662,0.0007160969482766788,0.003985777032621485
2024-11-25,0.0030261372436448664,0.008996977530528305,-0.056553606323703765
2024-11-26,0.005791017293962364,-0.0015199011984994293,-0.015721143075031363
2024-11-27,-0.003741223474392652,0.002740153713210125,0.04477262312267061
2024-11-29,0.005706306853493492,0.0039467766963006135,0.014687728116849375
2024-12-02,0.002566709151061941,0.00012146478566599228,-0.017171644621077342
2024-12-03,0.0004713039935797525,-0.0019212997144596455,0.002971338867637785
2024-12-04,0.006071289717914707,0.0032419097711113842,0.030302560301318726
2024-12-05,-0.001808500574580707,0.00020206817062606852,-0.019920980360498275
2024-12-06,0.002608859450390799,0.0028268918858809222,0.030979387753128584
2024-12-09,-0.006004413739379433,-0.002919610719672061,-0.025641092205082927
2024-12-10,-0.0029431559342379954,-0.0012116237680389608,-0.00569561544669106
2024-12-11,0.008180231675986693,-0.002325248088668519,0.04620929391256645
2024-12-12,-0.005414458016440027,-0.004053125085472398,-0.012035425824423518
2024-12-13,9.938320619484742e-05,-0.0037644441910589244,0.011978447705139006
2024-12-16,0.003933300856177269,0.0009194051290455363,0.04507706770335229
2024-12-17,-0.0038435976660291526,0.0,0.0024584261525884
2024-12-18,-0.02947379972258446,-0.007615857672580217,-0.05320728903937755
2024-12-19,-0.0008629470745245005,-0.0025788522976939454,-0.027597603330190013
2024-12-20,0.01091800633672757,0.002689035490769376,-0.0008148002212607919
2024-12-23,0.007348044378031382,-0.003093763468793753,-0.02885433110615654
2024-12-24,0.011041659482208033,0.0011377029179917564,0.04047411647219179
2024-12-26,-0.00032517531767584096,0.0007234081787548252,-0.030509926281433897
2024-12-27,-0.01096987266284355,-0.002065374329145997,-0.014727030582722733
2024-12-30,-0.01069477755773196,0.003932053705769212,-0.018009121021101637
2024-12-31,-0.004195472173825432,-0.0012364873778232255,0.00936597374930237
2025-01-02,-0.002187161352273481,0.00010271103108028257,0.03706682720683019
2025-01-03,0.012675033158273008,-0.0010318993437380408,0.013105552173485746
2025-01-06,0.005615117659012903,-0.0010328807845062515,0.04136615744407446
2025-01-07,-0.01109361703362921,-0.0035153580327592637,-0.050935476354242226
2025-01-08,0.0015830973703105933,0.0011414661972490858,-0.019960968794210388
2025-01-10,-0.015216487727185646,-0.0055969874086008176,-0.0029478472742864303
2025-01-13,0.0015760965657134474,-0.00093833739025595,-0.004045940138238779
2025-01-14,0.0011492412942724073,0.0003131297790686105,0.023244809005100953
2025-01-15,0.018412109649234676,0.008656394334722206,0.03730920387848102
2025-01-16,-0.0020942737015312574,0.0021714868279143484,-0.0019434110590282883
2025-01-17,0.01001132304726493,0.0,0.04319820242288541
2025-01-21,0.008793826038681285,0.0033017706114064627,0.01621626079167182
2025-01-22,0.006154640119319543,-0.0023651959021885327,-0.02072651763122957
2025-01-23,0.005329349955899287,-0.0016492691421102768,0.003791151387871672
2025-01-24,-0.002760334907944584,0.0016519937243828497,0.0051015990156249025
2025-01-27,-0.014572253040649241,0.005566747011352957,-0.026821834636228115
2025-01-28,0.009218504705332364,-0.0003080080930509821,-0.007549028638475397
2025-01-29,-0.004673671227174436,-0.0006151157977503097,0.027493597182653984
2025-01-30,0.005291006069891857,0.0014364053314652736,0.010283519428385901
2025-01-31,-0.00498354146351887,-0.002049207972236844,-0.02594979526653096
2025-02-03,-0.007547815129964608,0.0009477820615115817,-0.006655727663671396
2025-02-04,0.007230940411508069,0.001852414341879438,-0.03676088203384231
2025-02-05,0.003918116106587988,0.005341664041760064,-0.013171603204494398
2025-02-06,0.003643843499286481,-0.0010218971658302323,-0.00018674606159330143
2025-02-07,-0.009397807545964199,-0.0031706215580422636,-0.0016282119303986375
2025-02-10,0.0068581086163923555,0.0003077752217193197,0.010282964275381223
2025-02-11,0.00036375297554469554,-0.002256602548163289,-0.01611259239014018
2025-02-12,-0.0026168096742146263,-0.005243069324022187,0.02035607752805757
2025-02-13,0.01043670414459652,0.005994153770986221,-0.012497962293392395
2025-02-14,0.00016144135304996254,0.0036981906633162254,0.009111935694327444
2025-02-18,0.0025976093973629766,-0.003991583668579435,-0.020226249149971398
2025-02-19,0.0023943063547042787,0.0014388054120593186,0.012613480249799913
2025-02-20,-0.00420050197559918,0.001539033786224664,0.0180480505726901
2025-02-21,-0.01702822031114748,0.004303424274339385,-0.02381515537057477
2025-02-24,-0.004933304100470215,0.0017344003342236736,-0.04351257852452095
2025-02-25,-0.004662920627047207,0.006212260837089145,-0.03374257515940793
2025-02-26,0.0001573194788804244,0.0016194800932649578,-0.053867908370506035
2025-02-27,-0.015855830953039107,-0.0015157151042056727,0.007590659223793539
2025-02-28,0.015980168483957335,0.004452912879807203,-0.004509770573770111
2025-03-03,-0.01750386968887485,0.002162793512884287,0.024597100118923132
2025-03-04,-0.01220688878003584,-0.0025209959388552416,0.011675250364731049
2025-03-05,0.011180887681403018,-0.003437656764065933,0.03774140124235603
2025-03-06,-0.017790636206564625,-0.001014417757595143,-0.004384709346202387
2025-03-07,0.005670420983643787,-0.0012187024614851438,-0.04066052974821455
2025-03-10,-0.02679472552125406,0.004778882789593819,-0.08720183499359746
2025-03-11,-0.007557109236195458,-0.0035417675879790833,0.04735339025587715
2025-03-12,0.0049081717575825135,-0.0029451701075260406,0.010671035917402705
2025-03-13,-0.013808570769262007,0.003055590340666381,-0.030131104831296218
2025-03-14,0.0214714974114123,-0.0020308547669017907,0.03693174488401674
2025-03-17,0.006487692986506088,0.0013229237971914554,-0.0010925048801709858
2025-03-18,-0.01061721200722554,0.0010163146241877197,-0.0158680910261787
2025-03-19,0.01080556119938847,0.0029436436393746046,0.04950881215946734
2025-03-20,-0.0020623434329730683,0.0006072337054432442,-0.03053053457783772
2025-03-21,0.0008516554105884033,-0.001213894788168024,-0.0006604829336770424
2025-03-24,0.01765303685629349,-0.003848562315411752,0.03869616483836125
2025-03-25,0.001614057555545445,0.0009150492136367205,0.0011482798716879739
2025-03-26,-0.011156757447229215,-0.0024376528175884538,-0.0067049582851412826
2025-03-27,-0.0033030601981711705,-0.0005091094432231325,0.004314397305796636
2025-03-28,-0.019705752233067808,0.0058067873947083015,-0.033278312129852106
2025-03-31,0.005642372249895722,0.0019244759646681597,-0.021914943955135935
2025-04-01,0.003806553839796667,0.00370207200532513,0.03353402320923804
2025-04-02,0.006757321546719153,-0.001111697756364216,-0.03134090684096902
2025-04-03,-0.04835036447045182,0.005260447110965627,0.004555305280219857
2025-04-04,-0.05961646808421839,0.0009057070301841108,0.010158749483303753
2025-04-07,-0.002318821284338579,-0.012668424541408041,-0.05195366090883213
2025-04-08,-0.015696806567928934,-0.00519332401439343,-0.038659092461742595
2025-04-09,0.09516829523457071,0.0022519687937914146,0.08341918413277072
2025-04-10,-0.03443545202755027,-0.007864263610830924,-0.03822080026716035
2025-04-11,0.018117381633788066,-0.0010296376215862546,0.04777518320980212
2025-04-14,0.007946836002619362,0.005873956938003966,0.014744894186059065
2025-04-15,-0.0016335817248711582,0.002049027977106377,-0.010848787555023831
2025-04-16,-0.022382949120994478,0.0031693582004099774,0.005739023208297667
2025-04-17,0.0013426192018650696,-0.0025478483038887667,0.00937651452837307
2025-04-21,-0.0234848409865005,-0.006028383760893874,0.028492105065037965
2025-04-22,0.02514294137110329,0.0018501643309265514,0.07022481961256588
2025-04-23,0.016681489182747367,0.0024626347757139566,0.002140526027485379
2025-04-24,0.020259473832731967,0.0055268812569013726,0.0016451260333205653
2025-04-25,0.007376820284385799,0.0036648298272232704,0.009819202796590432
2025-04-28,0.0006593014996503221,0.002738339488217445,0.0031086208100647994
2025-04-29,0.005805595257823537,0.0024273504917655675,-0.01013170502198979
2025-04-30,0.0015599001995307837,-0.0009081646395519005,0.00142282859299514
2025-05-01,0.006311339976070363,-0.0027253345526272454,0.02308027550656977
2025-05-02,0.01475894407140732,-0.00487667006552317,0.004463769994125899
2025-05-05,-0.006330494912818452,-0.0017355321631026266,-0.020532105387130017
2025-05-06,-0.00768089569265884,0.002454379073138613,0.0192316595898403
2025-05-07,0.004353985533695148,0.0015302002677088922,0.004752390042400245
2025-05-08,0.005801018489822285,-0.005194682588430255,0.06106983582587011
2025-05-09,-0.0005357915982622252,0.001023728360160625,-0.0012490241750147124
2025-05-12,0.032677099089761574,-0.0033756579527064456,-0.00020136097426970423
2025-05-13,0.007274892981179226,-0.001026311048976769,0.011908630457952318
2025-05-14,0.0010700002369588013,-0.0028767227821978603,-0.005501831743081831
2025-05-15,0.004381380103923416,0.005667144536766866,0.0013861208421792615
2025-05-16,0.007137221835876728,0.0006149124965622033,-0.0014463954026648906
2025-05-19,0.0010215890925306947,-0.00030734997117876084,0.01978983876843965
2025-05-20,-0.0038596279532083777,-0.001741385952698682,0.012095736972719484
2025-05-21,-0.01610400082722918,-0.006566667069797361,0.0263021590355057
2025-05-22,-0.00042409463254144963,0.002891959147856449,0.01615388086802838
2025-05-23,-0.006648331682871711,0.001441685205291643,-0.03754249991271208
2025-05-27,0.02054311595833025,0.004524974032644957,0.016538590977355216
2025-05-28,-0.005558849954539258,-0.0018428134737542567,-0.010736063727556644
2025-05-29,0.0040271734270873605,0.003692348608780316,-0.02004204497333195
2025-05-30,9.205080665708465e-06,0.0024524552188507354,-0.0165667826680439
2025-06-02,0.0042232970364628475,-0.002628408870770871,0.018449412674780286
2025-06-03,0.005815671841667314,-0.0007177677595950893,-0.003925519973857261
2025-06-04,0.00011528674874394795,0.00595162012151107,-0.006646891915636499
2025-06-05,-0.005196491982679019,-0.0025501319513524523,-0.02971530699063485
2025-06-06,0.010396931292244505,-0.005113550377716769,0.02706681383871179
2025-06-09,0.0010053210523000011,0.0012336128993195583,0.055325119591425276
2025-06-10,0.005516055176750356,0.0022586443540582035,-0.001125605305330235
2025-06-11,-0.002730888558086564,0.003380413991292075,-0.012976106786820929
2025-06-12,0.003833081957816953,0.00367544221178151,-0.0243617339941391
2025-06-13,-0.011129617072883513,-0.003560245146016827,0.0002437406015962651
2025-06-16,0.009556691363058256,-0.002041448308718441,0.01149835703205726
2025-06-17,-0.008321322079975935,0.0030684776720921736,-0.024388669241453442
2025-06-18,-0.0002753654669391814,0.0007140614051779348,0.0017678804923713098
2025-06-20,-0.002122014072412748,0.0009172364271599065,-0.014677595355281903
2025-06-23,0.00962473060145319,0.0020361257902030694,0.021515270310673795
2025-06-24,0.011143423362941496,0.00406422208339885,0.0044277834812112005
2025-06-25,5.223384570429701e-06,-0.00010121259693773865,0.012655234216413236
2025-06-26,0.008032000027857977,0.002732446692899959,-0.0027234723260119997
2025-06-27,0.005292065399573609,-0.0028258665707927566,0.000730157611013027
2025-06-30,0.005249602569669998,0.004048671692485906,0.00058027386527848
2025-07-01,-0.0010960833766859857,-0.0009204832423462816,-0.01480819986699955
2025-07-02,0.0047716367336392285,-0.001214666704663081,0.03183569111241824
2025-07-03,0.008496700536770874,-0.0020269878112482154,0.006472442440839554
2025-07-07,-0.007843679422504635,-0.0035543520102774284,-0.012612705375394162
2025-07-08,-0.0007102022413457698,-0.0004074901346107218,0.006533345149690506
2025-07-09,0.006074256142062584,0.004180173431770573,0.02257939676084031
2025-07-10,0.0028869597504386224,-0.0003046526841318231,0.04000381266449504
2025-07-11,-0.0032970587476114366,-0.004164040907749023,0.015056895870083187
2025-07-14,0.0014097557667640537,-0.00010208840315817369,0.019150806193342085
2025-07-15,-0.0038633023064178484,-0.0029580026131736936,-0.018021068117895167
2025-07-16,0.0031937405288842147,0.0014322293365534033,0.008659324341395713
2025-07-17,0.005385165937432879,0.0004085294994595756,0.006497723903257313
2025-07-18,-2.8755947571568186e-05,0.0018381234318354256,-0.01291323073810502
2025-07-21,0.0014228290914752861,0.0027520037723454127,-0.004459835690583613
2025-07-22,0.0006590653067182206,0.0019313800007680904,0.02244328953715269
2025-07-23,0.0078244829674885,-0.0022320623952207796,-0.011805131714448414
2025-07-24,0.0007062297954663066,-0.000610009704699821,-0.0023051316925389864
2025-07-25,0.0040272979037994094,0.001627712650412727,-0.0072388047794244015
2025-07-28,0.0001762608439299651,-0.0013203724416510632,0.004275555043668389
2025-07-29,-0.002954578674330466,0.005390525323126338,-0.0012816729767485269
2025-07-30,-0.0012435716853816947,-0.002832421013240438,-0.0011769374836670954
2025-07-31,-0.0036158520352345125,0.0005073423875980865,-0.016004938112653688
2025-08-01,-0.015950252947161236,0.008647773550667814,-0.022151337251488767
2025-08-04,0.01477588333031088,0.0008069603067932807,0.016929316923183668
2025-08-05,-0.004843371633388327,0.0003022855510810274,-0.009449420726870938
2025-08-06,0.007282753272543019,-0.0004031135345711201,0.008091374270946083
2025-08-07,-0.0007837912198405128,-0.0008063910519600093,0.020952248500606396
2025-08-08,0.007891832191148751,-0.0019164018191020205,-0.005996225633439045
2025-08-11,-0.0024047835604974477,0.0007075175006963086,0.017143597204989813
2025-08-12,0.011375820544489823,0.0,0.011893697044166984
2025-08-13,0.0032628942084602652,0.00363592736089835,0.02736776132658547
2025-08-14,0.0003389685431594014,-0.0028177432472545894,-0.03995707601716336
2025-08-15,-0.0026718674270108655,-0.0015137332733239361,-0.010117784054966994
2025-08-18,-2.4561895154762148e-05,-0.0011118940098870933,-0.00850980524513334
2025-08-19,-0.00577444497134838,0.001922461423580657,-0.029462015807062092
2025-08-20,-0.002406447454161076,0.0006059537009717175,0.012324098066127442
2025-08-21,-0.003875235316881942,-0.0023213351695106077,-0.016890652908929882
2025-08-22,0.01522925564982236,0.005563885416728143,0.03964387728439278
2025-08-25,-0.004246137504623881,-0.0015090126188808117,-0.05746051010269959
2025-08-26,0.00419759063941938,0.0012091795193840404,0.016402669053107832
2025-08-27,0.002393245349294526,0.0010062851594458966,-0.005746338632020231
2025-08-28,0.003181174795023667,0.0012063443538929963,0.01104557468134626
2025-08-29,-0.00630961178894085,-0.0013053050996155724,-0.03563105781715892
2025-09-02,-0.0067236519517487325,-0.0026530831381899045,0.024592374064048572
2025-09-03,0.005118799926100648,0.0036411129300244482,0.005756622054155169
2025-09-04,0.008436212303353896,0.00403105722272179,-0.007873540165771353
2025-09-05,-0.003027391156554149,0.004717339870710546,-0.0017078705715924958
2025-09-08,0.002160418780081663,0.0033967464303119588,0.012655284353881191
2025-09-09,0.002718727088163231,-0.0019911681329329856,-0.005582926499974161
2025-09-10,0.003012143602827866,0.0019951407937022214,0.021925111172335532
2025-09-11,0.008494482533979442,0.001891772345093301,0.013298117761678219
2025-09-12,-0.0004426255867298057,-0.0008946148603453663,0.006092564827105074
2025-09-15,0.004932088639828747,0.001691217894814523,-0.006269887185023193
2025-09-16,-0.001252400334053383,0.0003969127356853175,0.011938347881134792
2025-09-17,-0.000954100973429739,-0.0017864662724420555,-0.0019100307021194807
2025-09-18,0.004804568997107683,-0.002784158586839225,0.003762781104531765
2025-09-19,0.004888366983517356,0.0,-0.011981891970710645
2025-09-22,0.004491547702230703,-0.0011965989324831394,-0.024951177284461168
2025-09-23,-0.005502707285381936,0.0015974031758758667,-0.005990669637998658
2025-09-24,-0.002840474927725656,-0.0018938462939799283,0.011353887881430103
2025-09-25,-0.004998398693732309,-0.0013980967520824672,-0.03669348713022769
2025-09-26,0.005929347347523706,0.0007000270816304166,0.004605395355927078
2025-09-29,0.0026442689644763373,0.001898767083270636,0.04260123568303231
2025-09-30,0.004191007004435088,-9.997157406038681e-05,-0.0032306712516477765
2025-10-01,0.003450519122395246,0.0025520732704360505,0.03879494584285825
2025-10-02,0.0006291421395860919,0.001098107484840849,0.018289245779117502
2025-10-03,0.00016924007793961415,-0.0010969029674819941,0.01484368367096156
2025-10-06,0.0037200282596223655,-0.0021958978725158396,0.020239999371898465
2025-10-07,-0.0038045817815518523,0.001700521104369468,-0.025930451406544486
2025-10-08,0.005827351479181786,9.993548609177338e-05,0.014825955826901938
2025-10-09,-0.002721178401715929,-0.0011983922462887042,-0.014482658196307674
2025-10-10,-0.026982688918089304,0.004099161500499937,-0.06454165587488558
2025-10-13,0.015597946366720183,0.001891916192026999,0.01386666651239965
2025-10-14,-0.001549006819891452,0.0015902339367666052,-0.017386060432821537
2025-10-15,0.004102431894269065,-0.0003968484746471601,-0.021744202159976744
2025-10-16,-0.006291699239298731,0.003573369567359652,-0.02460537796332596
2025-10-17,0.005290914269348024,-0.0013847306035988938,-0.013958295297552104
2025-10-20,0.010685103999058088,0.0016837564736720267,0.03765116706785898
2025-10-21,3.615133064682752e-05,0.000989001850236093,-0.01753310799727048
2025-10-22,-0.0053217018725189025,-9.884954040850769e-05,-0.00950090389488234
2025-10-23,0.005841434588984784,-0.0017782122705590764,0.022228655023977195
2025-10-24,0.007947226095906812,0.0009895681906408882,0.0087588419456337
2025-10-27,0.012295426276448973,0.0006920914612922324,0.027586869862567864
2025-10-28,0.002292435462456943,0.0005926652477121763,-0.009703826465116472
2025-10-29,-3.724777411007185e-05,-0.004739611524067655,-0.02455585963615492
2025-10-30,-0.00989888481888379,-0.001885000992810748,-0.019841181394399277
2025-10-31,0.0026907491197325495,-0.0005967325203908302,0.014205885103389937
2025-11-03,0.0017826475202122882,-0.0012272746445863847,-0.02791710159467542
2025-11-04,-0.01172620222353793,0.0004996749107755161,-0.048321768771694584
2025-11-05,0.003658448748564691,-0.0026961697047058752,0.025319725823735872
2025-11-06,-0.011170773806921552,0.0037047719755294306,-0.025735344685306694
2025-11-07,0.0013648954880307596,-0.0003991101123794749,0.02160079095493117
2025-11-10,0.015528840672527355,-0.00039903246280370563,0.02566030770026062
2025-11-11,0.0020757026655446875,0.002995084116760083,-0.02929864195571752
2025-11-12,0.0006706702479455373,-0.00039815730310166497,-0.012549516077517753
2025-11-13,-0.01652684464065879,-0.0029874874575425148,-0.016195732345573255
2025-11-14,-0.0002909726946128677,-0.0011985282746410642,-0.055308096057608225
2025-11-17,-0.009065049202091169,0.0001999548320557043,-0.027418057196753276
2025-11-18,-0.008183216385974523,0.0005999028600567335,0.01006371185707522
2025-11-19,0.0037867796943893417,0.0,-0.01632937181455485
2025-11-20,-0.015426789635078153,0.0011990072893537373,-0.048282521286672764
2025-11-21,0.009899441092779737,0.0023953797871056892,-0.022589142980279364
2025-11-24,0.015480815186088348,0.001991025058322826,0.040372395483047496
2025-11-25,0.009125126204972966,0.0015898595074825828,-0.010670710738080125
2025-11-26,0.006923563024493484,0.0015873358664637571,0.03447980730376865
2025-11-28,0.005391384834644519,-0.0013866098881868405,0.0059795894504899305
2025-12-01,-0.005202742875720645,-0.004318709705684709,-0.049296445251248544
2025-12-02,0.002486775232124039,0.0012993794552320637,0.05807073412781172
2025-12-03,0.003013254857937575,0.0018961379174347037,0.02273696274391468
2025-12-04,0.0011481653871618924,-0.0023908989731404873,-0.014993211166709597
2025-12-05,0.0020895736914505747,-0.0010982875570377804,-0.03173081368705488
2025-12-08,-0.0033934508694938303,-0.0015995883144469536,0.015606099501658921
2025-12-09,-0.0008663528726633452,-0.0009012149296875327,0.02355391353476155
2025-12-10,0.0067823782038711755,0.003207034409669962,-0.007606189947793385
2025-12-11,0.0020904892502981998,0.00019981859466922103,0.005654432259188269
2025-12-12,-0.01060404995958042,-0.003096214828511079,-0.024746485725862244
2025-12-15,-0.0014282715770544963,0.0010018376641949267,-0.04404912219631785
2025-12-16,-0.0023458059460989,0.0019016891469543218,0.01621085059498739
2025-12-17,-0.011572020040732212,-0.0002997673039553117,-0.019291509398786988
2025-12-18,0.007945121668234245,0.002498363125087444,-0.007266588549985409
2025-12-19,0.008841371457639191,-0.001460313864841356,0.031999845418689166
2025-12-22,0.0064969176137441575,-0.0004004466665926687,0.0034750492703818914
2025-12-23,0.0045537854231476604,0.0,-0.0125286824916363
2025-12-24,0.0032239536789273604,0.002204284557424163,0.002972289229263625
2025-12-26,-0.00020894154472128612,0.00019986298928209578,-0.0033193812514737964
2025-12-29,-0.003460901573734021,0.0011997243982611039,-0.002304892937455838
2025-12-30,-0.00137364839129972,-0.0003995597854578037,0.014862041806990689
2025-12-31,-0.007280172534592233,-0.0023970602512145556,-0.010307924656315803
2026-01-02,0.002126751625091128,-0.0003003721780565627,0.02768836611808867
2026-01-05,0.006356854598099426,0.0019027974509129297,0.044567422533776435
2026-01-06,0.006270448064104039,-0.0001998230520494637,-0.003984041680344497
2026-01-07,-0.0034338945427105916,0.000999708067946914,-0.02527757276646181
2026-01-08,7.727238872301534e-05,-0.0017977559155186729,-0.0012283892919615624
2026-01-09,0.006517403340852823,0.002201433052105184,-0.006117802338116429
2026-01-12,0.0016618789745208584,-0.0004991945600197889,0.006644016525950036
2026-01-13,-0.0019206875891680797,0.0008988890083776457,0.04568022734247967
2026-01-14,-0.0053129382070770115,0.0014971429809218506,0.01825196567582621
2026-01-15,0.002605725738952236,-0.0012954640811405627,-0.01543478319113789
2026-01-16,-0.0005715889927460083,-0.0016963081169731886,-0.0005966727495619883
2026-01-20,-0.020593336490403513,-0.0037980656204438246,-0.07595175252922015
2026-01-21,0.011605976478574975,0.003310818317010522,0.015444829596003018
2026-01-22,0.005504352997686146,0.00019998159823275685,-0.002273019972890866
2026-01-23,0.0004167521408546815,0.00089993382192044,0.0004929896494980657
2026-01-26,0.00500598688843823,0.0014982530854485976,-0.012324688631843772
2026-01-27,0.004084160635400291,-0.0006980812648166301,0.01044773129690868
2026-01-28,-7.276506230502466e-05,-0.00039936164928822127,-0.0009252849754043391
2026-01-29,-0.0012784814656666699,0.0,-0.05222591835057566
2026-01-30,-0.004236159900205316,-0.0001996035568694321,-0.00595552431638946
2026-02-02,0.00543741617777882,-0.0011522299037549644,-0.06308759029145705
2026-02-03,-0.008396742349040975,0.00010025136752700448,-0.03851583670345815
2026-02-04,-0.005066662336186023,-0.0006017623917531356,-0.03421526813164921
2026-02-05,-0.012242775474562206,0.004315410774303752,-0.1313424703680951
2026-02-06,0.019736602597981934,0.0005996941371908537,0.1126552464204198
2026-02-09,0.004784879800087349,0.0002995890768273668,-0.00571280383833872
2026-02-10,-0.0032467561102680342,0.0028952908168426994,-0.02214148411876049
2026-02-11,-2.073042908445899e-05,-0.002289506809488029,-0.02473586220284807
2026-02-12,-0.015578292363762847,0.004489956589603938,-0.011467017918819433
2026-02-13,0.0006462777362199468,0.0031786053379514456,0.039855561800635986
2026-02-17,0.001163588029396534,9.919374424338656e-05,-0.02018259279576584
2026-02-18,0.005603853687635718,-0.0013862464207842207,-0.016160173463524052
2026-02-19,-0.0026848532418736193,0.00019825459791733557,0.008310325032444998
2026-02-20,0.006972201169925585,0.00019829300184204257,0.01561213695401964
2026-02-23,-0.01035565057345278,0.0019821484671540546,-0.04836020969608945
2026-02-24,0.007712771636514626,-9.885321739311337e-05,-0.008751924873248496
2026-02-25,0.008165860242867584,-0.0004946251099898769,0.06105025104721773
2026-02-26,-0.0053599643359132365,0.0015835215698181138,-0.007631818469471474
2026-02-27,-0.004245209353776702,0.0019762724921534858,-0.024513429221970418
2026-03-02,0.00048159613846188165,-0.003996619095708587,0.04643632596828673
2026-03-03,-0.009404980964547893,-0.0010926321219096868,-0.007130463644011487
2026-03-04,0.007771094168669945,-0.0003977341816361335,0.06190583585465581
2026-03-05,-0.00561058885309329,-0.0028847396008141457,-0.023119506452739857
2026-03-06,-0.013137368980350117,-0.001197130721576678,-0.03889029217649875
2026-03-09,0.008401225488650299,0.0031963309236626714,0.004423972627878969
2026-03-10,-0.0020256796288626866,-0.003285650824621844,0.019893688355599126
2026-03-11,-0.0008025222237793006,-0.004495011020145379,0.005819729302708465
2026-03-12,-0.015186195541011527,-0.0037126540179829304,0.0034073536780789837
2026-03-13,-0.0059267203526262024,-0.0008056444376378646,0.0055559445974013855
2026-03-16,0.010233282729780635,0.003930968881555863,0.053488560042498134
2026-03-17,0.0025313760984666533,0.002008195338714769,-0.008537341500360784
2026-03-18,-0.013603364124182504,-0.0042084685034693425,-0.038226590203401134
2026-03-19,-0.002690517377486712,0.0011067676134761673,-0.018315517323902908
2026-03-20,-0.015112622559727451,-0.00834247485880868,0.008027500278967814
2026-03-23,0.011514228124538395,0.0037501262278754055,0.0030604181258966356
2026-03-24,-0.003733519908401872,-0.002726435463971444,-0.0016428468639348992
2026-03-25,0.005458121151921125,0.003543936352672361,0.00950684750202635
2026-03-26,-0.017402463192679907,-0.005650068963277022,-0.03589055824065546
2026-03-27,-0.016693028373625185,-0.0001016500370008,-0.036505992918441144
2026-03-30,-0.003937880592002951,0.005074137133813439,0.0066007091890860625
2026-03-31,0.029223961462968573,0.0023222025459570528,0.02345997197738492
2026-04-01,0.007206338100715914,0.0006771862615650992,-0.001437388186614097
2026-04-02,0.0011946604716475129,0.002323278066296286,-0.017741563074555877
2026-04-06,0.004502381914067044,-0.0018138974065340374,0.027419540228139416
2026-04-07,0.0007681768472611594,0.0012114886135874414,0.04821167584235608
2026-04-08,0.025081616511394955,0.002621781256419542,-0.013490213491683334
2026-04-09,0.006233573884498966,0.000603390122024372,0.009898302519035118
2026-04-10,-0.0010377417548951273,-0.0017087309576885312,0.016108263100210296
2026-04-13,0.010173358147550493,0.0020136065260265568,0.023136242719770772
2026-04-14,0.011809304214386085,0.0026126393588938868,-0.006153293995863285
2026-04-15,0.008055020770300514,-0.0016034744000570367,0.007933510323036463
2026-04-16,0.002618267938640839,-0.0014053813959491457,0.004464563804732924
2026-04-17,0.012043844187318742,0.0037192705748794186,0.02688217878615129
2026-04-20,-0.002348941250674419,-0.00010014202385155713,-0.016862411443502312
2026-04-21,-0.006345322033280643,-0.003705859971517511,0.003868644469170901
2026-04-22,0.010476458820127155,0.0014074224565185922,0.029041824012350004
2026-04-23,-0.004119141879469046,-0.001606211005699909,-0.0010733011493320177
2026-04-24,0.00801514425899108,0.0014077054745311735,-0.010090467870187414
2026-04-27,0.0012382856800490227,-0.001506130084723667,-0.002427192081967733
2026-04-28,-0.004889006874462476,-0.00040221963212405676,-0.012436087127980389
2026-04-29,-0.000396663660784502,-0.004426666328214979,-0.006560295955005957
2026-04-30,0.010276935847199686,0.001414675815590849,0.006657513160147177
2026-05-01,0.002950587522614345,0.0013164137908490137,0.024024074427117403
2026-05-04,-0.004002833575264542,-0.003134615170306887,0.02167421899235933
2026-05-05,0.008147337738509508,0.001825654771595575,0.013913330344598629
2026-05-06,0.014589207543717286,0.004252491182652252,0.005286415353014995
2026-05-07,-0.0037965246247168016,-0.002419716365077873,-0.016906874167666675
2026-05-08,0.008576463938861911,0.0023243986001995065,0.002383997354447054
2026-05-11,0.0019646188859308023,-0.002621395776451485,0.01914511904804317
2026-05-12,-0.0015687077964258167,-0.0029317816428805488,-0.014552808900707093
2026-05-13,0.00588870538316888,0.0004055890070742141,-0.01532000493330965
2026-05-14,0.0076784936605598375,-0.0003040290974332116,0.023759247142316253
2026-05-15,-0.012176323870413452,-0.006285519863740929,-0.02602267954767956
2026-05-18,-0.0006751531254135523,-0.00010190949249311299,-0.026402899330958407
2026-05-19,-0.0066127959142591175,-0.003877152572395959,-0.002188350109681547
2026-05-20,0.01081606259978174,0.0060431969931169505,0.007821001310262199
2026-05-21,0.0018377804891736016,0.0012216880124906737,0.00241852969085965
2026-05-22,0.003785546156277908,0.0010170415629511265,-0.026133552891237644
